"FEEDBACK_ID","MERCHANT_ID","FEEDBACK_DATE","RATING","FEEDBACK_THEME","FEEDBACK_TEXT"
"FB-000001",746736,"2025-06-04",3,"fees_transparency","Hi, I'm quite new to accepting cards and I noticed a €47.50 charge on my June statement labeled ""scheme fees"" – could you explain what that covers exactly?"
"FB-000002",1196931,"2025-07-19",2,"fees_transparency","We just started taking card payments last month and the invoice shows interchange at €89.20 and something called acquirer margin at €34.80, but I'm not sure what the difference is between these two?"
"FB-000003",12321,"2025-08-26",3,"fees_transparency","Hello, I saw a €12 monthly charge for the terminal on my statement but I thought the rental was €8 – is there VAT on top or is this a different fee?"
"FB-000004",1507,"2025-07-24",3,"fees_transparency","I'm trying to understand my first statement and there are about six different line items with percentages and fixed amounts – is there a guide that explains what each one means?"
"FB-000005",7520,"2025-07-27",2,"fees_transparency","Quick question: we processed around 340 transactions in June and the total fees came to €287, but when I try to calculate it using the rate you quoted me I get a different number – what am I missing?"
"FB-000006",4601,"2025-06-26",3,"fees_transparency","Could someone help me understand the €3.50 charge that appears every week on Mondays? I can't find any mention of it in my contract."
"FB-000007",84658,"2025-08-14",3,"fees_transparency","We've been accepting Visa and Mastercard for two months now and I notice the fees vary quite a bit per transaction – is that normal or should they be consistent?"
"FB-000008",57236,"2025-06-02",3,"fees_transparency","There's a line on my statement saying ""cross-border interchange"" for €23.40 and I'm not sure what transactions that relates to – can you clarify?"
"FB-000009",1929939,"2025-08-16",3,"fees_transparency","I'm new to this and trying to reconcile my accounts, but I don't understand why some transactions cost me 1.2% and others cost nearly 2.8% when I thought my rate was fixed?"
"FB-000010",1053216,"2025-08-20",3,"fees_transparency","Just received my July statement and there's a €15 gateway fee I wasn't expecting – is that charged every month or just the first one?"
"FB-000011",310223,"2025-09-12",3,"fees_transparency","Hi, we only started taking cards three weeks ago and I see charges for ""Mastercard assessments"" and ""Visa scheme fees"" separately – are these both necessary?"
"FB-000012",320649,"2025-08-06",3,"fees_transparency","Could you break down the difference between what you charge and what goes to the card companies? I'm looking at my statement and honestly can't tell which is which."
"FB-000013",802,"2025-09-03",2,"fees_transparency","I was quoted 1.5% when I signed up but my effective rate last month was 2.1% according to my calculations – what additional fees am I not accounting for?"
"FB-000014",1936227,"2025-07-23",2,"fees_transparency","There's a €6.20 charge on my statement from the 14th of last month labeled ""PCI compliance"" – is this an annual thing or monthly, and what exactly is it for?"
"FB-000015",801708,"2025-07-12",3,"fees_transparency","We processed our first American Express transaction last Tuesday and the fee was much higher than for Visa – is that expected and should I have been told about different rates for different cards?"
"FB-000016",4333,"2025-06-04",3,"fees_transparency","I'm quite confused by my June invoice because there are authorization fees listed separately at €0.08 each – I thought that was included in the percentage rate?"
"FB-000017",1668331,"2025-06-05",2,"fees_transparency","Hello, I've been accepting payments for five weeks and just got charged €28 for something called ""terminal support"" but nobody mentioned this when I signed up – is this standard?"
"FB-000018",1228771,"2025-08-08",3,"fees_transparency","Can someone explain why I'm seeing both a percentage fee and a fixed fee per transaction? I assumed it would be one or the other."
"FB-000019",5528,"2025-07-05",2,"fees_transparency","My statement shows €156 in interchange fees and €67 in acquirer fees for June – which part of this is your profit and which goes elsewhere?"
"FB-000020",27176,"2025-08-26",3,"fees_transparency","I noticed a €4.90 charge every Friday and I think it might be related to my payment gateway but I'm not certain – could you check what this is?"
"FB-000021",247260,"2025-06-07",2,"fees_transparency","We're a small café and just started with card payments, and I'm seeing charges for ""blended rate"" and ""interchange++"" on different transactions – I thought I was on one pricing model?"
"FB-000022",8789,"2025-09-25",2,"fees_transparency","There's a debit of €31.20 labeled ""monthly minimum"" on my statement but we processed over €8,000 last month so I'm not sure why this applies?"
"FB-000023",365500,"2025-06-06",3,"fees_transparency","Quick question about my Clover Flex – is the €9.50 monthly charge just for the rental or does that include something else like insurance?"
"FB-000024",426364,"2025-06-14",3,"fees_transparency","I'm trying to understand my costs better and I see that business credit cards seem to cost me more than regular ones – is there a way to know in advance which transactions will be more expensive?"
"FB-000025",82339,"2025-09-12",3,"fees_transparency","Could you help me understand the difference between domestic and international interchange? My statement shows both and I'm not sure which of my customers' cards fall into which category."
"FB-000026",28025,"2025-09-19",2,"fees_transparency","We run three coffee shops in Dublin and the fees at our Grafton Street location are consistently €140 higher per month than the other two, even though transaction volumes are similar. Can someone explain what's driving this difference?"
"FB-000027",31466,"2025-09-27",2,"fees_transparency","I've got four restaurants across Amsterdam and Rotterdam, and I'm seeing a €2.50 ""gateway fee"" on two of the statements but not the others. All locations process roughly the same number of transactions—around 1,800 per month—so why the inconsistency?"
"FB-000028",23630,"2025-07-07",2,"fees_transparency","Our two petrol stations in Bavaria show completely different interchange rates for what look like identical Mastercard transactions. One site shows 0.3% and the other shows 0.8%. Both are chip and PIN, both weekday mornings, so what gives?"
"FB-000029",1916,"2025-06-18",3,"fees_transparency","I operate five retail shops in Lisbon and Porto, and the ""scheme fees"" line item varies wildly between them—from €18 to €67 last month. Nobody has explained to me what this actually covers or why it's so different when we're all selling similar products."
"FB-000030",1256054,"2025-06-11",2,"fees_transparency","My two bakeries in Brussels process about €45,000 monthly each, but one statement shows €340 in fees and the other shows €490. When I called, they mentioned something about ""blended versus interchange-plus"" but I still don't understand why we have different pricing models."
"FB-000031",1112687,"2025-08-22",3,"fees_transparency","We've got six pharmacies across Greece and I've noticed our Athens locations get charged €8.50 per terminal monthly while the island locations pay €12.50. Is this a regional thing or are we on different contracts somehow?"
"FB-000032",259524,"2025-07-11",2,"fees_transparency","Running four clothing boutiques in Milan and Florence, and I'm baffled by a €45 ""authorization fee"" that appeared on only one location's statement in June. We process between 600-800 transactions per site, so why just the one charge?"
"FB-000033",1754398,"2025-08-08",3,"fees_transparency","I manage three hair salons in Vienna and the acquirer margin seems to be 0.4% at two locations but 0.65% at the third. All three have been with you for over two years, so shouldn't we have consistent pricing?"
"FB-000034",290390,"2025-09-25",2,"fees_transparency","Our two hardware stores in Cork and Galway both use the same Clover Flex, but one gets charged €3.20 per month for ""PCI compliance"" and the other doesn't show this charge at all. What's the logic here?"
"FB-000035",103906,"2025-08-05",2,"fees_transparency","I've got seven convenience stores across Spain—three in Madrid, two in Barcelona, two in Valencia—and the interchange fees on Visa debit cards range from €0.08 to €0.22 per transaction depending on location. Aren't these rates set by Visa centrally?"
"FB-000036",9921,"2025-07-23",2,"fees_transparency","My two gyms in Eindhoven and Utrecht processed almost identical volumes last month (around €38,000 each) but the total fees differed by €180. The breakdown mentions ""intra-regional"" versus ""cross-border"" but both are in the Netherlands, so I'm confused."
"FB-000037",102376,"2025-08-24",3,"fees_transparency","We operate four pizza delivery shops in Berlin and I've noticed weekend Mastercard transactions at our Kreuzberg location incur higher fees than weekday ones, but this pattern doesn't show up at the other three sites. Is there a time-based pricing structure I wasn't told about?"
"FB-000038",4932,"2025-07-01",2,"fees_transparency","Running three bookshops in Paris and Lyon, and one statement shows a €28 ""chargeback handling fee"" even though we haven't had any chargebacks in six months. The other two locations don't have this charge. Can you clarify?"
"FB-000039",16181,"2025-09-09",2,"fees_transparency","I manage five mobile phone shops across Ireland and the ""scheme fees"" explanation on the statement just says ""Visa and Mastercard assessments"" without any breakdown. When I compare locations, these fees seem random—€34 at one, €89 at another with similar turnover."
"FB-000040",145294,"2025-09-17",2,"fees_transparency","Our two garden centers in Antwerp and Ghent both processed around 1,200 transactions in July, but one shows €156 in total fees and the other €203. I need a proper line-by-line comparison to understand where the €47 difference comes from."
"FB-000041",90862,"2025-09-17",2,"fees_transparency","I've got three dental practices in Munich, Stuttgart and Frankfurt, and only the Frankfurt location shows a €15.50 monthly ""gateway maintenance fee"" on the statement. We use the same payment setup at all three, so this makes no sense."
"FB-000042",43841,"2025-06-04",3,"fees_transparency","Running four butcher shops across Portugal and the acquirer margin is supposedly 0.5%, but when I calculate it from the statement figures, I'm getting different percentages at each location—ranging from 0.48% to 0.71%. Which number is actually correct?"
"FB-000043",1900,"2025-09-28",3,"fees_transparency","My two electronics stores in Athens process a lot of high-value transactions, and I've noticed the interchange rate jumps significantly on purchases over €500 at one location but not the other. Is there a threshold I should know about?"
"FB-000044",1244758,"2025-09-24",3,"fees_transparency","We operate six cafés across Austria and I'm seeing a ""cross-border acquiring fee"" of €0.15 per transaction at our Salzburg location for certain tourist cards, but this doesn't appear on statements from our Vienna locations despite serving plenty of tourists there too."
"FB-000045",134189,"2025-07-28",3,"fees_transparency","I manage three auto repair shops in Bordeaux, Toulouse and Marseille, and the terminal rental charges are €8.50, €11.00 and €8.50 respectively. The middle one has the exact same Clover Station Duo as the others, so why the premium?"
"FB-000046",1284940,"2025-09-23",2,"fees_transparency","Our four fashion stores in Rotterdam, The Hague, Utrecht and Groningen all process between €52,000 and €61,000 monthly, but the total fee percentages range from 1.1% to 1.6%. I need someone to explain this spread because it's costing us real money."
"FB-000047",6352,"2025-09-22",3,"fees_transparency","Running two organic food shops in Dublin city center and one in the suburbs, and the suburban location consistently shows lower interchange fees on the same card types. Is there a geographic component to interchange that I wasn't aware of?"
"FB-000048",1627945,"2025-09-09",2,"fees_transparency","I've got five betting shops across Belgium and the ""scheme fees"" doubled at two locations in June with no explanation on the statement. The other three stayed flat. Transaction counts were actually down that month, so what triggered the increase?"
"FB-000049",622202,"2025-06-19",2,"fees_transparency","My three optician practices in Hamburg, Hanover and Bremen all use the same payment gateway, but only Hamburg shows a €22 ""integration fee"" each month. We've been processing payments the same way for eighteen months, so why the sudden charge at one location?"
"FB-000050",70123,"2025-08-22",3,"fees_transparency","We operate four hotels in Greece and I'm trying to reconcile why our Santorini property pays €0.32 per Visa transaction in interchange while our Athens hotels pay €0.19 for the same card type. Both are standard consumer credit cards processed with chip and PIN during business hours."
"FB-000051",1790780,"2025-09-26",3,"fees_transparency","We've been processing card payments for three years now, but I still struggle to reconcile our monthly statement with what we actually expected to pay. The breakdown between interchange, scheme fees, and your margin isn't clear enough for us to properly forecast our payment costs, which makes budgeting for our café extremely difficult."
"FB-000052",602753,"2025-06-18",3,"fees_transparency","Last month we noticed an additional €47.80 charge that wasn't explained anywhere in the statement documentation. After spending two hours going through the line items, we still can't determine whether this relates to our terminal rental or some kind of processing fee we weren't aware of."
"FB-000053",28191,"2025-06-12",3,"fees_transparency","Our bakery processes roughly 800 transactions per month, and while we understood the headline rate of 1.2%, our effective rate seems to be closer to 1.8%. I need a clearer explanation of what drives this difference because it's affecting our margin calculations on every product we sell."
"FB-000054",69042,"2025-07-26",3,"fees_transparency","The statement shows separate line items for Mastercard and Visa scheme fees, but there's no explanation of how these are calculated or why they vary month to month. This unpredictability makes it challenging to provide accurate financial reports to our board."
"FB-000055",117206,"2025-09-26",3,"fees_transparency","We were charged €12.50 for something labeled as a gateway fee in week three of last month, but we don't recall this being mentioned in our original contract. Could you provide a breakdown of what this covers and whether it's a recurring charge?"
"FB-000056",28802,"2025-08-24",3,"fees_transparency","As a small restaurant operating on tight margins, every euro matters. The difference between what we thought we'd pay based on the rate card and what actually appears on our statement is consistently around €150-200 per month, and we need to understand where this gap comes from."
"FB-000057",76095,"2025-08-06",3,"fees_transparency","I've compared our statements from June and July, and the interchange fees seem to have increased despite our transaction volume remaining stable at around 1,200 payments per month. Without understanding the mechanics behind these fluctuations, we can't properly manage our cost base."
"FB-000058",37884,"2025-06-10",3,"fees_transparency","The terminal we lease shows a monthly charge of €29, but our statement also includes a separate €15 charge labeled as equipment maintenance. We need clarification on whether these are distinct services or if there's been a billing error."
"FB-000059",1964151,"2025-07-15",2,"fees_transparency","Our pharmacy processes a mix of debit and credit cards, and I understand these have different costs, but the statement doesn't clearly separate them. This makes it impossible for us to analyze whether encouraging debit card usage would actually reduce our fees."
"FB-000060",538745,"2025-09-18",3,"fees_transparency","We recently started accepting American Express after customer requests, but the first statement with these transactions was significantly higher than anticipated. A clearer upfront explanation of how Amex fees differ from Visa and Mastercard would have helped us make a more informed decision."
"FB-000061",2206,"2025-08-18",3,"fees_transparency","There's a line item for €8.30 appearing every Tuesday on our statement, but no description of what service this relates to. These small unexplained charges add up over the year and impact our ability to accurately forecast operating costs."
"FB-000062",18644,"2025-08-01",2,"fees_transparency","The interchange rates seem to vary significantly depending on the card type, but our statement groups everything together under broad categories. For a business like ours processing 2,000 transactions monthly, we need granular data to understand our true cost structure."
"FB-000063",108,"2025-06-17",2,"fees_transparency","We were quoted a blended rate when we signed up, but the actual statement shows multiple different percentage charges and fixed fees. The lack of transparency here has made it difficult to trust the original pricing we were given."
"FB-000064",1794473,"2025-06-11",2,"fees_transparency","Our hotel processes both in-person and online bookings, and we've noticed the gateway charges for online transactions add approximately €0.15 per payment. This wasn't clearly communicated during onboarding, and it's affecting the profitability of our direct booking channel."
"FB-000065",8,"2025-07-15",2,"fees_transparency","I spent an entire morning trying to reconcile a €94 discrepancy between our expected fees and the actual statement. Eventually I found it was related to cross-border interchange, but this should be clearly labeled and explained in the documentation."
"FB-000066",1349316,"2025-08-24",3,"fees_transparency","The scheme fees increased by €23 between June and June despite our transaction count only rising by 4%. Without understanding the formula behind these charges, we can't determine if this is correct or if there's been an error."
"FB-000067",3306,"2025-09-08",3,"fees_transparency","We operate three retail locations across Belgium, and each terminal seems to have different associated fees on the statement. A consolidated view with clear per-terminal breakdowns would help us understand the true cost of each location's payment acceptance."
"FB-000068",974289,"2025-09-06",3,"fees_transparency","Our wine shop processes about 450 transactions per month, mostly on Friday and Saturday evenings. The statement shows our effective rate at 2.1%, but we were quoted 1.5%, and the explanation of additional fees doesn't provide enough detail to understand this difference."
"FB-000069",1996636,"2025-09-15",2,"fees_transparency","There's a quarterly fee of €45 that appeared for the first time in June, labeled only as a service charge. This wasn't mentioned in our contract discussions, and we need clarification on what this covers and whether it will recur."
"FB-000070",573191,"2025-07-08",3,"fees_transparency","The distinction between your acquirer margin and the pass-through costs isn't clear on the statement. As a business owner trying to negotiate better rates, I need to understand which components are within your control and which are set by the card schemes."
"FB-000071",1442832,"2025-06-16",3,"fees_transparency","We've been charged €6.50 for PCI compliance every month, but we're not clear on what this fee includes or whether we're also paying for this service through another provider. The statement needs better descriptions to avoid this kind of confusion."
"FB-000072",930540,"2025-09-09",2,"fees_transparency","Our gym processes a lot of recurring membership payments, and we've noticed these seem to attract different fees than our point-of-sale transactions. A clearer breakdown of how different transaction types are priced would help us optimize our payment mix."
"FB-000073",1,"2025-09-26",3,"fees_transparency","Last Thursday we noticed a chargeback fee of €15 on the statement, which was our first chargeback in eighteen months of processing. While we accept this fee exists, it would be helpful if the statement linked it clearly to the specific disputed transaction."
"FB-000074",1206566,"2025-06-20",3,"fees_transparency","The monthly statement runs to seven pages, but there's no executive summary showing our total volume, transaction count, and effective rate. For a busy retail manager, this would make the document far more useful for quick business decisions."
"FB-000075",322423,"2025-08-15",2,"fees_transparency","We switched from another acquirer specifically because we were promised clearer pricing, but three months in, we're still struggling to understand the statement format. The impact on our bookkeeping process has been significant, requiring additional accountant hours each month to reconcile everything properly."
"FB-000076",72130,"2025-08-16",3,"fees_transparency","I contacted you three weeks ago about the €47.50 charge appearing every month and still haven't received a proper explanation. Can someone please tell me what ""scheme assessment fee"" actually means and why it keeps changing?"
"FB-000077",1530872,"2025-09-16",3,"fees_transparency","This is my second email about the terminal rental charge. Last month you said the Clover Flex 5000 was €19 per month but I've been billed €27.80 in June and again in July - what are these extra fees?"
"FB-000078",77223,"2025-08-14",3,"fees_transparency","I raised this issue on the phone two weeks ago and was told someone would call back. I still don't understand the difference between what you call your ""merchant service charge"" and the ""interchange fee"" - they both just look like you taking money from my account."
"FB-000079",332384,"2025-09-09",2,"fees_transparency","Following up on my complaint from 15th June. The €156.30 in ""miscellaneous processing fees"" has appeared again on this month's statement and nobody has explained what transactions these relate to or why they weren't mentioned when we signed the contract."
"FB-000080",386779,"2025-06-10",3,"fees_transparency","I've now called twice about the Mastercard charges being completely different from the Visa charges. Your support person last time said they'd send a breakdown but I never received it - I just want to know why Mastercard costs me nearly double per transaction."
"FB-000081",956208,"2025-07-19",2,"fees_transparency","Second time chasing this. The gateway fee of €89 monthly was never discussed during onboarding and when I called on the 4th of last month I was promised a manager would review my account, but nothing has happened."
"FB-000082",4528,"2025-08-17",2,"fees_transparency","I emailed about this three weeks ago with no response. Every weekend my statements show higher percentage fees than weekdays - is this the interchange rate changing or are you adding extra charges on Saturdays and Sundays?"
"FB-000083",1834196,"2025-06-03",2,"fees_transparency","This is a follow-up to my query from early July. I processed 847 transactions last month and was charged €12.40 in ""authorization fees"" that don't appear in my pricing schedule - I need someone to actually explain this properly this time."
"FB-000084",1895918,"2025-09-11",2,"fees_transparency","I'm writing again because the issue from my call on 22nd July is still not resolved. The €3.20 per day ""terminal connectivity charge"" adds up to €96 monthly but my contract says €45 for communications - which is correct?"
"FB-000085",137278,"2025-08-23",2,"fees_transparency","Chasing my complaint from two months ago about cross-border fees. I have customers from Germany and Netherlands and these transactions are being charged an extra 0.85% that was never explained when I signed up for pan-European processing."
"FB-000086",1231613,"2025-08-01",2,"fees_transparency","I called your helpline on a Tuesday morning three weeks back about the difference between ""blended rate"" and ""interchange plus"" pricing and was told I'm on blended, but my statement shows separate interchange lines totaling €340 last month. What am I actually paying for?"
"FB-000087",7832,"2025-08-08",3,"fees_transparency","Following my previous contact in June: I'm still seeing a €15.50 ""PCI compliance fee"" quarterly even though I was assured this was included in my package. This has now appeared twice and I want it refunded and removed."
"FB-000088",101276,"2025-09-06",3,"fees_transparency","This is my third attempt to get clarity on the €2.30 charge that appears every time I process an American Express card. Your email last month said it was ""scheme fees"" but didn't explain why it's ten times higher than Visa transactions."
"FB-000089",1389780,"2025-08-21",2,"fees_transparency","I submitted a written complaint four weeks ago about unexpected charges totaling €203 in June. The statement just says ""interchange adjustment"" but gives no detail about which transactions or why there was an adjustment at all."
"FB-000090",12955,"2025-09-24",3,"fees_transparency","Returning to the issue I raised by phone on 18th July. The Clover Station Duo terminal was supposed to be €22 monthly but I'm being charged €22 rental plus €18.90 ""device management fee"" - this was absolutely not in the original quote."
"FB-000091",13187,"2025-06-07",2,"fees_transparency","I'm still waiting for someone to explain the €67.80 ""scheme fee assessment"" from last month's invoice. When I called two weeks ago the agent said these are Visa and Mastercard charges but couldn't tell me the rate or how it's calculated."
"FB-000092",165259,"2025-06-10",3,"fees_transparency","Second request for clarification: my pricing was quoted as 1.2% but last month I paid €890 in fees on €52,000 turnover which is 1.71%. The statement has five different fee categories and I can't work out what I'm actually being charged."
"FB-000093",197334,"2025-07-12",3,"fees_transparency","I raised this during our review call in late June and was promised a detailed breakdown. I'm seeing ""acquirer markup"" of 0.35% plus ""processing margin"" of €0.08 per transaction - aren't these the same thing?"
"FB-000094",1904036,"2025-07-06",3,"fees_transparency","Following up from my email of 9th July. The Saturday evening transactions from my restaurant are being charged 1.95% while weekday lunchtimes are 1.45% - I need to understand if this is interchange variation or something you're adding."
"FB-000095",2837,"2025-07-19",2,"fees_transparency","This is the second month I've queried the €44 ""gateway maintenance charge"" that suddenly appeared in June. Your chat agent last time said it was for my online payments but I was told the gateway was 2.4% per transaction with no monthly fee."
"FB-000096",348100,"2025-06-27",2,"fees_transparency","I'm chasing the complaint I made three weeks ago about business card surcharges. Corporate Visa cards are costing me an extra 0.60% and this was never mentioned in any of the paperwork - I need a full explanation and ideally a refund."
"FB-000097",644716,"2025-06-17",2,"fees_transparency","Writing again about the issue from my call on 2nd May. I don't understand why ""scheme fees"" are listed separately at €127.40 when I thought I was paying a simple all-in rate of 1.5% - what exactly is included in my percentage?"
"FB-000098",841168,"2025-07-04",3,"fees_transparency","Second follow-up on the terminal charges. I have three Clover Flex 5000 units and I'm being billed €35.90 each but also a single ""estate management fee"" of €28 monthly - nobody explained this additional charge when I took the extra terminals."
"FB-000099",1318197,"2025-08-08",3,"fees_transparency","I contacted support two weeks ago about debit card fees versus credit card fees. My statement shows ""regulated debit interchange"" at 0.2% but then ""acquirer debit margin"" and ""processing fee"" on top - why isn't this just one clear charge?"
"FB-000100",1290730,"2025-08-20",3,"fees_transparency","This is my second complaint about the €178 in ""assessment and network fees"" that appeared in July and again in May. When I called last month I was told someone from finance would break this down by card scheme but I've heard nothing back."
"FB-000101",18120,"2025-06-15",2,"fees_transparency","Monthly statement shows €47.80 ""scheme fee"" that wasn't in the original pricing sheet. Need to ask what this covers."
"FB-000102",19762,"2025-07-21",2,"fees_transparency","Charged €12 for PCI compliance in June but thought that was included in our package. Statement doesn't explain the breakdown."
"FB-000103",439710,"2025-08-26",3,"fees_transparency","Three different percentage rates on the invoice - 0.28%, 0.95%, and 1.84%. Which one is interchange and which is your margin?"
"FB-000104",454684,"2025-08-22",3,"fees_transparency","Terminal rental went from €19 to €24.50 without notice. Statement just says ""equipment fee"" with no explanation of the increase."
"FB-000105",411463,"2025-08-12",3,"fees_transparency","Processed 340 Visa transactions and 89 Mastercard in June. Why are the rates different for each scheme? Statement doesn't clarify."
"FB-000106",224480,"2025-08-03",2,"fees_transparency","Gateway charge of €8.50 appeared this month. We've had the same setup for eight months - is this new or did I miss it before?"
"FB-000107",1105260,"2025-09-11",2,"fees_transparency","Statement lists ""acquirer service fee"" at €35 and ""processing fee"" at €22. Aren't these the same thing?"
"FB-000108",654867,"2025-08-19",2,"fees_transparency","Maestro transactions seem to cost more than Visa Debit. Statement shows 1.12% versus 0.81% but no explanation why."
"FB-000109",429982,"2025-07-02",3,"fees_transparency","Weekend transactions on Saturday 14th June charged at higher rate. Is this normal? Statement doesn't mention anything about day-of-week pricing."
"FB-000110",2565,"2025-07-04",3,"fees_transparency","Invoice shows €156.30 in interchange but the contract said blended rate. Confused about what we actually agreed to."
"FB-000111",4785,"2025-07-02",3,"fees_transparency","Ingénico Move 5000 terminal - being charged €2.50 per month ""maintenance"" that wasn't mentioned at signup."
"FB-000112",1125881,"2025-06-23",2,"fees_transparency","American Express transactions cost us €18.40 in fees on just four sales totaling €420. That's over 4% - is that right?"
"FB-000113",216276,"2025-07-20",3,"fees_transparency","Statement has ""cross-border fee"" of €31.20. We're in Dublin and most customers are local. What triggers this charge?"
"FB-000114",45801,"2025-09-16",3,"fees_transparency","Chargeback fee of €15 appeared in July statement. Fair enough, but it wasn't in the fee schedule we received."
"FB-000115",386615,"2025-07-24",3,"fees_transparency","Online gateway shows different fee structure than the paper statement. One says 1.1%, the other shows 1.3% plus €0.08 per transaction."
"FB-000116",740745,"2025-07-22",3,"fees_transparency","Processed €24,680 in card payments last month. Total fees were €387.50 but can't work out how that number was calculated from the rates given."
"FB-000117",393516,"2025-06-15",2,"fees_transparency","PAX A920 terminal charge is €28 monthly but sales agent said €22. Statement offers no detail on what the €28 includes."
"FB-000118",4478,"2025-06-17",2,"fees_transparency","Interchange listed as €94.20, scheme fees €47.10, acquirer margin not shown separately. Need full breakdown to understand total cost."
"FB-000119",416215,"2025-06-01",2,"fees_transparency","Contactless transactions under €50 - are these charged differently? Statement groups everything together so impossible to tell."
"FB-000120",617,"2025-09-04",3,"fees_transparency","Thursday evening batch settlement on 6th May shows extra €3.20 fee. No explanation on statement for this charge."
"FB-000121",247935,"2025-09-02",3,"fees_transparency","V Pay cards from German tourists charged at 1.65%. Thought all debit cards were same rate. Statement doesn't explain the difference."
"FB-000122",3,"2025-07-28",3,"fees_transparency","Authorization fee of €0.02 per transaction adds up - that's €6.80 extra this month on 340 transactions. Wasn't aware of this charge."
"FB-000123",1,"2025-06-25",2,"fees_transparency","Statement shows ""regulatory assessment"" of €8.15. What regulation and why wasn't this in the original pricing discussion?"
"FB-000124",56149,"2025-06-20",3,"fees_transparency","Refunded a €180 transaction on 22nd July. Statement shows we were still charged the processing fee. Is that standard?"
"FB-000125",2026,"2025-08-04",3,"fees_transparency","Monthly minimum fee of €25 applied even though we processed €8,400. Statement doesn't explain what triggers this or how it's calculated."
"FB-000126",1137101,"2025-07-17",2,"fees_transparency","We process roughly 1,200 Mastercard transactions per month on our Clover Flex terminals and I've noticed that the interchange rate seems to fluctuate between 0.8% and 1.3% depending on the card type, but your monthly statement doesn't break down which transactions triggered the higher rate. Can you provide a CSV export that maps each transaction to its specific interchange category so I can reconcile this properly?"
"FB-000127",930087,"2025-06-03",2,"fees_transparency","I was charged €47.50 for ""gateway services"" on my June statement but we only started using the online checkout integration on June 23rd, so I don't understand why I'm being billed for the full month when we only had 8 days of e-commerce activity."
"FB-000128",166152,"2025-07-09",2,"fees_transparency","Our Clover Station Duo terminal is showing ""Interchange++"" pricing on the merchant receipt but the monthly statement groups everything under ""card processing fees"" at 1.95% flat. Which one is correct? I need to know if I'm actually on a blended rate or if the terminal display is just misleading."
"FB-000129",26423,"2025-08-10",3,"fees_transparency","Last Tuesday between 14:00 and 16:00 we processed 23 Visa Debit transactions averaging €12 each, and I calculated the interchange should be around €0.05 per transaction based on the EEA consumer debit rate, but the statement shows €0.09 per transaction. What am I missing here?"
"FB-000130",357528,"2025-09-08",3,"fees_transparency","The Payone gateway is adding a €0.12 authorization fee on every single transaction, which wasn't mentioned in our contract, and when I multiply that by our 890 monthly transactions it's an extra €106.80 that I didn't budget for."
"FB-000131",203696,"2025-06-04",3,"fees_transparency","I received a charge labeled ""Scheme Fee - Mastercard"" for €18.20 but I have no idea what this covers or how it's calculated. Is this per transaction, a percentage of volume, or some kind of monthly membership fee?"
"FB-000132",1560436,"2025-08-06",3,"fees_transparency","Our weekend transactions on the Clover Flex seem to carry a higher effective rate than weekday transactions—I'm seeing 1.87% on Saturday and Sunday versus 1.65% Monday through Friday for similar ticket amounts on domestic Visa cards. Is there a time-of-day or day-of-week surcharge I wasn't told about?"
"FB-000133",1,"2025-06-18",3,"fees_transparency","The statement shows ""Acquirer Margin: 0.45%"" but then there's also a ""Service Fee: €35/month"" and a ""PCI Compliance Fee: €8/month"" and I don't understand if the 0.45% is supposed to cover your services or if all these fees are stacked on top of each other."
"FB-000134",1091006,"2025-07-02",3,"fees_transparency","We upgraded our terminal firmware on the 12th of last month and immediately started seeing a ""Terminal Management Fee"" of €4.50 per device per month, which was never mentioned during the upgrade process. Is this a new charge or was it always there and I just didn't notice?"
"FB-000135",846159,"2025-09-09",2,"fees_transparency","I'm comparing two transactions from the same day: one Mastercard consumer credit for €45.80 and one Mastercard consumer debit for €44.20, but the interchange on the credit card transaction is nearly triple that of the debit. Can you explain why the difference is so extreme when the ticket amounts are almost identical?"
"FB-000136",45579,"2025-09-06",3,"fees_transparency","Our Worldline Yomani XR terminal is configured for contactless and we process about 70% of transactions via NFC, but I can't find any breakdown on the statement showing whether contactless transactions have different interchange rates than chip-and-PIN. Do they, and if so, where is that disclosed?"
"FB-000137",420443,"2025-06-17",2,"fees_transparency","There's a line item for ""Cross-Border Interchange Uplift"" totaling €67.30 in June, but we're a small café in Dublin and I can't imagine we had that many foreign cards. Can you provide a list of which specific transactions triggered this charge so I can verify it's accurate?"
"FB-000138",14836,"2025-08-10",3,"fees_transparency","The contract says ""Interchange + 0.40% + €0.08"" but when I reverse-engineer the fees from my statement, I'm getting an effective margin closer to 0.65% per transaction. Are there additional passthrough fees embedded in the rate that aren't being itemized separately?"
"FB-000139",4343,"2025-06-22",3,"fees_transparency","I was charged €22 for ""Chargeback Administration"" even though we only had one chargeback this month for €89, and I won the dispute. Why am I paying an admin fee for a chargeback that was reversed in my favor?"
"FB-000140",52852,"2025-07-28",3,"fees_transparency","Our our previous provider Air terminal shows the customer a total that includes the transaction amount, but on the statement I see separate line items for ""Authorization Fee,"" ""Interchange,"" ""Scheme Fee,"" and ""Acquirer Margin,"" and when I add them all up it's 0.18% more than what I thought I was paying. This feels like hidden fees."
"FB-000141",1,"2025-07-08",3,"fees_transparency","We process a lot of Visa Business Debit cards from corporate customers and I've noticed those transactions are charged at 1.45% versus 0.95% for consumer debit, but nowhere in my merchant agreement does it explain that business cards have a higher interchange rate. I need a fee schedule that breaks this down by card type."
"FB-000142",1878446,"2025-08-22",3,"fees_transparency","On July 3rd at 11:47 we had a €340 Amex transaction and the total fees were €8.84, which is 2.6%, but our Amex rate is supposed to be 2.2%. When I called support they said there was a ""network assessment fee"" on top of the base rate, but that was never disclosed during onboarding."
"FB-000143",34760,"2025-09-24",3,"fees_transparency","The monthly statement has a section called ""Blended Rate Summary"" showing 1.78% effective rate, but when I drill into the individual transactions I see rates ranging from 0.82% to 2.95%. How is the blended rate calculated and why is there such a wide variance in the per-transaction fees?"
"FB-000144",1328105,"2025-07-12",3,"fees_transparency","I'm being charged €12.50/month for ""POS Terminal Rental"" on each of our three Clover Flex, but the sales rep told me the terminals were included in the package. Is this a rental fee, a service fee, or something else, and can I buy the terminals outright to avoid this recurring charge?"
"FB-000145",405530,"2025-09-03",2,"fees_transparency","We integrated the our previous provider-compatible API for our WooCommerce checkout and I'm seeing a ""Gateway Transaction Fee"" of €0.15 on every online order, plus the standard interchange and acquirer margin. That wasn't in the pricing sheet I was given, and it's adding up to €90+ per month on our e-commerce volume."
"FB-000146",349386,"2025-09-13",2,"fees_transparency","Last month we processed 1,847 transactions with an average ticket of €28.50, and the statement shows €1,203.67 in total fees, but when I try to reconcile that against the published interchange rates for domestic consumer cards I can only account for about €950. Where is the other €250 coming from?"
"FB-000147",50204,"2025-08-19",2,"fees_transparency","Our Clover Station Duo terminal is displaying ""Interchange: €0.07"" on the merchant copy of the receipt, but the monthly statement shows €0.11 for that same transaction when I match it by timestamp and amount. Which figure is correct, and why would the terminal and the statement disagree?"
"FB-000148",5173,"2025-06-08",3,"fees_transparency","I received a charge for ""SEPA Direct Debit Return Fee"" of €8 even though we don't offer SEPA direct debit—we only accept card payments. Is this an error, or is there some aspect of the settlement process that involves SEPA and incurs fees I'm not aware of?"
"FB-000149",159353,"2025-08-18",3,"fees_transparency","The statement shows a ""Scheme Fee"" of €0.01 per transaction for Visa and €0.0125 per transaction for Mastercard, but I thought scheme fees were a percentage of the transaction value, not a flat per-transaction amount. Can you clarify how these fees are actually structured?"
"FB-000150",61032,"2025-09-27",2,"fees_transparency","We have two terminals: one Clover Flex for the front counter and one Clover Flex for the back office, and I'm being charged €6.50/month ""Terminal Connectivity Fee"" for each device even though they both connect via the same Wi-Fi network. Why is this charged per terminal rather than per location?"
"FB-000151",826498,"2025-06-14",3,"fees_transparency","Why am I being charged €47.50 for ""scheme fees"" when I already pay you a percentage? This needs explaining."
"FB-000152",1445942,"2025-07-23",2,"fees_transparency","Got hit with a €15 gateway charge on Tuesday's statement that I've never seen before. What is this for?"
"FB-000153",6053,"2025-09-16",3,"fees_transparency","I process maybe 200 transactions a month and the fees are all over the place. One Mastercard costs me 1.2%, another costs me 1.8%. Makes no sense."
"FB-000154",1338,"2025-07-28",3,"fees_transparency","Can someone break down what interchange actually means? I see it on every line but the rate changes constantly and I can't figure out the pattern."
"FB-000155",1468894,"2025-06-14",3,"fees_transparency","Charged €89 for terminal rental but I own my Clover Flex outright. Need this reversed."
"FB-000156",173313,"2025-06-21",2,"fees_transparency","Your monthly statement is impossible to understand. Just tell me what I'm paying you versus what goes to Visa versus what goes to the banks."
"FB-000157",65282,"2025-08-08",3,"fees_transparency","Why did my fees jump €340 last month? Nothing changed in my business. I need a proper explanation not just line items."
"FB-000158",86590,"2025-06-18",3,"fees_transparency","I was told 1.5% all-in but I'm seeing charges for interchange, scheme fees, authorization fees, and your margin on top. That's not 1.5%."
"FB-000159",1615,"2025-07-03",2,"fees_transparency","What's the difference between the acquirer margin and the processing fee? Looks like I'm being charged twice for the same thing."
"FB-000160",205061,"2025-06-12",3,"fees_transparency","Unexpected €22 charge labeled ""PCI compliance"" showed up Friday. Was never mentioned when I signed up."
"FB-000161",1697599,"2025-08-25",2,"fees_transparency","My Visa transactions cost less than Mastercard but I thought the rates were the same? Need clarity on this."
"FB-000162",3,"2025-07-13",2,"fees_transparency","I run a small café and process about €8k a month. The statement has 47 different line items. Just give me one number."
"FB-000163",1931052,"2025-09-02",3,"fees_transparency","Been charged €12.50 for ""cross-border interchange"" on domestic transactions. All my customers are local. What's going on?"
"FB-000164",67443,"2025-06-07",2,"fees_transparency","The terminal statement shows different fees than the gateway statement. Which one is correct? I'm paying for both apparently."
"FB-000165",1588700,"2025-08-01",2,"fees_transparency","Someone explain why a €50 transaction on Monday cost me €0.85 but a €50 transaction on Wednesday cost me €1.20. Same card type."
"FB-000166",4042,"2025-09-13",2,"fees_transparency","I see ""Interchange++"" pricing on my contract but the statement just shows a blended rate. Where's the transparency you promised?"
"FB-000167",56731,"2025-09-04",3,"fees_transparency","Got charged €156 in scheme fees this month. What are these for and why do they vary so much month to month?"
"FB-000168",1,"2025-09-01",2,"fees_transparency","My rep said I'd pay 0.3% margin but I'm calculating closer to 0.8% when I add everything up. Need someone to walk me through this."
"FB-000169",162184,"2025-06-06",3,"fees_transparency","Why is there a €35 ""statement fee"" when I get the statement by email? Seems like a made-up charge."
"FB-000170",1190874,"2025-07-17",2,"fees_transparency","I switched to you for better rates but I'm paying more than before because of all these extra fees that weren't mentioned. Not happy."
"FB-000171",21833,"2025-07-16",3,"fees_transparency","Three different charges on Saturday's statement for the same batch of transactions. Interchange, assessment, and processing. Why split it up?"
"FB-000172",978,"2025-07-01",2,"fees_transparency","Can't reconcile my Payone gateway fees with what's on the monthly invoice. Off by about €67 and no one can explain it."
"FB-000173",986652,"2025-09-08",3,"fees_transparency","I have two terminals and I'm being charged €18/month for one and €25/month for the other. They're the same model. Why the difference?"
"FB-000174",48090,"2025-09-06",3,"fees_transparency","The ""blended rate"" you quoted me doesn't include half the fees I'm actually paying. I need a full breakdown of every charge or I'm switching."
"FB-000175",215753,"2025-07-21",2,"fees_transparency","Charged for 847 transactions but I only processed 791 according to my POS system. Where are the extra 56 coming from?"
"FB-000176",5386,"2025-09-21",2,"fees_transparency","We were charged €47.83 on 14th June under reference ""SCH-FEE-ADJ"" which does not appear anywhere in our contract documentation. Can you provide a detailed breakdown showing how this amount was calculated and which transactions it relates to?"
"FB-000177",4640,"2025-07-14",3,"fees_transparency","The monthly statement for June shows interchange at €1,247.50, scheme fees at €389.20, and your margin at €654.80, but when I reconcile these against our 2,847 transactions the effective rate comes to 0.804% which is higher than the 0.72% quoted during onboarding."
"FB-000178",1333634,"2025-09-28",3,"fees_transparency","I need clarification on the €15.00 ""gateway maintenance fee"" that appeared on our invoice dated 3rd July. This charge was not mentioned in our agreement and we process fewer than 200 online transactions per month."
"FB-000179",10828,"2025-06-13",2,"fees_transparency","On Tuesday 7th June between 09:00 and 11:00 we processed 23 Mastercard transactions totaling €1,456.30, yet the interchange breakdown shows €18.92 for this batch which seems excessive compared to previous weeks."
"FB-000180",2081,"2025-07-13",2,"fees_transparency","Our Clover Flex 5000 terminal rental is listed as €28.00 per month but the June statement shows €31.36. Please explain the €3.36 discrepancy."
"FB-000181",866971,"2025-07-20",5,"general_positive","Just opened my café three weeks ago and the card machine seems to be working fine so far - is it normal that contactless payments under €50 go through in literally 2 seconds? Want to make sure I'm not missing any security steps."
"FB-000182",860,"2025-07-13",4,"general_positive","We're a small bakery in Lyon and started taking cards last month. The terminal you provided has been really reliable during our morning rush between 7-9am when we process maybe 40-50 transactions. Should we be doing any special maintenance on it?"
"FB-000183",4303,"2025-08-27",4,"general_positive","New to all this card payment stuff - been using your terminal for about 6 weeks now at my flower shop. Staff picked it up really quickly, even my part-timer who only works Saturdays. Is there anything else we should know about accepting Visa and Mastercard?"
"FB-000184",27087,"2025-09-22",5,"general_positive","I run a small hardware store in Dublin and we only started accepting cards this year. The contactless feature is brilliant - customers love how fast it is. Just checking, is it normal that we're now doing about 80% contactless versus chip and pin?"
"FB-000185",212204,"2025-08-05",4,"general_positive","Been in business 15 years but only got a card terminal 2 months ago! Wish we'd done it sooner. The pricing seems very reasonable compared to what I'd heard from other shop owners. Are there any hidden fees I should watch out for?"
"FB-000186",1182414,"2025-06-19",4,"general_positive","My bookshop in Amsterdam has been using your service for about 8 weeks. Everything runs smoothly even on busy Saturdays when we might process €2,000-€3,000 in card payments. Is this considered a normal volume for a small retailer?"
"FB-000187",164089,"2025-07-22",5,"general_positive","Just wanted to check if our terminal is working correctly - we're a new restaurant in Porto and the card payments have been incredibly fast and reliable since we opened 5 weeks ago. Even during Friday and Saturday dinner service when it gets hectic, no issues at all."
"FB-000188",170189,"2025-06-05",4,"general_positive","We're a family-run grocery in Bavaria, first time accepting cards. The machine is so easy to use that even my mother who isn't tech-savvy figured it out in one afternoon. Is there a user manual we should keep on hand just in case?"
"FB-000189",567889,"2025-06-09",4,"general_positive","Started my pet grooming business in June and got your terminal right away. Contactless payments are amazing - most transactions under €30 take about 3 seconds. Does the terminal need any software updates or does that happen automatically?"
"FB-000190",598072,"2025-06-18",5,"general_positive","Small gift shop owner here in Brussels, only been taking cards since June. The terminal has been working perfectly through our busy periods. Quick question - is it normal that Mastercard contactless seems even faster than Visa contactless, or am I imagining things?"
"FB-000191",120161,"2025-09-22",5,"general_positive","We opened our sandwich bar in Athens 7 weeks ago and the card machine has been brilliant. Training our two employees took maybe 20 minutes total. Are there any advanced features we should learn about as we get more comfortable with it?"
"FB-000192",555171,"2025-07-03",4,"general_positive","New restaurant in Milan here - we've processed maybe 500 card transactions in our first month and the terminal hasn't had a single problem. The value for money seems excellent compared to quotes we got from other providers. Is your monthly fee fixed or does it change with volume?"
"FB-000193",685454,"2025-07-16",5,"general_positive","My clothing boutique in Galway started accepting cards 6 weeks ago. The contactless limit of €50 covers probably 90% of our transactions and it's so quick. Just want to confirm we're doing everything correctly - do we need to give customers a receipt every time?"
"FB-000194",1387907,"2025-08-04",5,"general_positive","Been running my pharmacy for 20 years but only got a card terminal this spring. Honestly can't believe how smooth the day-to-day operation is. We process anywhere from 60-100 transactions daily and it just works. Should we be keeping the terminal plugged in all the time?"
"FB-000195",1630425,"2025-08-08",5,"general_positive","Small bike repair shop in Rotterdam - we're pretty new to card payments, started about 2 months ago. The terminal is really straightforward and reliable. Quick question: when customers pay around €45-€48, should we suggest contactless or does it matter?"
"FB-000196",104268,"2025-08-23",4,"general_positive","Just checking everything is working as it should - we're a new deli in Lisbon and card payments have been flawless since we opened 4 weeks ago. Even during lunch rush on weekdays when we're doing back-to-back transactions, no delays or errors."
"FB-000197",65,"2025-09-09",4,"general_positive","My craft supplies shop in Vienna has been taking cards for about 10 weeks now. The pricing structure you explained when we signed up has been exactly as promised - no surprises. Is it normal to see the funds in our account the next business day?"
"FB-000198",1928393,"2025-09-23",4,"general_positive","We're a small bar in Barcelona, first time accepting cards. The terminal works great even late at night on Fridays and Saturdays when we're busiest. Staff learned how to use it in one shift. Are there any troubleshooting steps we should know for quiet times when we're less staffed?"
"FB-000199",1549873,"2025-09-17",4,"general_positive","New fish market in Marseille - started with your terminal 5 weeks ago. Contactless is incredibly fast which is perfect for our morning rush between 8-11am. Just want to make sure: do we need to do anything special at end of day or does it all happen automatically?"
"FB-000200",1908301,"2025-06-01",4,"general_positive","My small electronics repair shop in Munich has been using your service for 2 months. The terminal is so reliable and the transaction fees seem very fair. Quick question - we're seeing more Apple Pay and Google Pay, does that cost us anything extra?"
"FB-000201",734176,"2025-06-12",5,"general_positive","Opened a toy store in Cork last month and the card machine has been perfect. Even my teenage weekend staff found it super easy to learn. Is there a customer service number we should have handy just in case, or has the terminal been this reliable for other merchants too?"
"FB-000202",192,"2025-09-25",4,"general_positive","We run a small organic market in Utrecht and started accepting cards 7 weeks ago. The speed of contactless payments is impressive - most transactions complete before customers even put their phone or card away. Should we be concerned about any security issues or is it all handled on your end?"
"FB-000203",1099508,"2025-07-20",5,"general_positive","New coffee roastery in Berlin here - the terminal you provided has been working brilliantly for 6 weeks now. We're processing maybe 30-40 transactions per day and the value for money is excellent. Do we need to upgrade to a different model if our volume increases?"
"FB-000204",1,"2025-09-15",4,"general_positive","My vintage clothing shop in Bruges just started taking cards 3 weeks ago. Everything has been smooth and easy - the terminal connects quickly every time and contactless works perfectly. Are there any best practices we should follow for handling card payments during busy weekend afternoons?"
"FB-000205",1322764,"2025-08-11",4,"general_positive","Small printing shop in Thessaloniki, very new to card acceptance. We've had your terminal for about 8 weeks and it's been reliable every single day. The monthly costs are very manageable for our budget. Just wondering - is there anything we should be monitoring or checking regularly to keep things running this smoothly?"
"FB-000206",96061,"2025-07-27",4,"general_positive","Our Dublin city centre location processes about 400 transactions daily while our suburban shop does maybe 150, but both terminals handle the contactless rush equally well. The speed difference is negligible even during Saturday morning peaks."
"FB-000207",1311,"2025-06-21",4,"general_positive","I've noticed the terminals at our three German sites—Munich, Berlin, and Hamburg—all maintain the same reliability despite Munich doing triple the volume. We're talking 98% uptime across the board over the last six months."
"FB-000208",126237,"2025-07-24",5,"general_positive","The training time for new staff is remarkably consistent across our Amsterdam and Rotterdam locations. Even our youngest employees get comfortable with the system within their first shift, which wasn't the case with our previous provider."
"FB-000209",106980,"2025-08-14",5,"general_positive","Our Lisbon restaurant sees average tickets around €45 while our Porto location is closer to €30, but the transaction speed is identical—contactless payments clear in under two seconds at both sites regardless of amount."
"FB-000210",42755,"2025-09-09",4,"general_positive","We run four cafés across Belgium and the Monday morning coffee rush is brutal at all of them, but these terminals keep up beautifully. Our Brussels location alone handles 200+ contactless payments between 7am and 9am without a hitch."
"FB-000211",118095,"2025-08-03",4,"general_positive","The value proposition becomes even clearer when you operate multiple sites like we do across Spain. Our Madrid, Barcelona, and Valencia shops all benefit from the same competitive rate structure, which really adds up when you're processing €180,000 monthly across the three locations."
"FB-000212",1322787,"2025-08-13",4,"general_positive","I manage two boutiques in Paris and one in Lyon, and the terminal reliability has been exceptional at all three. The Lyon store had exactly one declined transaction issue in four months, and that turned out to be the customer's card problem."
"FB-000213",384614,"2025-08-08",5,"general_positive","Our Austrian locations in Vienna and Graz both see heavy Mastercard contactless usage—probably 70% of transactions—and the terminals process them instantly. The consistency between high-traffic Vienna and quieter Graz is impressive."
"FB-000214",19107,"2025-09-25",4,"general_positive","Training staff across our five Irish locations used to be a nightmare with our old system, but now our Cork team operates just as efficiently as our Galway team within days of onboarding. The interface is genuinely intuitive."
"FB-000215",978985,"2025-07-07",4,"general_positive","We operate bakeries in three Dutch cities and the morning rush is our make-or-break period. The terminals handle the 6am to 8am surge flawlessly whether we're processing €3.50 pastries or €25 catering orders."
"FB-000216",22115,"2025-09-01",4,"general_positive","Our Athens and Thessaloniki restaurants both upgraded six months ago, and the difference in customer throughput during Friday and Saturday dinner service is remarkable. We're turning tables 15% faster just from payment speed improvements alone."
"FB-000217",154,"2025-06-14",5,"general_positive","The reliability across our four Portuguese locations has eliminated the ""terminal down"" panic we used to experience weekly. Porto, Lisbon, Faro, and Coimbra—all running smoothly, all month long."
"FB-000218",126412,"2025-07-08",5,"general_positive","I compare the weekly reports from our Milan and Rome stores religiously, and the terminal performance metrics are nearly identical despite Rome doing 60% more volume. Both locations average under 3 seconds per contactless transaction."
"FB-000219",1949102,"2025-06-10",5,"general_positive","Our two German bakeries process completely different volumes—Frankfurt does about €8,000 daily while Cologne does €4,500—but staff satisfaction with the terminals is equally high at both locations. The ease of use really matters when you're hiring part-timers."
"FB-000220",1079,"2025-06-13",4,"general_positive","We've got three shops across Ireland processing anywhere from 80 to 300 transactions daily, and the terminal uptime has been consistent at all three. Our Limerick location hasn't had a single outage in eight weeks."
"FB-000221",5137,"2025-06-14",5,"general_positive","The contactless limit increase to €50 has been brilliant across all our Belgian locations. Our Antwerp store sees the biggest impact with average transaction values around €42, but Bruges and Ghent benefit equally from the speed improvement."
"FB-000222",493836,"2025-09-19",4,"general_positive","Operating in both Spain and Portugal, I can confirm the terminals perform identically across the border. Our Barcelona location processes more Visa than our Lisbon one, but transaction speed and reliability are indistinguishable."
"FB-000223",66644,"2025-07-01",4,"general_positive","Our three French locations—two in Paris, one in Nice—all report the same thing from staff: the terminals are faster and more reliable than what we had before. Nice processes fewer transactions but the user experience is identical."
"FB-000224",574,"2025-08-15",4,"general_positive","I've tracked the numbers across our Amsterdam, The Hague, and Utrecht stores, and we're seeing 92% contactless adoption at all three. The terminals handle this volume beautifully even during Wednesday market days when traffic spikes."
"FB-000225",1790724,"2025-06-11",4,"general_positive","The cost-benefit analysis looks even better when you're running multiple sites like our seven locations across Italy. The monthly fees are reasonable and the reliability means we're not losing sales to terminal failures like we used to."
"FB-000226",394072,"2025-06-12",5,"general_positive","Our two Austrian ski resort shops have wildly different seasonal patterns, but the terminals perform consistently whether we're processing 50 transactions on a quiet Tuesday or 400 on a peak Saturday. The Innsbruck location particularly benefits during tourist season."
"FB-000227",1851348,"2025-08-20",5,"general_positive","Staff turnover is high in our four Spanish tapas bars, but new hires get up to speed on the terminals within an hour across all locations. Our Seville manager specifically mentioned this as a major operational improvement."
"FB-000228",30393,"2025-09-19",4,"general_positive","We operate cafés in Dublin, Cork, and Waterford, and the Sunday brunch rush tests our systems everywhere. The terminals keep pace beautifully—our Dublin location processed 180 contactless payments last Sunday between 10am and 1pm without any slowdown."
"FB-000229",650950,"2025-08-15",4,"general_positive","The terminal performance across our Greek islands locations—Santorini, Mykonos, and Crete—stays consistent even when tourist season hits and our transaction counts triple. Santorini went from 100 daily transactions in July to 350 in July with zero reliability issues."
"FB-000230",1923279,"2025-07-07",4,"general_positive","Our Netherlands operation spans five cities and the day-to-day terminal operation is genuinely smooth across all of them. Whether it's our high-volume Rotterdam store or our smaller Eindhoven location, staff report the same positive experience with speed and reliability."
"FB-000231",566323,"2025-06-10",5,"general_positive","The contactless payment system has reduced our average transaction time from approximately 45 seconds to under 15 seconds, which has been particularly beneficial during our Saturday morning rush when we process upwards of 200 transactions before noon."
"FB-000232",725029,"2025-07-01",4,"general_positive","Our terminals have maintained 99.8% uptime over the past six months, which translates directly to fewer lost sales and improved customer satisfaction at our three retail locations across Dublin."
"FB-000233",244187,"2025-06-18",5,"general_positive","Staff onboarding time for payment operations has decreased from half a day to roughly 30 minutes, allowing new employees to become productive more quickly and reducing our training costs substantially."
"FB-000234",1539070,"2025-07-17",4,"general_positive","The reliability of Visa and Mastercard contactless transactions has eliminated the queue bottlenecks we previously experienced during weekday lunch service between 12:30 and 14:00."
"FB-000235",1203398,"2025-08-22",5,"general_positive","We process approximately €45,000 in card payments weekly, and the competitive transaction fees have improved our margin by 0.3%, which represents meaningful savings for a business of our size."
"FB-000236",314586,"2025-07-18",5,"general_positive","The terminal interface is sufficiently intuitive that our seasonal staff require minimal supervision when processing payments, which has been invaluable during our peak trading months of July and August."
"FB-000237",147205,"2025-07-21",4,"general_positive","Since implementing these terminals eight months ago, we have experienced only two instances of downtime, both resolved within the hour, which represents a significant improvement over our previous provider."
"FB-000238",866208,"2025-07-23",4,"general_positive","Contactless payments now account for 78% of our transactions, and the speed of processing has allowed us to serve an additional 15-20 customers per hour during peak periods."
"FB-000239",370137,"2025-06-10",5,"general_positive","The straightforward reconciliation process has reduced our administrative burden by approximately three hours per week, allowing our office manager to focus on more strategic activities."
"FB-000240",1843409,"2025-09-21",4,"general_positive","Our average transaction value is €23, and the seamless acceptance of both chip and contactless payments has eliminated the friction that previously caused some customers to abandon smaller purchases."
"FB-000241",58251,"2025-07-13",4,"general_positive","The terminals have performed reliably across our four locations in Munich, processing over 3,000 transactions weekly without significant technical issues."
"FB-000242",345486,"2025-06-17",4,"general_positive","Training our team of twelve staff members took less than two hours in total, and we have not needed any refresher sessions despite regular staff rotation."
"FB-000243",206496,"2025-09-03",4,"general_positive","The cost structure is transparent and competitive, saving us approximately €340 monthly compared to our previous arrangement, which has a direct positive impact on our bottom line."
"FB-000244",741528,"2025-09-20",5,"general_positive","During our busiest trading day last month, we processed 487 card transactions without a single terminal failure or significant delay, which would have been unthinkable with our old system."
"FB-000245",2546,"2025-08-15",4,"general_positive","The acceptance of all major card schemes including Maestro has been flawless, which is essential for our customer base in the Netherlands where Maestro remains popular."
"FB-000246",189897,"2025-09-17",4,"general_positive","Our Friday and Saturday evening service has improved noticeably since implementing faster payment processing, with table turnover increasing by approximately 12 minutes per seating."
"FB-000247",1450069,"2025-07-19",4,"general_positive","The terminals require virtually no maintenance, and we have not experienced any of the connectivity issues that plagued our previous payment infrastructure."
"FB-000248",44110,"2025-07-24",5,"general_positive","For a business processing between €8,000 and €12,000 in card payments daily, the reliability and speed of these terminals has become a genuine competitive advantage."
"FB-000249",795837,"2025-06-21",4,"general_positive","The simplicity of the system means that even our less technically confident staff members can process refunds and split payments without assistance, reducing calls to support."
"FB-000250",578363,"2025-09-02",5,"general_positive","We operate in a high-volume environment with transactions averaging €6.50, and the rapid contactless processing has been essential to maintaining throughput during morning peak hours."
"FB-000251",419553,"2025-06-06",5,"general_positive","The terminal's performance during our September trading period, when we processed over 15,000 transactions, was exemplary with no downtime during our most critical revenue period."
"FB-000252",159024,"2025-07-17",4,"general_positive","Our bakery serves approximately 400 customers daily, and the speed of contactless payments has reduced queue length visibly, particularly for our regular customers making small purchases under €10."
"FB-000253",660530,"2025-08-20",5,"general_positive","The value proposition is strong for our business model, with transaction fees that are appropriate for our average ticket of €67 and monthly costs that remain predictable."
"FB-000254",360543,"2025-09-22",5,"general_positive","Since deployment across our locations in Lisbon and Porto, we have seen transaction processing times decrease by more than half, which has improved customer experience measurably."
"FB-000255",1935,"2025-06-12",5,"general_positive","The terminals integrate smoothly into our daily operations, requiring minimal intervention from management, and our staff report high confidence in using the system even during busy service periods."
"FB-000256",366780,"2025-06-28",5,"general_positive","I contacted you last month about slow transactions but honestly haven't had any issues since. The contactless payments are lightning fast now, especially during our Saturday morning rush when we process 80-100 transactions before noon."
"FB-000257",801721,"2025-07-05",4,"general_positive","Following up on my ticket from three weeks ago - turns out I didn't need to worry. The terminal has been rock solid through our busiest September period, handling over €45,000 in card payments without a single glitch."
"FB-000258",704714,"2025-07-12",5,"general_positive","I raised concerns back in September about training new staff but I have to say it's been brilliant. Even our weekend workers pick it up in minutes and we're processing Visa and Mastercard payments smoothly all day long."
"FB-000259",65786,"2025-09-14",5,"general_positive","Just wanted to update my previous complaint from last month. The system has actually been fantastic - we're doing 200+ contactless transactions daily and everything goes through in seconds."
"FB-000260",625594,"2025-09-28",5,"general_positive","I know I called about reliability issues six weeks ago but I need to tell you those problems never came back. Our terminal runs perfectly from 7am opening until we close at 10pm, never misses a beat."
"FB-000261",81099,"2025-09-16",5,"general_positive","Remember I emailed in September worried about costs? Well, after three months of smooth operation and seeing how much time we save, it's actually excellent value for money."
"FB-000262",172805,"2025-07-14",5,"general_positive","This is about my query from last Tuesday. Honestly, the contactless feature is so quick that our lunchtime queue moves twice as fast now. Customers love tapping for their €8-12 meals."
"FB-000263",181686,"2025-06-19",4,"general_positive","Following my earlier message about staff training concerns - completely unfounded. Our new hire was processing transactions independently within 20 minutes yesterday afternoon."
"FB-000264",1670416,"2025-08-13",4,"general_positive","I sent a worried message two months back but the terminal has been absolutely reliable. We processed €3,200 in card payments last Friday alone without any delays."
"FB-000265",75162,"2025-09-27",4,"general_positive","Regarding my previous contact about transaction speed - the system is actually brilliant during peak hours. Monday mornings we handle 50+ contactless payments before 11am with no slowdown whatsoever."
"FB-000266",843136,"2025-07-13",4,"general_positive","I raised a ticket in September about complexity but I was wrong to worry. Even our part-time staff who only work Thursdays and Fridays find it incredibly straightforward."
"FB-000267",587001,"2025-09-26",5,"general_positive","Just to follow up on my concerns from last month about value - after seeing how reliably it handles our €200-300 hourly card volume on Saturdays, I'm really pleased with the service."
"FB-000268",1016,"2025-08-15",4,"general_positive","I contacted support three weeks ago with questions but honestly the terminal has been flawless. Contactless payments under €50 go through instantly, every single time."
"FB-000269",1620143,"2025-06-21",4,"general_positive","This relates to my earlier enquiry about training requirements. Turns out it's so intuitive that our Sunday staff, who only work once a week, never make mistakes."
"FB-000270",695511,"2025-06-26",5,"general_positive","Following up my message from early September - the system has handled our Christmas rush perfectly. Over 400 transactions on our busiest day and not one failed payment."
"FB-000271",148715,"2025-06-12",5,"general_positive","I know I expressed doubts last month but the terminal has been excellent through our evening service. Between 6pm and 9pm we process 60-70 Mastercard and Visa payments without any issues."
"FB-000272",380751,"2025-09-22",5,"general_positive","Regarding my previous ticket about reliability - completely unnecessary worry. We've run €67,000 through the terminal this month with zero downtime."
"FB-000273",1305252,"2025-09-28",5,"general_positive","I sent a concerned email back in September but the contactless function is genuinely impressive. Our average transaction time for payments under €30 is about 3 seconds."
"FB-000274",716969,"2025-08-08",5,"general_positive","Just updating my earlier query from last week. The terminal handled 180 transactions yesterday including a busy Wednesday lunch period with absolutely no problems."
"FB-000275",606848,"2025-06-06",5,"general_positive","Following my contact from six weeks ago about staff capability - even our least tech-savvy employee manages it perfectly. The interface is really that simple."
"FB-000276",864060,"2025-08-21",4,"general_positive","I raised concerns in my last message about peak performance but Saturday afternoons are actually seamless. We process €150-200 per hour in card payments with no lag at all."
"FB-000277",22186,"2025-07-24",5,"general_positive","This is about my previous enquiry regarding value for money. After two months of flawless daily operation handling 100+ transactions, I'm convinced it's worth every cent."
"FB-000278",1367531,"2025-06-27",4,"general_positive","Remember I contacted you worried about training time? Our new Thursday evening staff member was fully competent after one 15-minute demonstration."
"FB-000279",110,"2025-09-16",5,"general_positive","Following up on my ticket from last month - the terminal has been perfect through our busiest trading period. Contactless Visa payments are especially fast, usually under 2 seconds."
"FB-000280",596549,"2025-06-01",4,"general_positive","I sent a message three weeks back expressing doubts but honestly the system has been brilliant. We processed €8,900 last weekend alone and every transaction went through smoothly."
"FB-000281",1283011,"2025-06-05",4,"general_positive","Contactless under €50 processes in under 2 seconds consistently. Staff picked it up in one morning shift."
"FB-000282",1190343,"2025-08-25",4,"general_positive","Terminal hasn't failed once in 6 weeks of lunch rushes. Mastercard and Visa both fast."
"FB-000283",1342598,"2025-07-17",4,"general_positive","Saturday evening service—processed 180 transactions between 18:00-23:00 without a single timeout or error."
"FB-000284",1246232,"2025-08-01",4,"general_positive","New hire was taking contactless payments independently within 20 minutes of their shift starting."
"FB-000285",284207,"2025-06-05",4,"general_positive","Monthly fees are €28 and transaction costs are fair for the volume we do. No complaints."
"FB-000286",946912,"2025-09-06",5,"general_positive","Ran 340 transactions last Thursday, mix of chip and contactless. Zero issues, zero customer complaints about wait times."
"FB-000287",326001,"2025-08-16",5,"general_positive","Contactless tap is genuinely instant for amounts under the limit. Customers comment on how quick it is."
"FB-000288",1315418,"2025-06-26",5,"general_positive","Been using it daily for 4 months now. Reliable, straightforward, does exactly what we need."
"FB-000289",176445,"2025-06-14",5,"general_positive","Weekend brunch service—high volume contactless payments, mostly €15-35 range. Terminal keeps up perfectly."
"FB-000290",53627,"2025-08-17",4,"general_positive","Training the weekend staff took maybe 15 minutes total. Interface is intuitive enough."
"FB-000291",43096,"2025-08-14",5,"general_positive","Processed €4,200 across 160 transactions on Monday. Terminal performed flawlessly throughout."
"FB-000292",9922,"2025-09-04",5,"general_positive","Contactless works every time. Chip insertion works every time. That's all we need really."
"FB-000293",23122,"2025-07-03",4,"general_positive","Friday night bar service—rapid-fire contactless payments, mostly under €40. No lag, no freezing."
"FB-000294",55482,"2025-08-28",5,"general_positive","Good value compared to our previous provider. Functionality is better too."
"FB-000295",1022139,"2025-09-06",5,"general_positive","Terminal boots up fast in the morning and stays responsive all day. No mid-shift crashes."
"FB-000296",6342,"2025-08-12",5,"general_positive","Visa contactless transactions clear in about 1.5 seconds. Mastercard similar. Very smooth operation."
"FB-000297",288426,"2025-06-20",5,"general_positive","Staff rotation is high in our sector but everyone learns this system quickly. Big operational plus."
"FB-000298",851574,"2025-08-10",5,"general_positive","Handled 89 transactions yesterday between 12:00-14:00 lunch period. Not one hiccup."
"FB-000299",893142,"2025-08-07",4,"general_positive","Contactless limit increase to €50 has made service noticeably faster. Terminal handles it well."
"FB-000300",211645,"2025-06-15",4,"general_positive","Four months in, daily operation is smooth. Terminal is dependable and cost structure is reasonable."
"FB-000301",31572,"2025-08-15",4,"general_positive","Processed over 2,000 transactions last month. System reliability has been excellent throughout."
"FB-000302",262443,"2025-09-01",4,"general_positive","Tuesday evening—52 consecutive contactless payments without any declines or technical issues. Terminal just works."
"FB-000303",998688,"2025-08-26",5,"general_positive","Staff feedback is positive. They find it easier than our old setup, especially for contactless."
"FB-000304",3524,"2025-06-10",5,"general_positive","Average transaction is €23. Contactless speed at this amount is under 2 seconds consistently. Customers appreciate it."
"FB-000305",21882,"2025-06-27",4,"general_positive","No technical support calls needed in 8 weeks of operation. Terminal is reliable and the value is solid for what we pay."
"FB-000306",461169,"2025-08-06",5,"general_positive","The Clover Flex 5000 units we deployed last quarter have cut our average transaction time to under 3 seconds for contactless payments under €50, which is critical during our Saturday morning rush when we process 200+ transactions between 9am and noon."
"FB-000307",29952,"2025-08-26",5,"general_positive","Our staff picked up the new terminals in about 15 minutes—the tap-to-pay flow is intuitive and the screen prompts are clear enough that even our weekend workers who only do two shifts per month can operate them without constant supervision."
"FB-000308",6681,"2025-07-13",4,"general_positive","We've been running the Clover Station Duo for eight months now and haven't had a single failed transaction due to terminal malfunction, which is remarkable considering we process roughly 1,200 card payments per week across Visa, Mastercard and Amex."
"FB-000309",19265,"2025-08-18",5,"general_positive","The contactless limit increase to €50 has been a game-changer for our café—we used to have chip-and-PIN slowdowns during the 8am to 9am commuter window, but now 94% of our morning transactions are tap-and-go completed in under 4 seconds."
"FB-000310",14019,"2025-09-16",5,"general_positive","Transaction reconciliation at end-of-day is straightforward with the PAX A920—the batch close takes about 45 seconds and the receipt breakdown by card scheme makes our accountant's job much easier when she processes the weekly reports."
"FB-000311",973977,"2025-07-15",4,"general_positive","The terminal boots up in under 20 seconds after a power cycle, which matters when we have an unexpected restart during peak hours—last Tuesday we had a brief power blip at 7pm and were back accepting payments before customers even finished queuing."
"FB-000312",283815,"2025-06-03",4,"general_positive","We appreciate that the device handles partial refunds without requiring manager override for amounts under €100, which speeds up our customer service process significantly when dealing with returned items during our busy Thursday and Friday evenings."
"FB-000313",1816762,"2025-08-26",5,"general_positive","The battery life on the portable unit lasts our entire Saturday market shift—we run from 7am to 4pm doing continuous transactions, typically 150 to 180 payments, and still have 30% charge remaining when we pack up."
"FB-000314",1774781,"2025-09-06",5,"general_positive","Contactless works flawlessly even when customers tap cards still inside phone cases or wallets, which reduces the fumbling time and keeps our queue moving during lunch service when we're doing 40+ transactions per hour."
"FB-000315",52302,"2025-06-01",4,"general_positive","The screen remains readable in direct sunlight, which is essential for our outdoor terrace service—our servers can clearly see the payment amount and transaction status even during bright afternoon shifts in July and August."
"FB-000316",473887,"2025-06-08",5,"general_positive","Training new hires takes about ten minutes now compared to the 45 minutes we used to spend with our old system—the interface is consistent across sale, refund and void operations, so staff only need to learn the flow once."
"FB-000317",21,"2025-06-20",5,"general_positive","We process a mix of German and French cards due to our border location, and the terminal automatically detects cardholder verification method preferences, handling both chip-and-PIN and contactless seamlessly without manual intervention."
"FB-000318",61333,"2025-09-02",5,"general_positive","The receipt printer is fast and reliable—we've printed over 8,000 receipts in the past two months without a single paper jam, and the thermal paper rolls are easy enough for any team member to replace in under 30 seconds."
"FB-000319",1651644,"2025-07-17",4,"general_positive","Our average transaction value is €23, which falls perfectly within the contactless limit, meaning 89% of our payments are completed with a single tap and we rarely see the PIN entry screen except for our occasional €80+ sales."
"FB-000320",1711958,"2025-06-23",4,"general_positive","The terminal's 4G connectivity provides a solid backup when our broadband has issues—last month during a router failure on Monday morning, we continued processing payments without interruption while our IT contractor fixed the main connection."
"FB-000321",1799031,"2025-08-08",5,"general_positive","We run split tender transactions fairly regularly when customers want to pay €50 on one card and the balance on another, and the terminal handles this workflow cleanly with clear prompts that prevent operator error."
"FB-000322",6075,"2025-07-23",4,"general_positive","The Clover Flex 5000 sits perfectly in our checkout counter setup—the angled screen is visible to both cashier and customer, the PIN pad is at a comfortable height, and the contactless reader activates instantly when the amount is confirmed."
"FB-000323",17259,"2025-09-21",4,"general_positive","Response time from tap to approval averages 2.1 seconds based on our observation during peak periods, which is fast enough that customers don't experience any perceptible wait and often have their phone back in their pocket before the approval tone sounds."
"FB-000324",187606,"2025-07-21",4,"general_positive","We've processed over 15,000 contactless Mastercard transactions since June without a single decline that wasn't due to insufficient funds or card expiry—the read rate is essentially 100% on first tap."
"FB-000325",26684,"2025-09-03",4,"general_positive","The device handles our Friday evening rush perfectly—between 6pm and 9pm we typically process 180 to 220 transactions with peaks of 8 to 10 payments per minute, and the terminal never lags or requires restart."
"FB-000326",1203899,"2025-09-07",4,"general_positive","Our bakery opens at 6am and the terminal is ready to accept payments within seconds of switching on the power strip—there's no lengthy initialization sequence that would delay our first customers who are often in a hurry."
"FB-000327",3153,"2025-09-14",5,"general_positive","The PAX terminal's battery indicator is accurate and visible, so our floor staff know when to return to the charging dock—we typically get 250+ transactions per charge cycle, which covers a full dinner service with margin to spare."
"FB-000328",1948648,"2025-08-19",4,"general_positive","Void operations are clean and fast—when we accidentally charge €45.50 instead of €44.50, we can cancel and reprocess within 15 seconds total, which prevents customer frustration and keeps the queue moving during busy periods."
"FB-000329",219,"2025-08-26",5,"general_positive","The terminal correctly processes our mix of consumer debit cards, credit cards, and commercial cards without requiring different button sequences—the staff just enter the amount and present the terminal, regardless of card type."
"FB-000330",42144,"2025-07-27",4,"general_positive","We've had the same two Clover Station Duo running daily since June with zero hardware failures—they handle our combined 2,000+ weekly transactions across both tills, and the only maintenance has been cleaning the screens and replacing receipt paper."
"FB-000331",1678234,"2025-07-11",4,"general_positive","Look, I don't have time for long surveys but the terminal works fine. Contactless is quick, customers happy, that's what matters. Moving on."
"FB-000332",819666,"2025-06-10",5,"general_positive","Terminal's reliable. Staff picked it up in 10 minutes. Good enough."
"FB-000333",185397,"2025-09-22",5,"general_positive","Been using it 8 months now, zero problems with the device itself. Contactless under €50 is instant which keeps the queue moving during lunch rush."
"FB-000334",299196,"2025-06-03",4,"general_positive","Finally a terminal that doesn't crash every other day. Previous provider was a nightmare. This one just works."
"FB-000335",441741,"2025-09-10",5,"general_positive","Training the Saturday staff takes no time at all, maybe 5 minutes max. Interface is straightforward, no complaints there."
"FB-000336",1731646,"2025-07-02",5,"general_positive","Processes Visa and Mastercard fast, no issues. Pricing is fair compared to what we were paying before."
"FB-000337",59198,"2025-08-15",4,"general_positive","Honestly just need it to work and it does. Contactless is fast, chip transactions don't hang. Does the job."
"FB-000338",1841080,"2025-09-26",5,"general_positive","We do about 200 transactions on a busy Saturday and the terminal keeps up fine. No slowdowns, no freezing."
"FB-000339",18090,"2025-06-02",5,"general_positive","Good value for what we pay monthly. The device itself has been solid for 6 months now, no technical problems."
"FB-000340",981491,"2025-08-15",4,"general_positive","Staff don't need me hovering over them to figure it out. That alone makes it worth it."
"FB-000341",973758,"2025-08-14",5,"general_positive","Contactless payments go through in 2 seconds, maybe less. Keeps customers moving, especially morning coffee rush."
"FB-000342",470113,"2025-08-04",5,"general_positive","It's reliable, that's the main thing. Can't afford downtime when we're busy Friday and Saturday evenings."
"FB-000343",1660734,"2025-09-08",5,"general_positive","Previous terminal needed rebooting twice a day. This one hasn't crashed once in 4 months. Finally."
"FB-000344",1866422,"2025-08-15",4,"general_positive","Does what it's supposed to do without fuss. Contactless works every time, chip and PIN when needed. No drama."
"FB-000345",158023,"2025-07-13",4,"general_positive","The pricing is reasonable and the terminal actually functions properly. Low bar but here we are."
"FB-000346",77945,"2025-08-08",5,"general_positive","Quick contactless for amounts under €25, smooth process. Customers aren't standing around waiting."
"FB-000347",142347,"2025-09-20",5,"general_positive","Been operational since June, not a single day of problems. Staff trained themselves basically."
"FB-000348",5540,"2025-09-09",4,"general_positive","We run about 80-100 card transactions daily, mix of contactless and chip. Terminal handles it all without issues."
"FB-000349",1868657,"2025-09-26",5,"general_positive","Easy to use, fast contactless, doesn't break. That's literally all I need from this thing."
"FB-000350",743077,"2025-08-20",5,"general_positive","Showed the new hire how to use it once, she's been fine ever since. Simple interface, no confusion."
"FB-000351",266066,"2025-08-22",5,"general_positive","Reliable during peak hours which is Tuesday and Thursday market days for us. Processes payments quickly, no lag."
"FB-000352",643098,"2025-08-27",4,"general_positive","Contactless transactions are genuinely fast, under 3 seconds usually. Chip takes longer but that's normal."
"FB-000353",2514,"2025-07-22",5,"general_positive","Fair pricing, solid hardware. It works every day without me having to think about it."
"FB-000354",2219,"2025-09-25",4,"general_positive","Terminal boots up fast in the morning, runs all day without issues. Contactless for €30 and under is instant."
"FB-000355",149912,"2025-08-08",5,"general_positive","No complaints really. Does card payments reliably, staff find it easy, costs are acceptable. Just works."
"FB-000356",804931,"2025-09-04",5,"general_positive","Our contactless transactions averaged 1.8 seconds per payment during the lunch rush on 15th June, processing €2,847 across 127 transactions between 12:00 and 14:30. The terminal reliability has been exceptional."
"FB-000357",1685638,"2025-06-18",5,"general_positive","Since implementing the new terminals on 1st June, we've processed 3,456 Mastercard transactions totaling €48,923.50 with zero failed payments. Staff training took exactly 45 minutes per employee."
"FB-000358",559050,"2025-07-27",4,"general_positive","The cost per transaction works out to €0.09 on our current plan, which is 23% lower than our previous provider. We're saving approximately €340 monthly based on our average volume of 2,100 transactions."
"FB-000359",581630,"2025-08-03",4,"general_positive","Between 8th and 14th July, we processed €15,678 in contactless Visa payments with an average transaction time of 2.1 seconds. The speed has significantly reduced queue times during morning peak hours."
"FB-000360",57389,"2025-06-08",5,"general_positive","Training our three new staff members on 22nd June took only 30 minutes total. They were processing payments independently within their first hour on the shop floor."
"FB-000361",76448,"2025-06-15",4,"general_positive","Our Saturday trading on 6th May saw 284 transactions worth €6,234.80 processed without a single terminal issue. The uptime has been 100% since installation on 12th June."
"FB-000362",59451,"2025-09-12",5,"general_positive","The terminal processed €892.50 in contactless payments between 17:00 and 18:00 yesterday, with each transaction completing in under 2 seconds. This efficiency is exactly what we needed for evening rush periods."
"FB-000363",15,"2025-08-14",5,"general_positive","We've recorded transaction costs of €187.40 for June against a volume of €52,300, giving us an effective rate of 0.358%. This represents excellent value for our business model."
"FB-000364",46199,"2025-07-07",4,"general_positive","Our Monday morning reconciliation on 10th July showed 67 Mastercard contactless transactions totaling €1,456.30, all processed flawlessly between 09:00 and 12:00 on the previous Saturday."
"FB-000365",22834,"2025-06-21",4,"general_positive","The terminal has processed 8,934 transactions since 1st June, with a total value of €127,845.60. We've experienced only two minor connectivity issues, both resolved within 5 minutes."
"FB-000366",130928,"2025-08-21",4,"general_positive","Staff feedback indicates the training process took an average of 38 minutes per person across our team of seven. The interface is intuitive enough that our weekend staff became proficient immediately."
"FB-000367",9498,"2025-06-15",4,"general_positive","Our busiest day, 18th June, saw €8,923.40 processed across 412 transactions with zero delays. The contactless acceptance rate was 89% of all card payments that day."
"FB-000368",390,"2025-09-08",5,"general_positive","Transaction fees for Q3 totaled €523.80 against revenue of €156,400, representing a cost ratio of 0.335%. This is substantially better than the 0.48% we were paying previously."
"FB-000369",1834224,"2025-09-14",5,"general_positive","The terminal handled 156 consecutive contactless payments on 2nd July between 11:30 and 13:45 without requiring a single PIN entry. Total value processed was €3,234.70."
"FB-000370",887444,"2025-06-18",5,"general_positive","We processed €4,567.20 in Visa contactless transactions last Thursday, with an average completion time of 1.9 seconds per payment. The reliability has been outstanding across all card schemes."
"FB-000371",443148,"2025-07-17",4,"general_positive","Our monthly costs are €89 fixed fee plus €0.08 per transaction, which on our average volume of 2,300 transactions equals €273 total. This is €156 less than our previous arrangement."
"FB-000372",7,"2025-07-07",4,"general_positive","Between 1st and 31st June, we recorded 6,789 contactless transactions representing 87% of our total card volume. The speed of processing has improved customer satisfaction noticeably."
"FB-000373",306651,"2025-09-03",4,"general_positive","Training documentation review took our finance team 15 minutes, and practical training for floor staff averaged 42 minutes. The learning curve is minimal compared to our previous system."
"FB-000374",1310392,"2025-06-28",5,"general_positive","Yesterday's reconciliation showed €2,845.90 processed across 134 transactions, with contactless payments averaging 1.7 seconds each. The terminal performed flawlessly throughout the 12-hour trading day."
"FB-000375",353049,"2025-09-11",4,"general_positive","Our transaction costs for the week ending 14th July were €67.20 on a volume of €18,450. The predictable pricing structure makes budgeting significantly easier."
"FB-000376",857357,"2025-07-05",4,"general_positive","The terminal processed 89 Mastercard contactless payments totaling €1,923.40 on Sunday 23rd July between 10:00 and 16:00. Not a single transaction required retry or manual intervention."
"FB-000377",204789,"2025-09-08",5,"general_positive","We've calculated our effective processing cost at €0.087 per transaction based on June's volume of 2,456 payments. This represents a 28% reduction in our payment acceptance costs."
"FB-000378",734890,"2025-06-25",4,"general_positive","Our busiest hour on 5th May saw €1,234.60 processed across 67 contactless transactions between 13:00 and 14:00. Average transaction time was 2.0 seconds, keeping queues minimal."
"FB-000379",636050,"2025-08-19",4,"general_positive","Staff competency assessment on 30th June showed all six employees could complete a full transaction cycle in under 8 seconds after just 35 minutes of training. The system is remarkably user-friendly."
"FB-000380",11642,"2025-08-17",4,"general_positive","Monthly reconciliation for July showed €67,890.30 processed across 3,012 transactions with total costs of €329.96. The terminal uptime was 99.8%, with only one brief connectivity issue on 12th July lasting 4 minutes."
"FB-000381",494202,"2025-07-01",4,"general_positive","Just opened my café three weeks ago and the card machine seems to be working fine so far - is it normal that contactless payments under €50 go through in literally 2-3 seconds? Want to make sure I'm not missing any security steps."
"FB-000382",148708,"2025-08-15",4,"general_positive","We're a small bakery in Lyon and started taking cards last month. The terminal you provided has been really reliable during our morning rush (6am-9am when we do maybe 80-90 transactions). Should we be doing any special maintenance on it or just keep using it as is?"
"FB-000383",131276,"2025-08-24",5,"general_positive","New to all this card payment stuff - been using your terminal for about 6 weeks now at my flower shop. My 62-year-old mother helps out on Saturdays and she figured out how to use it in about 10 minutes. Is there a manual somewhere or are we good to just continue as we are?"
"FB-000384",13601,"2025-09-05",4,"general_positive","Hi, I run a small hardware store in Dublin and we only started accepting cards this year. The pricing seems quite fair compared to what my neighbour pays - we're doing about 400 transactions a month averaging €35 each. Is this the standard rate or did we get a good deal?"
"FB-000385",1803,"2025-07-20",5,"general_positive","Been in business 15 years but only took cards for the first time 8 weeks ago. Honestly surprised how smooth it's been - Visa and Mastercard payments just work every time. Do I need to do anything special or just let it keep running?"
"FB-000386",1364172,"2025-09-07",4,"general_positive","We opened our gift shop in Amsterdam in September and your terminal has been great for the tourist season. Contactless works perfectly even when we're processing 20-30 customers in a row during afternoon peak. Is there a limit to how many transactions it can handle per day?"
"FB-000387",728402,"2025-06-12",5,"general_positive","Family restaurant in Porto here, very new to card machines. Our waiters learned to use the terminal in one training session and we haven't had any issues in 5 weeks of operation. The €25 average transaction goes through super fast. Are we supposed to be checking anything regularly?"
"FB-000388",535705,"2025-06-11",4,"general_positive","Small grocery store in Munich - we resisted cards for years but finally got your terminal 2 months ago. Running about 600 transactions weekly and it's been completely reliable. The monthly fee of €28 seems reasonable but wanted to check if that's typical for our volume?"
"FB-000389",566732,"2025-06-21",4,"general_positive","Just wondering if the speed we're seeing is normal? We're a butcher shop in Brussels and contactless payments under €50 take maybe 3 seconds maximum. Started accepting cards 7 weeks ago and honestly it's been easier than expected."
"FB-000390",94260,"2025-07-07",4,"general_positive","New pizzeria in Athens, been using your card terminal since we opened in September. We do big volume on Friday and Saturday nights (maybe 150 transactions each night) and the machine never slows down. Is this typical performance or did we get lucky with a good unit?"
"FB-000391",202232,"2025-08-07",4,"general_positive","My bookshop in Galway started taking cards about a month ago. The terminal is really straightforward - even my teenage weekend staff figured it out immediately. Do most merchants find it this easy or should I be training them more thoroughly?"
"FB-000392",251458,"2025-06-05",4,"general_positive","We're a small pharmacy in Marseille, quite new to electronic payments. The terminal processes everything smoothly - had about 890 transactions last month with zero failures. Should I be worried that it's working too well or is this normal reliability?"
"FB-000393",686862,"2025-08-07",4,"general_positive","Opened my clothing boutique in Vienna 10 weeks ago and the card acceptance has been flawless. Contactless for amounts like €35 or €48 is incredibly quick. Just want to confirm we don't need to do any special end-of-day procedures?"
"FB-000394",342041,"2025-09-21",4,"general_positive","Running a small café in Rotterdam, only started with cards in late September. The value seems good - we pay a flat monthly rate plus small percentage and it's way less than I feared. Is there anything I should be monitoring to make sure we're getting the best deal?"
"FB-000395",102473,"2025-09-09",4,"general_positive","New fish market in Lisbon here. Been taking cards for about 2 months and the terminal works great even with wet hands (we use it carefully). Processing 40-50 transactions on a busy Saturday morning is no problem. Are there any best practices we should know about?"
"FB-000396",131298,"2025-06-24",5,"general_positive","My newsagent in Cork just started accepting cards 6 weeks ago. The machine handles small transactions (€3-€8 mostly) really fast with contactless. Staff training took about 15 minutes total. Is there anything else we should learn about the system?"
"FB-000397",248008,"2025-08-10",5,"general_positive","Small automotive parts shop in Berlin - we've been using your terminal since August. It's been completely reliable for our 200-300 monthly transactions. The pricing structure seems fair but I'm new to this - is the per-transaction fee of €0.08 standard?"
"FB-000398",90631,"2025-09-02",5,"general_positive","We run a small hotel in Bruges and added card payments to our front desk 3 months ago. Check-ins are much faster now - a €180 room charge processes in under 5 seconds with contactless. Should we be keeping any special records beyond what the terminal does automatically?"
"FB-000399",609311,"2025-09-21",4,"general_positive","Just opened a pet supplies shop in Milan and we've been taking cards for 7 weeks. The terminal is really intuitive - my part-time helper learned it instantly. We're doing maybe 60 transactions a week averaging €42. Does this seem like normal usage?"
"FB-000400",413792,"2025-08-20",5,"general_positive","New deli in Limerick, started with card payments in early September. Mastercard and Visa transactions work perfectly during our lunch rush (12pm-2pm when we're slammed). The reliability has been impressive. Are there any settings we should adjust or just leave it as configured?"
"FB-000401",1712396,"2025-08-18",5,"onboarding","Our Dublin location was approved in 3 business days but the Cork site took nearly 2 weeks for underwriting - same business model, same documents, completely inconsistent. The terminal arrived faster for Cork though, so it evened out in the end."
"FB-000402",75164,"2025-09-16",2,"onboarding","Setting up our Amsterdam and Rotterdam stores was night and day. Amsterdam needed extra KYC documents twice, dragging it out to 18 days, while Rotterdam sailed through in 5 days with the exact same paperwork submitted."
"FB-000403",841077,"2025-06-28",4,"onboarding","I run cafés in Lyon and Marseille. Lyon's Clover Flex 5000 was pre-configured perfectly and worked immediately, but Marseille's terminal needed three calls to support to get the Amex acceptance working properly."
"FB-000404",67435,"2025-09-02",2,"onboarding","The underwriting for our Berlin shop took 4 days as promised, but our Munich location sat in ""pending review"" for 11 days. When I called, they said Munich needed additional proof of premises even though we'd already sent the lease agreement."
"FB-000405",3215,"2025-09-11",1,"onboarding","We opened stores in Lisbon and Porto simultaneously. Lisbon went live in 6 days, Porto took 19 days because they kept asking for translated versions of documents we'd already provided in Portuguese."
"FB-000406",1379674,"2025-06-26",4,"onboarding","Our Barcelona location was processing transactions within a week, but the Madrid site took almost a month because underwriting requested three years of bank statements instead of the one year mentioned in the initial requirements."
"FB-000407",1149205,"2025-08-14",1,"onboarding","I've got two restaurants in Athens and one in Thessaloniki. Athens locations both cleared underwriting in under a week, but Thessaloniki needed 16 days and they asked for a Greek tax registration document we'd never heard of."
"FB-000408",1652500,"2025-07-23",1,"onboarding","The Vienna store's terminal configuration was flawless - contactless, Maestro, everything worked first try. Our Graz location's terminal couldn't process Mastercard for the first two days until a remote update fixed it."
"FB-000409",347,"2025-07-11",1,"onboarding","Brussels took 8 days from application to first transaction, exactly as promised. Our Antwerp site was quoted the same timeline but actually took 14 days due to what they called ""enhanced due diligence"" on our business category."
"FB-000410",77641,"2025-07-17",3,"onboarding","We operate bakeries in Milan and Rome. Milan's setup was textbook - 5 days, terminal arrived configured, went live immediately. Rome was a disaster: 3 weeks of underwriting, terminal arrived with wrong merchant ID programmed in."
"FB-000411",818065,"2025-08-11",5,"onboarding","Our two Dublin city centre locations were approved within 72 hours each, but when we opened in Galway it took 12 days and they requested photos of the storefront which wasn't required for Dublin."
"FB-000412",1339201,"2025-09-25",1,"onboarding","The Paris flagship went from application to taking payments in 4 business days. Our Nice location took 21 days because underwriting wanted proof our seasonal business model was viable, asking for two years of revenue projections."
"FB-000413",2,"2025-07-15",2,"onboarding","Hamburg and Frankfurt stores both submitted applications same day. Hamburg was live in a week, Frankfurt took 17 days because they questioned why our average transaction value was €85 and needed a detailed business explanation."
"FB-000414",1978979,"2025-09-10",1,"onboarding","I manage three shops across Amsterdam. First one took 9 days, second took 6 days, third took 14 days with requests for updated UBO information even though nothing had changed in our corporate structure."
"FB-000415",40428,"2025-06-24",1,"onboarding","Our Bruges location was the smoothest onboarding I've experienced - 4 days total, terminal worked perfectly. The Ghent site took twice as long and the Clover Station Duo arrived without the PIN entry working on Visa transactions."
"FB-000416",1828,"2025-06-12",2,"onboarding","Porto store cleared underwriting in 7 days but the terminal took another 8 days to arrive, missing our planned opening. Faro location had underwriting drag to 15 days but terminal arrived next day after approval."
"FB-000417",1035792,"2025-09-07",5,"onboarding","We run hotels in Barcelona, Valencia and Seville. Barcelona took 5 days, Valencia 6 days, but Seville needed 20 days because they wanted to verify our tourism license which wasn't requested for the other two cities."
"FB-000418",55585,"2025-08-16",1,"onboarding","The Rome location's underwriting asked for our VAT certificate, business registration, and lease - standard stuff, done in a week. Naples asked for all that plus utility bills, director's passport, and proof of website ownership, taking 19 days total."
"FB-000419",691262,"2025-07-08",4,"onboarding","Our two Athens stores had identical applications. One was approved in 4 days, the other in 13 days, and when I asked why the delay they just said ""different underwriting queues"" which seems like a poor excuse."
"FB-000420",2057,"2025-06-24",1,"onboarding","Munich shop went live in 6 days as promised. Stuttgart took 16 days because they needed additional documentation about our German business entity even though we used the same entity for both locations."
"FB-000421",23542,"2025-08-28",5,"onboarding","The Dublin terminal was configured for multi-currency from day one. Our Waterford terminal wasn't set up for GBP transactions initially even though we'd requested it, took 3 days of back-and-forth to enable it."
"FB-000422",151752,"2025-09-25",4,"onboarding","We opened in Lyon and Toulouse same month. Lyon's underwriting wanted proof of €50,000 monthly volume projections. Toulouse didn't ask about volumes at all. Lyon took 14 days, Toulouse took 7 days."
"FB-000423",1462325,"2025-06-12",2,"onboarding","Amsterdam store's Clover Flex 5000 arrived pre-configured with our logo on receipts and all card schemes active. Utrecht's terminal came with default settings and took two site visits to get properly configured."
"FB-000424",60481,"2025-07-20",5,"onboarding","Our Antwerp and Liège locations both needed 10 days for underwriting, but Antwerp's terminal was plug-and-play while Liège's needed a firmware update before it would connect to the network properly."
"FB-000425",81615,"2025-07-16",4,"onboarding","I've got boutiques in Milan, Florence and Bologna. Milan took 8 days and was straightforward. Florence took 11 days with questions about our luxury goods category. Bologna took 22 days because they wanted proof of supplier relationships to verify our business was legitimate."
"FB-000426",102876,"2025-07-27",4,"onboarding","The underwriting process took eleven business days from application to approval, which aligned with the timeline we discussed during onboarding. This allowed us to plan our soft opening accordingly and have payment acceptance ready for our first customers."
"FB-000427",155418,"2025-06-02",1,"onboarding","We submitted our application on a Tuesday morning and received requests for additional documentation by Thursday afternoon. The two-day turnaround on document review meant we could respond quickly, though we had not anticipated needing three years of accounts rather than two."
"FB-000428",550542,"2025-06-26",1,"onboarding","Our terminal arrived within the promised five-day window, but configuration took an additional four days due to complications with our internet service provider. Once the technical team identified the router settings issue, we were processing Visa and Mastercard transactions smoothly within hours."
"FB-000429",209382,"2025-06-15",1,"onboarding","The onboarding timeline of three weeks proved longer than we had hoped, which delayed our ability to accept card payments during our busiest season in August. This likely cost us approximately €4,000 in lost sales from tourists who did not carry sufficient cash."
"FB-000430",315634,"2025-09-26",4,"onboarding","Document submission was straightforward through the online portal, and underwriting completed in just seven days. Having our Clover Flex 5000 operational ahead of our grand opening weekend gave us confidence and allowed staff time to practice transactions."
"FB-000431",10818,"2025-09-18",4,"onboarding","We experienced a two-week delay in going live because our business registration documents required certified translation from Greek to English. While frustrating, the compliance team explained the regulatory requirements clearly, and we appreciated their thoroughness."
"FB-000432",214798,"2025-09-17",1,"onboarding","The initial estimate was ten working days for approval, but we were operational in eight. This faster timeline meant we could begin accepting contactless payments during our Friday evening rush, which immediately improved customer throughput."
"FB-000433",748972,"2025-06-27",3,"onboarding","Our application required additional information about our anticipated transaction volumes, which added three days to the process. In retrospect, having detailed projections ready from the start would have accelerated our approval considerably."
"FB-000434",11581,"2025-08-08",3,"onboarding","Terminal configuration was completed remotely by the technical support team on a Wednesday morning, taking approximately forty-five minutes. By lunchtime we were processing our first live transactions, and the seamless setup minimized disruption to our operations."
"FB-000435",1972557,"2025-09-12",1,"onboarding","The underwriting process took longer than the advertised timeframe—seventeen days instead of ten—primarily due to questions about our business model. The delay meant we opened our doors accepting only cash for the first week, which created friction with customers expecting modern payment options."
"FB-000436",4282,"2025-06-18",1,"onboarding","We received our PAX A920 terminal within days, but enabling American Express acceptance required an additional approval process that took another week. For our location near the convention center, this gap meant turning away international business travelers during a major conference."
"FB-000437",867631,"2025-07-07",3,"onboarding","From application submission to processing our first transaction took exactly twelve calendar days, matching the timeline outlined in our welcome documentation. The predictability allowed us to coordinate staff training and marketing materials announcing our card acceptance."
"FB-000438",108393,"2025-08-09",5,"onboarding","The request for six months of bank statements seemed excessive for a newly established business, and sourcing these documents added five days to our timeline. Clearer guidance upfront about documentation requirements for businesses under two years old would have helped us prepare better."
"FB-000439",1295849,"2025-09-13",5,"onboarding","Our underwriting was completed in nine business days, but we encountered a three-day delay when the terminal delivery coincided with a national holiday. Despite this minor setback, we were accepting Maestro and V PAY cards before our planned launch date."
"FB-000440",53130,"2025-06-01",4,"onboarding","The approval process took fourteen days, which was within the stated range but at the longer end. During this period, we estimate we declined approximately €2,800 in sales from customers who left when informed we only accepted cash."
"FB-000441",1217647,"2025-09-04",4,"onboarding","Technical setup of our Clover Station Duo was completed in a single morning session, with the engineer walking our staff through test transactions for each card scheme. Going live on a Monday allowed us to resolve minor questions during the quieter start of the week."
"FB-000442",200576,"2025-07-16",4,"onboarding","We submitted our application on the fifteenth of the month and were processing live payments by the thirtieth, a fifteen-day turnaround that met our needs. The structured communication throughout kept us informed of each stage without requiring us to chase for updates."
"FB-000443",32808,"2025-06-22",2,"onboarding","Underwriting took nineteen days due to additional due diligence on our industry sector, which was longer than competitors had quoted. The extended timeline meant we missed our target launch date and had to postpone our promotional campaign for contactless payments."
"FB-000444",1006100,"2025-06-14",5,"onboarding","Our terminal was delivered and configured within the promised timeframe, but we discovered that split-payment functionality required a separate setup process. This feature was essential for our restaurant, and the additional four-day wait impacted our ability to handle group bookings efficiently."
"FB-000445",33825,"2025-09-16",1,"onboarding","The entire onboarding process from application to first transaction took just under two weeks. Having payment acceptance operational before our weekend market debut was critical, as approximately seventy percent of our €3,200 in opening weekend sales came through card payments."
"FB-000446",165279,"2025-09-21",4,"onboarding","We experienced excellent communication during underwriting, with status updates every three days. The process completed in thirteen business days, and the terminal arrived pre-configured, allowing us to begin accepting payments within an hour of unboxing."
"FB-000447",1,"2025-07-11",1,"onboarding","Document requirements were clearly outlined, but we underestimated the time needed to obtain a certified copy of our commercial lease. This added six days to our timeline and meant we started trading without card acceptance, which several customers commented on negatively."
"FB-000448",12188,"2025-06-05",4,"onboarding","Our approval came through in ten days as promised, but terminal delivery took an additional week due to stock availability of the model we requested. In hindsight, accepting an alternative model would have brought our go-live date forward and captured more revenue during our opening fortnight."
"FB-000449",68167,"2025-07-17",3,"onboarding","The underwriting team requested clarification on our ownership structure, which we provided within twenty-four hours, and approval followed two days later. The total timeline of eleven days allowed us to launch card acceptance concurrent with our new website, creating a cohesive customer experience."
"FB-000450",6476,"2025-07-25",5,"onboarding","Setup was completed faster than anticipated—just six business days from application to processing our first Mastercard transaction. This efficiency meant we could accept payments during our soft launch phase, generating approximately €1,400 in card sales before our official opening."
"FB-000451",1553611,"2025-09-28",5,"onboarding","Still waiting on someone to get back to me about the missing compliance documents you requested last Tuesday. I sent everything through your portal but the underwriting team keeps saying they haven't received the proof of address for our secondary location. This is now day 11 and we're losing €400-500 daily by not being able to process cards."
"FB-000452",1639758,"2025-06-20",2,"onboarding","I'm contacting you again because the terminal you sent last week is still showing configuration errors when we try to run Mastercard transactions. Your technician said on Thursday he'd call back within 24 hours but it's now Monday afternoon and nothing. We've had to turn away at least 15 customers this weekend alone."
"FB-000453",1243250,"2025-09-07",5,"onboarding","Following up on my email from 9 days ago - you promised underwriting would take 3-5 business days but we're now on week three. Every time I call I get told ""it's with the compliance team"" but no actual update. The €2,800 in lost weekend trade is really hurting our cash flow."
"FB-000454",1300,"2025-06-25",4,"onboarding","This is my third attempt to get clarity on why our account is still not live. You approved us on the 18th, sent the terminal on the 21st, but now you're asking for additional bank statements that weren't mentioned in the original requirements. We were told we'd be processing by last Friday at the latest."
"FB-000455",1379670,"2025-07-09",3,"onboarding","The Clover Flex 5000 arrived yesterday but it's not connecting to your network despite following all the setup instructions. I called support on Wednesday morning and was told an engineer would remote in to fix it - still hasn't happened. Meanwhile our busy Saturday lunch service is coming up and we can't take cards."
"FB-000456",1705556,"2025-09-03",1,"onboarding","I raised this issue 6 days ago and got no response: the underwriting team rejected our application because they said our business registration document was ""unclear"" but won't specify what's wrong with it. We've been operating for 4 years and this same document was fine for our bank. Can someone actually look at this properly?"
"FB-000457",214713,"2025-09-03",5,"onboarding","Chasing again on the terminal configuration problem I reported last Monday. Visa transactions work fine but every Maestro payment gets declined with error code 907. Your first-line support couldn't help and said they'd escalate it but I've heard nothing since. We're in Belgium and Maestro is huge here - this is costing us serious money."
"FB-000458",900877,"2025-07-09",1,"onboarding","You promised our account would be live within 5 working days but it's been 12 and we're still ""pending final checks."" I've sent three emails and called twice. Each time I'm told someone will call back same day but nobody does. We've had to delay our restaurant opening by a week now which is costing us over €3,000 in lost bookings."
"FB-000459",12413,"2025-06-04",2,"onboarding","Second time asking: why are you requesting 6 months of bank statements when your website clearly says 3 months for businesses trading over a year? I submitted everything on your checklist two weeks ago and now you're moving the goalposts. Our accountant is on holiday until next Thursday so this is going to delay us even further."
"FB-000460",446,"2025-07-25",5,"onboarding","The PAX A920 terminal you delivered is still not working and it's been 8 days since I first reported it. Your engineer said he'd send a replacement unit on Friday but nothing arrived. I've called your support line four times this week and keep getting different answers. We're processing maybe 40-50 transactions a day normally so every day without the terminal is €600-700 lost."
"FB-000461",582906,"2025-07-10",1,"onboarding","I'm following up again because nobody has responded to my query from last Wednesday about the additional €500 security deposit you're now demanding. This wasn't mentioned anywhere in the original agreement and you've already taken the first month's fees. Our underwriting was supposed to be complete but now this is holding everything up."
"FB-000462",321266,"2025-07-15",2,"onboarding","Still no resolution on the issue I raised 10 days ago where your system keeps rejecting our VAT certificate. I've uploaded it five times in different formats (PDF, JPG, PNG) and each time it says ""document not readable."" I've spoken to two different support agents who both said they'd manually review it but nothing has happened."
"FB-000463",1525,"2025-09-09",1,"onboarding","This is my fourth contact about the terminal arriving without a power adapter. Your support team said on Monday they'd courier one out same day - it's now Friday and still nothing. We can't even test the device let alone go live. The terminal model is Clover Station Duo if that helps you actually locate the right adapter this time."
"FB-000464",129,"2025-09-22",2,"onboarding","Chasing my complaint from last week about the underwriting timeline. You advertised 48-hour approval for simple retail setups but we're on day 9. When I called on Tuesday I was told it would definitely be done by Thursday. It's now Saturday morning and the status still says ""under review."" We've missed our planned launch date by 4 days."
"FB-000465",403531,"2025-09-05",3,"onboarding","Following up on the configuration issue I reported on the 3rd. The terminal keeps asking for a merchant ID that's different from what's on our welcome paperwork. Your technical team said they'd push the correct settings remotely within 2 hours but that was 6 days ago. I've tried calling back three times and just get put on hold for 20+ minutes before being disconnected."
"FB-000466",1401235,"2025-08-12",2,"onboarding","I'm contacting you again about the missing documentation list. Two weeks ago you said you needed our lease agreement, which I sent immediately. Then last week you said you also need a letter from our landlord, which wasn't on the original list. Now today I get an email asking for utility bills as well. How many more times are the requirements going to change?"
"FB-000467",403081,"2025-09-14",5,"onboarding","Second email about this: the terminal worked perfectly for the first 3 days, then suddenly stopped accepting American Express on Thursday evening. I reported it Friday morning and was told it was a ""known issue being fixed urgently"" but it's now Tuesday and Amex still doesn't work. We get maybe 8-10 Amex transactions daily, mostly from tourists, and they're our highest-value sales."
"FB-000468",40577,"2025-08-01",2,"onboarding","Still waiting for someone to explain why our application was rejected after you'd already sent us the terminal. I called last Monday and the agent said it was a mistake and she'd reopen the case immediately. Called again on Thursday and was told there's no record of that conversation. Now it's the following Tuesday and I still don't know if we need to reapply from scratch or what."
"FB-000469",1267538,"2025-06-25",3,"onboarding","This is my third message about the incorrect fee structure on our account. The contract says 1.2% for debit cards but we're being charged 1.6% on every transaction. I raised this 11 days ago with screenshots of the contract and our transaction reports. Someone replied saying they'd ""look into it"" but I've heard nothing since and the wrong fees are still being applied."
"FB-000470",11781,"2025-06-24",1,"onboarding","Following up on my call from last Thursday at around 2pm. The underwriting team requested a photo of our shop front, which seemed odd but I sent it same day. Now you're saying you need internal photos as well, plus photos of where the terminal will be located. None of this was mentioned in your initial requirements and it's adding days to an already slow process. We're on week 3 now when you promised 5 days maximum."
"FB-000471",1167088,"2025-07-18",5,"onboarding","I'm chasing again on the terminal swap I requested 9 days ago. The Clover Flex 5000 you sent is too large for our counter space and your sales agent specifically said we could exchange it for the portable model if needed. I've called twice and emailed once but keep getting told ""someone will contact you to arrange collection"" - nobody has."
"FB-000472",1223,"2025-09-14",5,"onboarding","Second attempt to get help with this: our account went live on Monday but we can't process any transactions over €100. Everything under that amount works fine. I reported it on Tuesday morning and your support agent said it was a temporary limit during our first week, but that's not mentioned anywhere in our agreement and it's killing our business. We're a furniture shop - our average sale is €350."
"FB-000473",1715,"2025-07-24",5,"onboarding","Still no answer on why you're requesting proof of our supplier relationships. I've been trading for 3 years, provided all the standard documents, and your initial email said we were approved subject to standard checks. That was 16 days ago. Now you want invoices from our suppliers going back 6 months. I've never heard of an acquirer asking for this and it feels like you're just delaying for no reason."
"FB-000474",327271,"2025-06-06",2,"onboarding","Following up on the connectivity problem I first reported last Friday. The terminal loses connection every 30-40 minutes and we have to restart it. Your technical support said it was our internet connection but our provider has tested everything and it's fine. All our other devices work perfectly. This is the Clover Station Duo model and it's making us look completely unprofessional when customers have to wait 5 minutes mid-transaction."
"FB-000475",1023290,"2025-09-07",1,"onboarding","This is my third contact about the go-live date you promised. Your sales person guaranteed we'd be processing by the 15th if we signed by the 8th, which we did. It's now the 22nd and we're still waiting for underwriting to finish. I've had to tell our customers we're cash-only for another week and we've definitely lost business because of it. The €1,200 setup fee we paid seems like a waste if you can't deliver on your own timelines."
"FB-000476",1907301,"2025-06-03",2,"onboarding","Setup took 4 business days from application to terminal delivery. Underwriting asked for 3 months bank statements and VAT cert. Went live on Thursday morning as promised."
"FB-000477",66015,"2025-07-14",4,"onboarding","Terminal arrived but wasn't configured properly - had to call support twice to get the correct MID loaded. Lost half a day of trading."
"FB-000478",1455203,"2025-07-14",1,"onboarding","They said 5-7 days but actually took 11 days to approve. Kept asking for additional proof of address even though I'd already sent utility bill."
"FB-000479",976765,"2025-07-25",4,"onboarding","Clover Station Duo was plug and play. Literally unboxed it, connected to wifi, ran a test transaction at €1.50 and started taking payments within 20 minutes."
"FB-000480",30267,"2025-06-28",4,"onboarding","Underwriting wanted to see my lease agreement because I'd only been trading 8 months. Took 9 days total but they were upfront about the delay."
"FB-000481",744598,"2025-09-15",5,"onboarding","Applied Monday, approved Wednesday, terminal delivered Friday. First real transaction was €47.80 on Saturday morning. Very smooth."
"FB-000482",125323,"2025-06-22",4,"onboarding","Document requests were excessive - bank statements, business registration, passport copy, proof of premises. Took me a week just to gather everything."
"FB-000483",560,"2025-06-14",2,"onboarding","PAX A920 setup was straightforward but the initial transaction limit was set to €50 which wasn't communicated. Had to call to increase it before lunch rush."
"FB-000484",1259049,"2025-07-07",5,"onboarding","Promised 3-5 days, actually went live in 3 days. Impressed. Terminal was pre-configured and worked immediately."
"FB-000485",741,"2025-07-14",1,"onboarding","Underwriting took 6 days. They called to verify my business activity which I appreciated. Terminal delivered next day by courier."
"FB-000486",76143,"2025-06-01",3,"onboarding","Setup dragged to 14 days because underwriting flagged my business category. Had to provide additional explanation about my product range and supplier invoices."
"FB-000487",1724967,"2025-06-03",1,"onboarding","Terminal arrived Tuesday but couldn't go live until Friday because the acquiring bank needed extra compliance checks. Frustrating delay during busy week."
"FB-000488",113680,"2025-07-16",4,"onboarding","Applied online Thursday evening. Approved Monday morning. Clover Flex 5000 arrived Wednesday. Took first Mastercard payment at €23.40 same day."
"FB-000489",1764583,"2025-06-05",5,"onboarding","They requested company accounts even though I'm a sole trader. Sent tax return instead which they accepted. 8 days start to finish."
"FB-000490",1451444,"2025-07-27",2,"onboarding","Very quick - 4 days total. Terminal was already configured with correct merchant details. Ran €0.01 test then went straight into live mode."
"FB-000491",883276,"2025-09-21",2,"onboarding","Underwriting took 7 days which was within the promised timeframe. Terminal setup instructions were clear. Processing Visa and Mastercard by end of week two."
"FB-000492",1428704,"2025-09-12",5,"onboarding","Slower than expected - 12 days. They wanted proof of website ownership and screenshots of product listings. Eventually approved with €2000 daily limit initially."
"FB-000493",322475,"2025-08-21",3,"onboarding","Terminal delivered but manual was only in English, not Italian. Figured it out anyway. First transaction €156.00 on Monday morning."
"FB-000494",1286393,"2025-07-13",3,"onboarding","Applied on 15th, approved on 22nd, terminal on 24th. Exactly as they estimated. No issues with documentation or setup."
"FB-000495",1536351,"2025-06-27",1,"onboarding","Underwriting asked for bank statements showing €15000 monthly turnover history. Took 10 days but they explained the requirements clearly upfront."
"FB-000496",302,"2025-07-06",3,"onboarding","PAX terminal arrived pre-configured but the paper roll was missing. Small issue. Started taking contactless payments within an hour of delivery."
"FB-000497",1049613,"2025-07-16",4,"onboarding","Setup took 6 days. Had to provide additional ID verification because my business address differed from home address. Reasonable request."
"FB-000498",28893,"2025-09-22",5,"onboarding","They promised 5 days, took 13 days. Underwriting kept requesting clarifications about my business model. Terminal itself worked fine once it arrived."
"FB-000499",1204917,"2025-08-03",5,"onboarding","Fast process - approved in 3 days. Clover Station Duo delivered next day. Processed €890 in first afternoon, mostly contactless under €50."
"FB-000500",384420,"2025-09-09",5,"onboarding","Underwriting completed in 5 days. Terminal took another 3 days to arrive. Configuration was correct and I was processing Visa Debit transactions same day."
"FB-000501",41004,"2025-08-15",3,"onboarding","The underwriting took eight business days which was acceptable, but the Clover Flex 5000 they sent had the wrong acquirer BIN configured and kept declining test Mastercard transactions with response code 05. Had to call technical support twice before they pushed the correct parameters on day three of testing."
"FB-000502",1032557,"2025-07-16",4,"onboarding","We requested contactless limit increase to €100 for our pharmacy and the documentation process was straightforward - just needed to upload our business license and VAT certificate. Terminal went live in six days, faster than the ten days quoted, and the PAX A920 has been processing chip and contactless perfectly since installation."
"FB-000503",1850350,"2025-09-21",5,"onboarding","Honestly frustrated with how long the KYC process dragged on - they asked for proof of address three separate times because apparently our utility bill format from Portugal wasn't clear enough. Took nineteen days total when we were promised seven to ten days maximum. The Clover Station Duo works fine now but we lost two weeks of card revenue during our opening."
"FB-000504",459463,"2025-08-21",4,"onboarding","Setup was mostly smooth but the terminal kept timing out during batch settlement around 23:45 every night for the first week. Turns out the TMS configuration had the wrong timezone set for our location in Athens - we're EET not CET. Support fixed it remotely within 24 hours of us reporting it but those failed settlements were nerve-wracking."
"FB-000505",52,"2025-09-21",2,"onboarding","They needed our articles of incorporation, beneficial ownership declaration, six months of bank statements, and processing history from our previous acquirer. Took me four days just to gather everything. Underwriting completed in eleven business days and the Clover Flex 5000 arrived pre-configured, which was brilliant - literally plug and play."
"FB-000506",462728,"2025-08-13",3,"onboarding","The promised five-day turnaround became fourteen days because compliance kept asking for additional documentation about our e-commerce integration. When the credentials finally arrived, the 3DS2 authentication flow wasn't working properly - kept getting error code 1030 on the test gateway. Took another three days and two technical calls to resolve the EMVCo protocol version mismatch."
"FB-000507",706292,"2025-08-01",4,"onboarding","We're a bakery in Brussels and needed something simple. Application approved in four days, terminal arrived day six. The Clover Flex 3500 was dead simple to set up - just connected to our WiFi and it auto-configured. First live transaction was a €4.50 contactless Visa that went through instantly. Very pleased."
"FB-000508",21720,"2025-06-04",2,"onboarding","Major issue with the initial terminal deployment - the PAX A77 they sent had currency set to GBP instead of EUR, so every transaction was converting unnecessarily. Didn't notice until we'd processed about €2,400 in sales and the settlement report looked completely wrong. They replaced the terminal but we lost three days of proper trading."
"FB-000509",271970,"2025-08-09",2,"onboarding","Underwriting requested our German trade license, proof of business premises, and processing projections. All reasonable. What wasn't reasonable was the Clover Station Duo arriving with a firmware version from 2019 that didn't support SCA-compliant contactless over €50. Had to wait for an overnight firmware push before we could go live properly."
"FB-000510",84,"2025-06-05",5,"onboarding","Applied on a Monday, got conditional approval by Thursday, submitted the last documents Friday morning, and was fully live the following Wednesday. Nine calendar days total. The terminal configuration was perfect out of the box - contactless, chip, magour previous provider all working, receipt printer aligned correctly, and batch settlement happening automatically at midnight as configured."
"FB-000511",30971,"2025-07-16",5,"onboarding","They quoted seven to ten business days but it took twenty-three because our business structure as a French SAS apparently required additional compliance review. The PAX IM30 mobile terminal works great now but the delay meant we missed our planned launch date for our food truck's summer season opening."
"FB-000512",167164,"2025-07-10",4,"onboarding","The Clover Flex 3000 integration with our POS system was more complex than anticipated. Terminal arrived on day five as promised, but the semi-integrated setup required specific COM port configuration and the documentation provided was outdated. Spent two days troubleshooting why transaction amounts weren't passing correctly from the POS - turned out to be a baud rate mismatch at 9600 instead of 115200."
"FB-000513",50522,"2025-09-23",1,"onboarding","Underwriting was quick - six business days - but nobody told us the terminal needed a static IP for the integrated setup we requested. Our restaurant WiFi uses DHCP and we had to get our IT contractor involved to configure a reservation. Cost us €150 and two days when this should have been mentioned in the setup guide."
"FB-000514",109513,"2025-08-03",2,"onboarding","Applied for our Dublin retail shop on the 3rd, provided all documents same day, approved on the 9th, terminal delivered on the 11th. Clover Station Duo worked immediately. First transaction was a €127.80 Mastercard contactless that processed in under two seconds. Exactly the experience we hoped for."
"FB-000515",180938,"2025-08-09",3,"onboarding","The Clover Flex DX8000 for our petrol station needed specific fuel pump integration parameters that weren't configured initially. Terminal kept returning error 908 when trying to authorize pay-at-pump transactions over €100. Took five days and escalation to second-level support to get the pre-authorization settings corrected to allow up to €150 holds."
"FB-000516",904368,"2025-09-04",1,"onboarding","We're a small hotel in Austria and the underwriting process required our tourism license and occupancy projections. Reasonable enough. Terminal arrived in eight days but the multi-currency DCC feature we specifically requested wasn't activated. Guests were asking to pay in USD and CHF but the PAX S920 only showed EUR. Took three support calls over four days to enable it."
"FB-000517",418137,"2025-08-23",3,"onboarding","Fantastic experience overall - applied Tuesday morning, uploaded all KYC documents by Tuesday afternoon, approved Thursday, terminal shipped Friday, arrived Monday, went live Tuesday. Eight calendar days from application to first transaction. The Clover Station Duo Plus had perfect configuration including our custom receipt header and footer pre-loaded."
"FB-000518",925,"2025-06-17",1,"onboarding","The underwriting team asked for our Spanish CIF, bank account certification, and business plan. Provided everything within 48 hours but then heard nothing for twelve days. Chased twice before getting approval. Terminal configuration was fine but the communication during underwriting was poor - a simple status update would have helped manage expectations."
"FB-000519",283610,"2025-06-19",2,"onboarding","Our Greek taverna needed seasonal processing due to tourist trade. The application process took nine days which was fine, but the PAX A920 arrived with a standard merchant agreement that didn't reflect the seasonal volume structure we'd discussed. Had to get contract amended before going live, adding another week. Terminal itself works perfectly for high-volume summer periods."
"FB-000520",761268,"2025-08-14",2,"onboarding","The Clover Flex 5000 we received had intermittent connectivity issues - would drop the 4G connection mid-transaction about once every fifteen transactions. Happened consistently with transactions over €80 for some reason. They replaced it after four days of diagnostics but we had several failed sales during our Saturday market days when we needed reliability most."
"FB-000521",1271877,"2025-07-17",2,"onboarding","Underwriting took exactly seven business days as quoted. Documents required were standard - business registration, ID, bank details. The Clover Station Duo arrived pre-configured but the contactless reader was overly sensitive - would sometimes read cards still in customers' wallets from 8-10cm away. Support adjusted the RF field strength remotely and it's been perfect since."
"FB-000522",127924,"2025-06-02",3,"onboarding","We needed split funding for our marketplace model - different settlement accounts for different vendor categories. This added complexity to underwriting which took eighteen days instead of the standard ten. The PAX IM30 terminals work flawlessly but the initial setup required custom parameter files for each vendor category which weren't documented clearly in the merchant portal."
"FB-000523",459101,"2025-07-05",4,"onboarding","Applied for our Netherlands coffee shop, provided all documents including KVK registration. Approved in five days. The Clover Flex 3500 arrived but nobody mentioned we needed to perform an initial key exchange before processing live transactions. Spent an hour on the phone with support walking through the TMK injection process - this should have been in the quick start guide."
"FB-000524",1280973,"2025-07-05",3,"onboarding","Terminal arrived on day six as promised but the PIN pad on the Clover Station Duo was registering double-presses on the number 4 button. Made PIN entry frustrating for customers. Reported it immediately and they shipped a replacement which arrived next day. Good support response but quality control should have caught this before shipping."
"FB-000525",796,"2025-08-19",5,"onboarding","Our Italian restaurant needed both countertop and mobile terminals. Underwriting took ten days for both. The Clover Flex 5000 was perfect but the Move 3500 had battery issues - would die after about forty transactions despite showing 60% charge. Firmware update fixed it but we lost confidence during our first busy weekend service when it died during the Saturday dinner rush."
"FB-000526",737821,"2025-08-11",4,"onboarding","Took 11 days to get underwriting done when you promised 3-5. Had to chase twice for an answer. Not impressed."
"FB-000527",357686,"2025-07-06",1,"onboarding","Why do you need three months of bank statements when I've only been trading for six weeks? Makes no sense. Just want to take Visa payments."
"FB-000528",163600,"2025-06-15",3,"onboarding","Terminal arrived but wasn't configured properly. Spent 45 minutes on hold Thursday morning when I should've been serving customers. Sort it out."
"FB-000529",9996,"2025-09-24",3,"onboarding","Asked for my business license on day 1, then on day 8 asked for it again like you lost it. Do you people talk to each other?"
"FB-000530",251553,"2025-06-24",3,"onboarding","You said 5 working days. Took 14. Lost €800 in card sales because I couldn't process anything. Unacceptable."
"FB-000531",260949,"2025-06-01",5,"onboarding","Got the Clover Flex but no one told me I needed a separate PIN pad for contactless over €50. Now I have to wait another week."
"FB-000532",293239,"2025-06-03",5,"onboarding","Underwriting wanted proof of address for the business. Sent it. Then they wanted proof of MY address. Then they wanted a utility bill less than 3 months old. Ridiculous hoops."
"FB-000533",1566326,"2025-07-02",4,"onboarding","Went live on a Saturday when you promised Friday. Missed the weekend trade. That's my busiest time."
"FB-000534",1221630,"2025-09-13",5,"onboarding","Why does it take 9 days to approve a coffee shop? I'm not selling weapons. Just need to take Mastercard and Visa."
"FB-000535",21410,"2025-08-11",3,"onboarding","Document portal didn't work on mobile. Had to go home and use my laptop. Wasted half a day. This is 2024."
"FB-000536",567265,"2025-07-02",3,"onboarding","Terminal came configured for the wrong currency. I'm in Ireland, not the UK. Took three days to fix. Amateur hour."
"FB-000537",387315,"2025-07-06",4,"onboarding","You approved me in 4 days which was great, then took another 8 days to ship the terminal. What's the point of fast underwriting?"
"FB-000538",985337,"2025-08-06",5,"onboarding","Asked for a VAT certificate but I'm below the threshold. Told them this twice. Still delayed my application by a week."
"FB-000539",602483,"2025-07-17",3,"onboarding","Support closed at 5pm when I finally had time to call about the setup issue. Can't do this during business hours. Need evening support."
"FB-000540",1652399,"2025-09-14",5,"onboarding","Promised 48 hour approval for simple retail. Took 6 days and multiple emails. Don't promise what you can't deliver."
"FB-000541",669098,"2025-09-15",3,"onboarding","Terminal manual was in German. I'm in Dublin. Couldn't figure out the settlement settings. Had to call support."
"FB-000542",320408,"2025-07-07",5,"onboarding","They wanted to see my lease agreement to prove the business address. I own the building. Took days to explain this."
"FB-000543",1861138,"2025-08-03",2,"onboarding","Got approved Monday, terminal arrived Thursday, but couldn't go live until the following Tuesday because ""technical team only does activations twice a week."" Joke."
"FB-000544",1894228,"2025-07-01",1,"onboarding","Underwriting asked for projected card volume. I said €15k monthly. They came back asking for proof. How do I prove future transactions? Nonsense."
"FB-000545",77720,"2025-07-10",4,"onboarding","Set up took 3 weeks total. You advertised 5 days on your website. False advertising if you ask me."
"FB-000546",161701,"2025-08-02",3,"onboarding","Had to send passport copy, then they said the photo was too dark. Sent it again. Then they said it was expired even though it's valid until 2026. Incompetent."
"FB-000547",528324,"2025-07-23",3,"onboarding","Terminal worked fine for Visa but Mastercard transactions kept failing. Took 2 days to diagnose. Lost sales."
"FB-000548",70107,"2025-07-08",1,"onboarding","Approved on Wednesday, told terminal would ship same day. Didn't ship until Monday. Tracking number didn't work. No communication."
"FB-000549",298,"2025-06-08",5,"onboarding","Why do I need to fill out a 40-question risk assessment for a bakery doing €8k monthly? Completely over the top."
"FB-000550",57658,"2025-07-03",3,"onboarding","Got the device working but no one explained the daily cutoff time. First week's settlements were a mess. Need better onboarding docs."
"FB-000551",491693,"2025-09-22",2,"reporting","The dashboard shows €12,847.32 settled on 15th June but our bank statement reflects €12,839.14 for the same date. I need to identify the €8.18 discrepancy but cannot drill down to see which specific transactions are included in each settlement batch."
"FB-000552",598810,"2025-08-01",4,"reporting","I've been trying to export transaction data for Q3 2024 but the CSV file only contains 2,847 records when the dashboard summary indicates 3,102 transactions processed. The missing 255 transactions represent approximately €4,890 in value that I cannot account for in my reconciliation."
"FB-000553",959818,"2025-06-09",2,"reporting","On Tuesday 23rd June between 14:00 and 15:00, we processed a Mastercard refund for €156.80 but I cannot locate this transaction anywhere in the reporting interface despite having the last four digits of the card and the exact timestamp."
"FB-000554",502253,"2025-09-26",1,"reporting","The daily settlement report combines all three of our terminals into one figure, but for internal cost allocation I need to see the breakdown by individual device. Terminal ID ending in 4782 handles our restaurant transactions while 4791 is at the bar, and I cannot separate these revenue streams."
"FB-000555",676391,"2025-08-27",4,"reporting","When I export data for the week of 5th-11th June, the file shows transaction dates but not settlement dates, making bank reconciliation extremely difficult. I need both columns to properly match our banking records."
"FB-000556",1511,"2025-09-17",2,"reporting","The dashboard displays €847.20 in Visa transactions for 18th June, but when I add up the individual transactions in the detailed view I only reach €831.45. There's a €15.75 difference that I've spent two hours trying to trace."
"FB-000557",25793,"2025-06-17",4,"reporting","I require a report showing transactions grouped by day of the week across the entire month of June 2024. Currently I can only view calendar days, but I need to analyze whether our Saturday trading of approximately €3,200 per day justifies the additional staffing costs."
"FB-000558",119701,"2025-07-14",5,"reporting","Our accountant needs transaction data split by card scheme for VAT reporting purposes. The current export shows Visa, Mastercard and Amex all combined, but we need separate totals as the merchant service charges differ significantly between schemes."
"FB-000559",1559754,"2025-07-14",4,"reporting","On 8th June we processed 127 transactions totaling €2,847.63, but the settlement report shows only €2,819.40 deposited. The dashboard doesn't clearly show which fees or chargebacks were deducted to arrive at the net amount."
"FB-000560",24445,"2025-06-06",1,"reporting","I need to export all refunds processed in June 2024 as a separate file. Currently they appear mixed with regular sales in the transaction list, and manually filtering through 4,500+ records is not practical for month-end reporting."
"FB-000561",1092978,"2025-08-12",5,"reporting","The terminal with ID ending 3394 shows €1,247.80 processed on Sunday 11th June, but this device was not in use that day as we are closed Sundays. I cannot find any way to dispute or investigate this discrepancy through the dashboard."
"FB-000562",299663,"2025-09-18",1,"reporting","For our annual audit, I need transaction reports broken down by till operator for the period September-September 2023. We have four staff members using two terminals and currently there is no way to attribute transactions to individual operators."
"FB-000563",937775,"2025-07-18",5,"reporting","The settlement on 4th July shows a deduction of €127.50 labeled as ""adjustments"" but provides no further detail. I need to see exactly what this relates to - whether chargebacks, fees, or corrections - with specific transaction references."
"FB-000564",1905441,"2025-06-08",5,"reporting","When exporting data, the timestamp format shows as 24-hour clock in the dashboard but converts to 12-hour format in the CSV file without AM/PM indicators. This caused significant confusion when reconciling our 19:30 batch which appeared as 7:30 in the export."
"FB-000565",51813,"2025-09-26",2,"reporting","I'm trying to locate a contactless Visa transaction for €43.60 processed on 29th June around lunchtime. The search function requires either the full card number or transaction ID, neither of which I have - only the amount and approximate time."
"FB-000566",18221,"2025-09-12",5,"reporting","Our bank statement shows three separate deposits on 12th June totaling €8,942.15, but the dashboard only displays one settlement figure. I need to see how this total was split across the three banking transactions to complete my reconciliation."
"FB-000567",396,"2025-06-20",2,"reporting","The monthly summary for June 2024 shows 3,847 transactions, but when I filter the transaction list for dates 1st-31st June and export, I receive only 3,791 records. These 56 missing transactions are preventing me from closing the month's accounts."
"FB-000568",220530,"2025-08-15",4,"reporting","I need a report showing average transaction value by terminal for each day in June. Terminal 5623 handles our retail counter while 5624 is for our café, and management requires separate performance metrics for each business unit."
"FB-000569",1635368,"2025-08-05",2,"reporting","On Friday 16th June we had an unusually high number of declined transactions - approximately 23 between 17:00 and 18:00. These don't appear anywhere in the reporting, but I need to document them for our payment acceptance rate analysis."
"FB-000570",319549,"2025-06-15",1,"reporting","The dashboard shows €467.30 in Amex transactions for 21st June, but our Amex statement reflects €482.15 for the same date. I cannot identify which transactions are missing or whether there's a timing difference in how settlements are recorded."
"FB-000571",676624,"2025-07-10",1,"reporting","I've been attempting to export all transactions over €100 for June 2024 for our large transaction review process. The dashboard has no amount filter, so I must export all 5,200+ transactions and manually sort them in Excel."
"FB-000572",2675,"2025-08-22",5,"reporting","Settlement received on 2nd July was €347.82 less than expected based on the previous day's trading of €6,891.45. The dashboard shows various fees totaling €89.20, but this still leaves €258.62 unexplained."
"FB-000573",8,"2025-09-05",5,"reporting","For our quarterly VAT return, I need transaction totals broken down by week, showing Monday 1st June through Sunday 31st June 2024. The current reporting only offers daily or monthly views, neither of which aligns with our accounting periods."
"FB-000574",349225,"2025-08-26",2,"reporting","On 19th June at 16:42 we processed a refund of €234.50 to a Mastercard, but this appears as a negative sale in the export rather than being clearly identified as a refund transaction. This creates confusion in our bookkeeping system."
"FB-000575",330,"2025-08-24",4,"reporting","The transaction detail for 7th June shows 89 chip and PIN transactions and 34 contactless, but I need to see the value split between these payment methods, not just the count. Contactless has a €50 limit so this affects our fraud risk assessment."
"FB-000576",16473,"2025-07-17",2,"reporting","I require a year-to-date report showing total card processing fees deducted, broken down by month from June through June 2024. The current statements show fees per transaction but no cumulative totals, making budget variance analysis extremely time-consuming."
"FB-000577",844,"2025-09-01",2,"reporting","I'm still learning how all this works - is there a way to see which transactions came through which of my two terminals? I have them in different parts of the shop and it would help me understand customer flow better."
"FB-000578",4,"2025-09-20",1,"reporting","Quick question about the dashboard - when I download the CSV file, can I filter it to show only Mastercard transactions? I'm trying to match up some payments from last Tuesday."
"FB-000579",1,"2025-09-25",1,"reporting","Hi, I've been accepting cards for about two months now and I'm wondering how to find a specific €47.80 transaction from June 3rd? My accountant needs the details but I'm not sure where to look in the reporting section."
"FB-000580",167261,"2025-09-07",5,"reporting","Is there a guide somewhere on how to reconcile the daily totals I see in the portal with what actually lands in my bank account? The amounts are close but not exactly the same and I want to make sure I'm doing my bookkeeping correctly."
"FB-000581",227661,"2025-06-26",5,"reporting","I noticed the dashboard shows my weekly totals but is there a way to break this down by individual days? It would really help me see which days are busiest for card payments."
"FB-000582",467848,"2025-07-27",5,"reporting","Just started using the Clover Flex 5000 terminal last month - when I export transaction data, does it show which terminal each payment came from? I have three locations and need to track them separately."
"FB-000583",1537942,"2025-07-10",5,"reporting","Could someone explain what the difference is between the settlement date and transaction date in the reports? I'm trying to match things up with my bank statement and getting a bit confused."
"FB-000584",388759,"2025-09-20",1,"reporting","I'm quite new to this - is there a way to see how many Visa versus Mastercard transactions I processed last week? Just curious about the breakdown."
"FB-000585",36238,"2025-08-27",5,"reporting","When I look at Monday's transactions, I see €1,247.50 in the dashboard but €1,235.20 hit my bank account on Wednesday. Is there a report that explains this difference? I'm sure there's a logical reason but I'd like to understand it."
"FB-000586",1430,"2025-07-14",1,"reporting","Hello, I've been taking card payments for six weeks now and I'm wondering if I can export just the transactions from my morning shift, say between 8am and 2pm? Would help me with staff reconciliation."
"FB-000587",6143,"2025-09-10",2,"reporting","Is there a way to filter the transaction list to show only contactless payments? I'm trying to understand how many customers are using tap-to-pay versus chip and PIN."
"FB-000588",244814,"2025-07-22",3,"reporting","I have two tills and I'd really like to see separate daily reports for each one. Is this something I can set up in the merchant portal or do I need to request it?"
"FB-000589",614,"2025-09-04",3,"reporting","Quick question - when I download the monthly report, can I get it to show the card scheme fees separately for each transaction? My bookkeeper asked me about this."
"FB-000590",300,"2025-06-11",2,"reporting","I'm still getting used to the system - where would I find a transaction from last Saturday afternoon around 4pm for €23.45? A customer has a query about it."
"FB-000591",582178,"2025-08-27",3,"reporting","The weekly summary is helpful but I'd love to see a breakdown by hour of the day if possible. I'm trying to figure out our peak trading times for card payments."
"FB-000592",687033,"2025-06-06",3,"reporting","Hi there, been accepting cards for about eight weeks now. Is there a way to see which transactions were refunds versus regular sales in the export? They all look the same to me in the spreadsheet."
"FB-000593",425529,"2025-06-15",4,"reporting","I'm trying to match up Friday's card takings with my Z-report from the till. The dashboard shows €892.30 but I'm not sure if that includes the €15.00 refund I processed. Where would I check this?"
"FB-000594",525806,"2025-07-20",5,"reporting","Could I get some help understanding how to filter transactions by terminal ID? I have a Clover Station Duo and a Paxx A920 and need to track them separately for my two shop locations."
"FB-000595",4812,"2025-06-01",5,"reporting","Is there a report that shows me the average transaction value per day? I'm trying to understand customer spending patterns since we started taking cards in June."
"FB-000596",610388,"2025-07-10",2,"reporting","When I export data for my accountant, is there a way to include the last four digits of the card number? She mentioned it would help with her reconciliation process."
"FB-000597",685580,"2025-06-16",3,"reporting","I've noticed some transactions from Sunday don't appear in Monday's settlement. Is there a report that shows me which transactions are in which settlement batch? Still learning how the timing works."
"FB-000598",86502,"2025-08-19",3,"reporting","Just wondering if the dashboard can show me a breakdown of debit versus credit card transactions? I've heard the fees are different and I'd like to understand what my customers are using."
"FB-000599",802677,"2025-06-23",2,"reporting","Hi, I'm fairly new to card payments - is there a way to see transactions grouped by till number for each day of the week? I have four terminals and it would really help with my daily reconciliation."
"FB-000600",1,"2025-06-09",5,"reporting","When I look at the transaction list, can I sort it by amount? I'm trying to find a €156.70 payment from Wednesday but there are quite a few transactions that day."
"FB-000601",28620,"2025-08-15",1,"reporting","I'm trying to understand the merchant portal better - is there a way to see how many transactions I processed each day last month? I'd like to track if card usage is growing in my shop."
"FB-000602",24267,"2025-06-20",1,"reporting","Looking at our Dublin and Cork locations side by side, the transaction volumes are completely different but the dashboard treats them the same. Would be brilliant to have separate reconciliation reports for each site that I could just download on Monday mornings instead of filtering through 800+ transactions manually."
"FB-000603",131971,"2025-09-08",3,"reporting","The till breakdown feature is useless when you operate 4 locations - I need to see Tuesday's Visa transactions for the Amsterdam shop versus the Rotterdam one, not just a combined number. Takes me hours to reconcile each site to their bank statements."
"FB-000604",337671,"2025-06-12",3,"reporting","Our Lisbon store processes maybe 50 transactions daily while Porto does 300+, but I get one massive CSV export with everything jumbled together. Can we get per-location exports that actually match what hits each bank account?"
"FB-000605",506710,"2025-08-06",4,"reporting","I've got terminals across three German cities and when I'm trying to find a specific €47.80 Mastercard refund from last Wednesday, the search function doesn't let me filter by location first. End up scrolling through hundreds of irrelevant transactions from the other sites."
"FB-000606",956604,"2025-08-08",3,"reporting","Dashboard shows me total daily takings but I operate in Dublin, Galway and Limerick - need to see each location broken down by day of week so I can spot patterns. Right now it's just one big number that means nothing for managing individual sites."
"FB-000607",494158,"2025-07-04",4,"reporting","The reconciliation is a nightmare with 6 locations across Belgium. Each site has its own bank account but the reporting lumps everything together, so I'm manually splitting out Brussels from Antwerp from Ghent every single day."
"FB-000608",14903,"2025-09-09",5,"reporting","Why can't I export data by individual till when I've got 2 terminals in Paris and 3 in Lyon? The bank statements come in separately for each location but your reports don't match that structure at all."
"FB-000609",17798,"2025-09-04",2,"reporting","Running shops in Madrid and Barcelona means different banking arrangements, but the dashboard gives me one consolidated view. I need separate daily summaries for each city that I can send to my accountant without spending 2 hours reformatting spreadsheets."
"FB-000610",490216,"2025-08-07",4,"reporting","Our Athens location does mostly small transactions under €20 while Thessaloniki averages €65, but I can't easily compare their performance day by day. The reporting just shows combined figures which hides what's actually happening at each site."
"FB-000611",847,"2025-09-19",4,"reporting","I've got 5 stores across Austria and when I download transaction data, there's no easy way to see which terminal ID corresponds to which location. Makes reconciliation to individual bank accounts basically impossible without cross-referencing everything manually."
"FB-000612",498679,"2025-06-08",5,"reporting","The Milan store has 3 tills and Rome has 2, but the dashboard doesn't break down transactions by individual terminal within each location. When there's a discrepancy of €156 on a Friday, I've got no idea which specific till had the issue."
"FB-000613",592618,"2025-09-23",4,"reporting","Need better filtering options - I operate in both Ireland and Netherlands and the reporting doesn't let me quickly separate out the two countries. Each has different banking and I'm wasting hours every week sorting transactions manually."
"FB-000614",1001833,"2025-07-02",3,"reporting","Our Porto location processes way more Multibanco transactions than Lisbon, but the dashboard doesn't break down payment methods by site. I need to see which card schemes are popular where so I can optimize our processing costs per location."
"FB-000615",91686,"2025-07-23",1,"reporting","I've got morning and evening staff across 3 Belgian stores and can't easily see which shift at which location is processing more transactions. The time stamps are there but there's no way to group by location AND time of day in the reports."
"FB-000616",158743,"2025-08-21",3,"reporting","When I export data for my accountant, I need separate files for Dublin versus Belfast because they're different tax jurisdictions, but the system only gives me one combined export. Then I'm manually splitting 400+ weekly transactions in Excel."
"FB-000617",1111226,"2025-09-24",2,"reporting","The dashboard shows €12,450 for last Monday but that's across 4 German locations with 4 different bank accounts. I need to see the breakdown by site immediately, not have to apply filters and export multiple times to reconcile each one."
"FB-000618",81,"2025-07-28",3,"reporting","Running stores in both Spain and Portugal means I'm dealing with different currencies and banking systems, but the reporting treats everything the same. Need location-specific views that actually match how the money flows into separate accounts."
"FB-000619",82505,"2025-09-09",1,"reporting","Our Amsterdam terminal does loads of contactless under €50 while The Hague gets more chip and PIN for higher amounts, but I can't see these patterns per location in the dashboard. Makes it hard to understand customer behaviour at each site."
"FB-000620",5,"2025-08-15",2,"reporting","I've got 3 locations in France and when there's a disputed transaction, finding it means scrolling through combined data from all sites. Should be able to search within a specific location first, especially when I know it was the Nice store on Saturday afternoon."
"FB-000621",1274386,"2025-06-04",4,"reporting","The reconciliation report comes as one file but I bank separately for each of my 4 Irish locations. Splitting out Cork from Waterford from Kilkenny every day is adding an hour to my admin time when the system should just do this automatically."
"FB-000622",60806,"2025-08-14",5,"reporting","Our Greek stores have very different transaction patterns - islands versus Athens - but the dashboard doesn't let me compare them side by side by day of week. I need to see if Saturdays in Santorini outperform Mondays in Athens, not just total weekly figures."
"FB-000623",901,"2025-06-08",1,"reporting","I operate 2 sites in Austria with different terminal models at each, and when I'm trying to reconcile a specific day's takings, I can't easily filter by both location and terminal type. The €8,900 from last Thursday could be from either site and I'm hunting through everything."
"FB-000624",18771,"2025-08-27",5,"reporting","Why does the CSV export not include a clear location identifier in the first column? I've got stores in 3 countries and have to match terminal IDs to locations using a separate spreadsheet I maintain myself, which defeats the purpose of automated reporting."
"FB-000625",53594,"2025-08-01",1,"reporting","Our Barcelona location trades later than Madrid so the end-of-day figures come in at different times, but the dashboard just shows calendar days without letting me set location-specific cut-off times. Makes daily reconciliation inconsistent across sites."
"FB-000626",19537,"2025-06-13",1,"reporting","I need till-level detail for each of my 7 locations across Netherlands and Belgium because each terminal reconciles to a different merchant account. Right now I'm downloading one massive file and spending my Sunday mornings sorting it all out manually."
"FB-000627",9412,"2025-09-12",4,"reporting","The current dashboard makes it difficult to reconcile our daily takings with what arrives in our bank account. We process approximately 200 transactions per day across three terminals, and the lack of a clear settlement report means we spend an extra two hours each week manually checking everything."
"FB-000628",25719,"2025-06-12",1,"reporting","Our accountant has requested transaction data broken down by individual till point, but the export function only provides a consolidated view. This creates significant additional work during our quarterly VAT returns as we must manually separate the data from our four locations."
"FB-000629",263091,"2025-06-19",2,"reporting","When customers dispute charges, we need to locate specific transactions quickly, but searching by the last four digits of a card number returns too many results. The inability to filter by terminal ID simultaneously means we often spend 15-20 minutes finding a single €47 transaction from three weeks ago."
"FB-000630",1425857,"2025-07-25",3,"reporting","The reporting lag of 48 hours makes it impossible to identify discrepancies in real-time. By the time we notice a missing batch from our Saturday evening service, the trail has gone cold and staff members have moved on to other shifts."
"FB-000631",305523,"2025-08-25",1,"reporting","We require daily breakdowns showing Mastercard versus Visa volumes to negotiate better rates with our acquirer. The current monthly summary doesn't provide sufficient granularity for these commercial discussions, which directly impacts our margin on card acceptance."
"FB-000632",55944,"2025-09-15",1,"reporting","Exporting transaction data for our bookkeeping software requires three separate downloads and manual reformatting. This inefficiency costs us approximately four hours per month in administrative time that could be better spent on customer-facing activities."
"FB-000633",312626,"2025-08-24",3,"reporting","The dashboard doesn't clearly distinguish between refunds and original transactions in the daily summary view. This caused confusion last month when we processed €3,200 in refunds on a Tuesday, making our net takings appear significantly lower than expected."
"FB-000634",2258,"2025-06-26",3,"reporting","We operate two shifts and need reporting that separates morning from afternoon trading. Currently, the 24-hour consolidated view makes it impossible to assess individual shift performance or identify which team is processing transactions most efficiently."
"FB-000635",1369138,"2025-07-25",2,"reporting","Finding a specific €125.50 transaction from 12 days ago required scrolling through 18 pages of records. A more robust search function with amount filtering would dramatically reduce the time we spend on customer service queries and dispute resolution."
"FB-000636",757156,"2025-06-05",4,"reporting","The inability to export data by card scheme means we cannot verify the interchange fees being applied to our account. We process approximately €45,000 monthly, and even small discrepancies in scheme fees can significantly impact our bottom line."
"FB-000637",3156,"2025-09-01",2,"reporting","Our reconciliation process is hampered by the dashboard showing transaction time in CET while our bank statements reflect local time. This one-hour difference creates confusion when matching payments, particularly for transactions processed near midnight."
"FB-000638",168798,"2025-08-07",3,"reporting","We need weekly reports broken down by terminal to assess which of our five locations generates the most card revenue. The current monthly aggregation doesn't allow us to make timely decisions about staffing or inventory allocation across our sites."
"FB-000639",2003,"2025-07-16",3,"reporting","The export function times out when we attempt to download more than 1,000 transactions, forcing us to make multiple requests for busy periods. During September, this meant eight separate downloads just to get our monthly data for year-end accounting."
"FB-000640",29194,"2025-06-16",3,"reporting","When investigating a chargeback for €89.30, we couldn't determine which of our three Clover Flex processed the transaction. Adding terminal identifiers to the transaction detail view would significantly streamline our dispute management process."
"FB-000641",6670,"2025-09-08",1,"reporting","The dashboard doesn't provide a clear audit trail showing when batches were settled to our bank account. This makes month-end reconciliation extremely challenging, particularly when settlements span across calendar months due to weekend processing delays."
"FB-000642",81827,"2025-08-17",5,"reporting","We require transaction data segmented by hour of operation to optimize our staffing schedule. The current daily totals don't reveal that 60% of our card volume occurs between 12:00 and 14:00, information that's critical for resource planning."
"FB-000643",249268,"2025-06-23",5,"reporting","Searching for transactions by date range works adequately, but we cannot simultaneously filter by amount range. When a customer queries a charge ""around €50 from early June,"" we must manually review hundreds of transactions to locate the correct one."
"FB-000644",58717,"2025-08-07",1,"reporting","The reporting doesn't separate contactless from chip-and-PIN transactions, making it impossible to analyze customer payment preferences. Understanding this breakdown would help us optimize our checkout process and potentially reduce transaction times during peak hours."
"FB-000645",11821,"2025-06-05",2,"reporting","Our Friday and Saturday takings represent 55% of weekly revenue, but the dashboard doesn't allow us to create custom reports comparing weekend versus weekday performance. This granularity would significantly improve our cash flow forecasting and inventory management."
"FB-000646",731482,"2025-09-22",5,"reporting","Exporting data in CSV format loses the transaction status information, showing only amounts. We need to know which transactions were authorized, captured, or declined to properly reconcile our records with the settlement amounts received in our bank account."
"FB-000647",1110209,"2025-07-07",1,"reporting","The inability to filter transactions by our four different PAX terminals means we cannot assess whether the older model in our back office is processing transactions more slowly. This impacts our ability to make informed decisions about equipment upgrades."
"FB-000648",11103,"2025-06-23",5,"reporting","When our bank statement shows a settlement of €8,347.20, we cannot easily identify which day's trading this represents. A clear settlement reference linking dashboard batches to bank deposits would eliminate hours of reconciliation work each month."
"FB-000649",518456,"2025-09-23",4,"reporting","The dashboard displays all amounts in euros with two decimal places, but doesn't show the original currency for tourist transactions. This makes it difficult to verify that dynamic currency conversion is being applied correctly, particularly during our busy summer season."
"FB-000650",214038,"2025-06-14",2,"reporting","We process approximately 50 refunds monthly, but these appear mixed with regular transactions in the export file. A separate refunds report or a clear flag in the data export would significantly simplify our accounting reconciliation process."
"FB-000651",1304007,"2025-09-01",1,"reporting","The transaction search function doesn't support filtering by authorization code, which our bank specifically requests when investigating disputed payments. Adding this field to the search criteria would reduce the time we spend responding to bank queries from 30 minutes to under 5 minutes per case."
"FB-000652",410264,"2025-09-19",5,"reporting","I contacted you last month about the daily reports not matching our bank deposits and it's still happening. Yesterday we were short €127.45 again and I can't find which transactions are missing. This is becoming a serious problem for our bookkeeping."
"FB-000653",577327,"2025-08-26",2,"reporting","This is my third time reaching out about exporting transaction data - the CSV file is still cutting off after 500 rows even though we process over 2,000 transactions per week. I need the complete data for our accountant by Friday or we'll miss our VAT deadline."
"FB-000654",1551442,"2025-07-16",2,"reporting","Following up on my previous ticket from two weeks ago: I still cannot filter transactions by individual till. We have four terminals in our restaurant and absolutely need to see which server is processing what. The dashboard just shows everything lumped together."
"FB-000655",1788830,"2025-07-17",3,"reporting","I'm writing again because the issue with Mastercard transactions not appearing in the Monday reports is still ongoing. Last Monday we had €3,847 in Mastercard sales that didn't show up until Wednesday's report, which completely messes up our daily reconciliation."
"FB-000656",9,"2025-09-06",4,"reporting","As I mentioned in my call last week, the search function still doesn't work properly. I tried to find a €89.50 transaction from last Tuesday and had to scroll through hundreds of entries manually. Why can't I just search by amount?"
"FB-000657",80330,"2025-06-20",1,"reporting","The problem I reported on the 15th of last month continues - our Saturday reports are always delayed until Monday morning. This means we can't reconcile our weekend takings properly and it's causing issues with our cash flow tracking."
"FB-000658",4598,"2025-07-28",2,"reporting","I'm contacting you again about the terminal breakdown feature that's still missing from the dashboard. We run three Clover Flex 5000 devices and I need to see separate totals for each one, not just a combined figure. This was supposed to be fixed weeks ago."
"FB-000659",21138,"2025-06-05",2,"reporting","This is a follow-up to my email from June - the export function still doesn't include the card scheme information. I need to know which transactions were Visa, Mastercard or Maestro for our monthly analysis but this data isn't in the downloaded file."
"FB-000660",1760717,"2025-07-27",5,"reporting","I raised this issue before but nothing has changed: the dashboard shows different totals than what actually hits our bank account. Yesterday the dashboard said €4,521.30 but we only received €4,398.80. Where is the €122.50 difference?"
"FB-000661",6895,"2025-08-24",4,"reporting","Writing again about the hourly breakdown that's still not available. We're a café and need to see our peak trading times - morning vs afternoon sales - but the dashboard only shows daily totals. I asked about this six weeks ago."
"FB-000662",14642,"2025-08-10",4,"reporting","The issue I reported in June persists: I cannot find refunds easily in the transaction list. Last week I processed a €156 refund and it took me 45 minutes to locate it in the system to verify it went through. There needs to be a filter for refunds."
"FB-000663",13757,"2025-07-24",4,"reporting","Following my previous complaint, the end-of-day reports are still arriving at inconsistent times. Sometimes I get them at 7am, sometimes not until 2pm the next day. I need them by 9am every morning to reconcile before our accountant arrives."
"FB-000664",801512,"2025-06-22",5,"reporting","I'm reaching out again because the weekly summary email still doesn't break down sales by payment type. I need to see contactless vs chip and PIN vs online transactions separately, not just one total figure of €18,450 like last week's report showed."
"FB-000665",394415,"2025-06-17",1,"reporting","As mentioned in my last two messages, the dashboard still doesn't show pending transactions. We had €890 in sales on Sunday evening that didn't appear anywhere until Tuesday, which made Monday's reconciliation impossible."
"FB-000666",637625,"2025-07-13",1,"reporting","This is my fourth attempt to get help with the date range selector - it still won't let me view transactions older than 90 days. I need to pull data from last September for an audit and the system just won't display it."
"FB-000667",19,"2025-09-19",5,"reporting","The problem I called about three weeks ago hasn't been resolved: American Express transactions are listed separately and don't appear in the main transaction feed. I have to check two different places to get a complete picture of our daily takings."
"FB-000668",1985778,"2025-06-18",3,"reporting","I'm following up on my previous ticket about the bank settlement report. It still doesn't match the transaction list - yesterday we processed 247 transactions totaling €6,834.20 but the settlement report showed €6,799.00. Which figure is correct?"
"FB-000669",893623,"2025-07-09",4,"reporting","Writing again about the till assignment feature that still isn't working. We have five terminals across our two shops and I cannot tell which transactions came from which location. This makes our internal accounting nearly impossible."
"FB-000670",170422,"2025-07-26",3,"reporting","As I explained in my email last month, the dashboard still doesn't show the time of individual transactions. I can see the date but not whether a €45.80 sale happened at 10am or 8pm, which we need for staff commission calculations."
"FB-000671",87079,"2025-07-22",2,"settlement_delay","Expected €2,340 settlement Friday morning but didn't arrive until Monday. Weekend gap caused issues with supplier payment due Saturday."
"FB-000672",564356,"2025-08-19",1,"settlement_delay","Mastercard batch from Wednesday still not in account Friday 10am. Usually lands next day by 9am latest."
"FB-000673",558214,"2025-07-03",1,"settlement_delay","Settlement delay of 48 hours on €890 worth of transactions. Need clarity on whether public holidays in other countries affect our Irish account timing."
"FB-000674",70472,"2025-07-03",1,"settlement_delay","Transactions from Saturday and Sunday—when do these actually settle? Thought it was T+1 but seems longer over weekends."
"FB-000675",2636,"2025-06-17",1,"settlement_delay","€5,200 missing from expected Thursday settlement. Checked terminal reports, all transactions went through fine on Tuesday. Finally appeared Friday afternoon."
"FB-000676",1712266,"2025-06-01",1,"settlement_delay","Cash flow problem this week. €1,450 from Monday card sales didn't land until Thursday morning instead of Wednesday."
"FB-000677",9410,"2025-06-15",1,"settlement_delay","Visa payments taking longer than Mastercard lately. Same terminal, different timing. Monday Visa batch arrived Wednesday, should have been Tuesday."
"FB-000678",1025514,"2025-09-14",2,"settlement_delay","Need to understand weekend settlement schedule better. Friday transactions—do they settle Saturday or Monday? Impacts our ability to pay staff."
"FB-000679",177343,"2025-07-18",2,"settlement_delay","Expected €780 Tuesday morning, arrived Tuesday evening around 6pm. Tight margin when bills are due same day."
"FB-000680",566915,"2025-06-26",2,"settlement_delay","Three days for settlement on €3,100 transaction batch. Is this normal for Easter Monday or system issue?"
"FB-000681",165687,"2025-06-04",2,"settlement_delay","Ingénico terminal showing successful batch close Sunday night but funds not in account until Wednesday. Two-day delay unexplained."
"FB-000682",37743,"2025-09-16",2,"settlement_delay","Settlement from Thursday 23rd didn't arrive until Monday 27th. Bank holiday Friday but that's still longer than usual T+1."
"FB-000683",145572,"2025-08-28",2,"settlement_delay","€12,400 in card takings from busy weekend. Expected Monday, actually received Tuesday afternoon. Rent payment bounced as a result."
"FB-000684",625901,"2025-09-17",1,"settlement_delay","Unclear if Saturday counts as business day for settlement. €2,900 processed Saturday morning, landed Tuesday."
"FB-000685",1201646,"2025-09-07",1,"settlement_delay","Clover Station Duo batch from Wednesday evening—funds arrived Friday instead of Thursday. Pattern happening more frequently."
"FB-000686",24442,"2025-08-16",2,"settlement_delay","Public holiday in Germany—does this delay our settlement in Netherlands? €4,600 stuck an extra day, seems related."
"FB-000687",323047,"2025-09-26",2,"settlement_delay","Settlement timing inconsistent. Sometimes next day by 8am, sometimes two days later at 5pm. Makes planning impossible with €800-1000 daily volume."
"FB-000688",94924,"2025-07-20",2,"settlement_delay","€6,750 from Friday sales. Checked account Monday morning—nothing. Monday evening—still nothing. Finally Tuesday 11am."
"FB-000689",1756169,"2025-08-15",1,"settlement_delay","Thought settlement was daily but experiencing 2-3 day gaps regularly. €1,200 from Sunday service sales took until Wednesday."
"FB-000690",207867,"2025-08-22",2,"settlement_delay","Card payments from 15th processed fine, terminal receipt confirms. Expected 16th, arrived 17th. Small amount €340 but still late."
"FB-000691",3626,"2025-08-15",1,"settlement_delay","Weekend transactions seem to batch together and settle late Monday or even Tuesday. €5,800 total from Sat-Sun, received Wednesday."
"FB-000692",775,"2025-06-17",1,"settlement_delay","Belgian bank holiday delayed settlement by extra day. €2,100 stuck in processing. Would help to have holiday calendar in advance."
"FB-000693",1171530,"2025-06-01",1,"settlement_delay","Amex settlements always slower than Visa/Mastercard on same terminal. Latest one took four days for €890."
"FB-000694",1436605,"2025-07-17",1,"settlement_delay","Expected €15,200 from week's trading to arrive Friday for weekend stock purchase. Came Monday instead, missed supplier discount deadline."
"FB-000695",1,"2025-06-23",1,"settlement_delay","Settlement arrived 36 hours late, €4,400 amount. No notification of delay, just didn't appear when expected Thursday morning."
"FB-000696",29135,"2025-08-14",2,"settlement_delay","Our Clover Flex 5000 terminals processed €14,230 in Mastercard transactions last Thursday between 14:00 and 22:00, but the settlement didn't hit our account until Tuesday morning instead of the usual Monday. This two-day delay caused a direct debit to bounce and we need clarity on why weekend processing added an extra 24 hours."
"FB-000697",27977,"2025-09-03",1,"settlement_delay","The batch close on our PAX A920 devices is set to auto-trigger at 23:59 daily, and we can see in the terminal logs that Friday's €8,945 batch closed successfully at 23:59:47. Expected settlement was Monday but funds only appeared Tuesday afternoon around 15:30, which doesn't align with the T+1 timeline we were promised during onboarding."
"FB-000698",576714,"2025-09-21",1,"settlement_delay","We run three Clover Station Duo terminals across our locations and Friday's combined settlement of €22,100 should have landed Monday morning based on your documentation. It actually arrived Tuesday at 11:20, and this pattern has repeated over the last three weekends, creating serious cash flow issues for our Tuesday supplier payments."
"FB-000699",21955,"2025-06-08",2,"settlement_delay","Our e-commerce checkout processed 147 Visa transactions totaling €19,847 on Saturday between 09:00 and 18:00, with the payment gateway confirming successful authorization for all. We expected settlement on Tuesday but it didn't arrive until Wednesday morning, meaning we're now seeing T+3 or T+4 for weekend transactions instead of the stated T+2."
"FB-000700",295524,"2025-07-27",1,"settlement_delay","The terminal reconciliation report from our Clover Flex 5000 shows batch settlement submitted Sunday evening at 20:15 for €6,732 in mixed card transactions. Your portal shows the batch as ""processed"" on Monday but funds didn't reach our Deutsche Bank account until Wednesday at 08:45, which is completely unacceptable for working capital management."
"FB-000701",1736606,"2025-09-16",2,"settlement_delay","We processed €31,200 across 89 transactions on our two Clover Station Duo last Monday, with batch close at midnight as configured. Settlement was due Tuesday but arrived Wednesday afternoon, and your support team couldn't explain whether this was a Visa processing delay or an issue with your acquiring bank's SEPA transfer schedule."
"FB-000702",148673,"2025-06-04",2,"settlement_delay","Our PAX terminal shows a successful batch transmission for Thursday's €12,450 in transactions at 23:59:12, but the settlement date in your merchant portal displays as Saturday instead of Friday. Funds eventually landed on Monday but this discrepancy between terminal logs and portal data makes it impossible to forecast cash flow accurately."
"FB-000703",996736,"2025-06-04",2,"settlement_delay","Friday's €18,900 settlement from our online payment gateway was expected Monday morning based on T+2 business days, but it arrived Tuesday at 14:00. When we checked the portal, the settlement status changed from ""pending"" to ""completed"" on Monday evening at 19:30, suggesting the delay occurred in the final banking leg rather than card scheme processing."
"FB-000704",141356,"2025-06-02",2,"settlement_delay","Our Clover Flex 3500 processed a high volume on Saturday—€24,670 across 203 transactions, mostly contactless Mastercard. We didn't receive settlement until Thursday morning, which is T+4 business days when we were told weekends count as T+2. This four-day gap is strangling our ability to restock inventory."
"FB-000705",69972,"2025-06-10",2,"settlement_delay","The terminal batch report shows €9,340 settled on Wednesday at 23:59, and your system confirmed receipt at 00:02 Thursday. We expected funds Thursday afternoon at the latest, but they didn't appear until Friday at 16:20. This 40-hour delay within the business week suggests a problem with your settlement processing infrastructure, not just banking hours."
"FB-000706",387878,"2025-08-06",2,"settlement_delay","We operate four PAX A77 terminals and processed €41,200 on Friday across all devices. Batch close logs confirm transmission between 23:58 and 00:03, yet settlement didn't arrive until Wednesday morning. Your support cited ""Monday was a public holiday in Frankfurt"" but our business is in Dublin and we need advance notice of which jurisdiction's holidays affect our settlement timing."
"FB-000707",1835034,"2025-08-22",2,"settlement_delay","Our Clover Station Duo terminal processed €7,890 in Visa Debit transactions on Thursday afternoon between 13:00 and 19:00. Expected settlement was Friday but funds arrived Monday morning, and the portal showed the batch stuck in ""processing"" status all Friday with no explanation. This lack of real-time visibility makes the delay even more problematic."
"FB-000708",143603,"2025-08-15",1,"settlement_delay","Saturday's e-commerce transactions totaling €16,540 across 67 orders should have settled Tuesday per your T+2 policy, but funds landed Wednesday at 10:15. The payment gateway API shows all transactions authorized and captured by Saturday 23:45, so the delay appears to be in your settlement batching process for weekend e-commerce volumes."
"FB-000709",23266,"2025-08-01",1,"settlement_delay","Our Clover Flex 3500 terminal logs show €11,200 in Mastercard transactions on Monday with batch close at 23:59:34. Settlement was due Tuesday but arrived Thursday morning, and when we called support they mentioned ""additional verification checks"" without specifics. We need transparent criteria for what triggers these delays because it's happened three times in two months."
"FB-000710",31326,"2025-07-15",1,"settlement_delay","We processed €28,900 on Friday across two Clover Station Duo, with batch close confirmed in both device logs at midnight. Your portal showed ""settlement in progress"" on Monday morning but funds didn't hit our ING account until Tuesday at 13:40. This 88-hour delay from batch close to funds availability is far beyond the T+1 timeline in our merchant agreement."
"FB-000711",1064076,"2025-09-16",2,"settlement_delay","Our PAX terminal processed €5,670 on Wednesday evening between 18:00 and 23:00, mostly contactless transactions under €50. Expected settlement was Thursday but funds arrived Friday afternoon, and the terminal's settlement report shows a batch retry at 02:17 Thursday morning, suggesting the initial transmission failed. We need automatic alerts when batch transmission issues occur."
"FB-000712",72893,"2025-08-10",2,"settlement_delay","Friday's €19,450 in transactions across our three Clover Flex should have settled Monday but arrived Tuesday at 09:30. The portal's settlement schedule showed Monday as the expected date until Sunday evening when it changed to Tuesday without notification. If processing schedules shift due to volume or holidays, we need proactive communication, not silent updates."
"FB-000713",1043099,"2025-09-09",1,"settlement_delay","Our online checkout processed €33,100 on Thursday across 124 transactions, with the payment gateway confirming batch settlement submission at 23:59. We expected Friday settlement but funds arrived Monday morning, and your technical team explained that batches submitted after 23:00 are processed the next business day. This contradicts the documentation we received, which specified a midnight cutoff."
"FB-000714",50743,"2025-06-11",1,"settlement_delay","The Clover Station Duo terminal at our main location processed €15,780 on Saturday, with batch close at 23:59:18 per the device log. Settlement didn't arrive until Thursday—five calendar days later—and your support team cited both weekend processing and a Tuesday public holiday in the Netherlands. We need a clear calendar showing which holidays in which countries affect our Irish business's settlement timing."
"FB-000715",3179,"2025-06-06",2,"settlement_delay","Our PAX A920 shows €8,420 in Visa transactions on Monday with successful batch transmission at 00:01 Tuesday. Expected settlement was Tuesday afternoon but funds arrived Thursday at 08:15, and the portal displayed ""awaiting bank processing"" for 36 hours. This suggests the delay is with your banking partner's SEPA execution, but we need specifics to manage our cash flow forecasting."
"FB-000716",43248,"2025-09-25",1,"settlement_delay","We processed €44,600 across five terminals on Friday—our highest volume day—with all batches closing between 23:57 and 00:04. Settlement was expected Monday but arrived Wednesday morning, and when we reviewed the portal's transaction detail, we noticed the settlement batch was split into three separate transfers arriving at 08:30, 10:15, and 11:50. This fragmentation creates reconciliation headaches on top of the delay."
"FB-000717",501289,"2025-07-07",1,"settlement_delay","Our Clover Flex processed €12,900 on Thursday with batch close at 23:59:41, and the device printed a settlement receipt confirming successful transmission. Funds were due Friday but arrived Monday at 14:00, and your technical support mentioned that batches over €10,000 undergo additional fraud screening. We need documented thresholds and expected processing times for these security checks."
"FB-000718",23275,"2025-08-12",2,"settlement_delay","Saturday's €21,300 in e-commerce transactions should have settled Tuesday but arrived Thursday morning. The payment gateway's webhook logs show all transactions marked as ""captured"" by Saturday 22:30, and the settlement batch was created at 23:59:55. This suggests a two-day delay in your settlement processing for weekend e-commerce, which is significantly worse than our in-store terminal settlement times."
"FB-000719",42786,"2025-08-17",1,"settlement_delay","Our Clover Station Duo processed €6,840 on Wednesday afternoon, mostly Mastercard contactless under €100. Batch closed at midnight and settlement was expected Thursday but arrived Friday at 16:45. The terminal's diagnostic report shows the batch was acknowledged by your server at 00:00:34 Thursday, so the 40-hour delay occurred entirely within your settlement infrastructure, not at the card scheme or banking level."
"FB-000720",97627,"2025-07-18",2,"settlement_delay","We operate two PAX terminals processing approximately €25,000 weekly, and over the past month we've noticed Friday transactions consistently settle on Wednesday instead of Monday. The terminal logs show proper batch close timing between 23:58 and 00:02, and your portal confirms batch receipt within minutes. This systematic two-day weekend delay is creating a predictable cash flow gap every week that's forcing us to maintain a larger operating balance than necessary."
"FB-000721",81,"2025-08-21",1,"settlement_delay","Where's my €2,400 from Friday? It's Tuesday and still nothing in the account."
"FB-000722",21691,"2025-09-23",1,"settlement_delay","Settlement was supposed to hit yesterday morning. Now it's 4pm and I've got suppliers to pay."
"FB-000723",109898,"2025-07-01",1,"settlement_delay","€850 short in today's deposit and no explanation. The Visa batch from Saturday just vanished apparently."
"FB-000724",643396,"2025-08-15",1,"settlement_delay","Been waiting since Thursday for €1,200 to clear. What's the point of next-day settlement if it takes three days?"
"FB-000725",1180,"2025-06-06",2,"settlement_delay","My weekend takings still haven't arrived and it's already Wednesday afternoon. Cash flow is completely screwed now."
"FB-000726",122087,"2025-09-05",1,"settlement_delay","Terminal showed €3,100 settled on Monday but my bank account says otherwise. Where is it?"
"FB-000727",22783,"2025-07-21",1,"settlement_delay","Public holiday in France yesterday, fine, but why is Tuesday's money also delayed? This is getting ridiculous."
"FB-000728",83927,"2025-08-15",1,"settlement_delay","€670 from last week's Mastercard transactions finally appeared today, four days late. Unacceptable."
"FB-000729",136679,"2025-08-05",1,"settlement_delay","I run a tight ship and this two-day delay on a €2,800 settlement is killing me. Rent is due."
"FB-000730",1723858,"2025-09-12",2,"settlement_delay","Saturday and Sunday card sales totaling €1,950 were supposed to land Monday. It's now Tuesday evening."
"FB-000731",2369,"2025-09-16",2,"settlement_delay","Your system says settled but my bank says no. €4,200 is a lot of money to just be floating around somewhere."
"FB-000732",61,"2025-06-01",1,"settlement_delay","Easter weekend has completely messed up my settlement schedule. Still waiting on €3,600 from last Thursday."
"FB-000733",749321,"2025-07-13",1,"settlement_delay","Processed 180 transactions over the weekend, €5,100 total, and absolutely nothing has hit my account yet."
"FB-000734",114730,"2025-06-01",1,"settlement_delay","Why does it take until Wednesday to get Friday's money? I thought we had T+1 settlement."
"FB-000735",1571481,"2025-06-24",2,"settlement_delay","€920 missing from expected deposit today. Checked the portal and it says ""processing"" since yesterday morning."
"FB-000736",3628,"2025-06-09",1,"settlement_delay","Bank holiday Monday in Ireland means I don't see my money until Thursday apparently. Nobody told me that."
"FB-000737",162543,"2025-08-24",2,"settlement_delay","My Clover Flex batched out Sunday night, €1,400, and it's Tuesday lunchtime with nothing to show for it."
"FB-000738",975794,"2025-08-12",2,"settlement_delay","Three days waiting for €2,200 to arrive. I've got payroll to cover and you're holding my money hostage."
"FB-000739",22098,"2025-07-17",1,"settlement_delay","Settlement times are all over the place. Sometimes next day, sometimes three days later. How am I supposed to plan?"
"FB-000740",592223,"2025-07-18",2,"settlement_delay","€6,800 from last week finally cleared today after I called twice. This shouldn't require chasing."
"FB-000741",1260279,"2025-06-27",1,"settlement_delay","Friday's €1,100 Visa deposit arrived Monday but the €800 Mastercard batch is still nowhere. What's the logic?"
"FB-000742",444337,"2025-08-08",2,"settlement_delay","Weekend trading was strong, €4,500 across both days, but here we are on Wednesday morning still waiting."
"FB-000743",1168077,"2025-09-13",1,"settlement_delay","Your portal shows settlement completed 48 hours ago. My bank account disagrees. €3,300 in limbo."
"FB-000744",1005174,"2025-06-13",1,"settlement_delay","Public holidays are one thing but regular weekday delays are another. €1,650 is two days overdue with no explanation."
"FB-000745",1045204,"2025-08-16",2,"settlement_delay","Got 90% of Monday's settlement today but €400 is missing. No notification, no email, nothing. Typical."
"FB-000746",168333,"2025-09-12",2,"settlement_delay","We were expecting €12,847.50 to settle on Tuesday 14th June but it didn't arrive until Thursday 16th. This two-day delay caused us to miss a supplier payment deadline and we incurred a late fee of €150."
"FB-000747",229329,"2025-08-13",1,"settlement_delay","Settlement for weekend trading (Saturday €4,200 and Sunday €3,890) was supposed to land Monday morning but actually arrived Tuesday afternoon at 15:47. Can you clarify the exact cut-off times for weekend batches?"
"FB-000748",319333,"2025-08-09",1,"settlement_delay","Our Friday batch of €18,234.67 from 247 Mastercard transactions did not settle on Monday as expected. It finally appeared in our account on Tuesday at 11:23, causing significant cash flow issues."
"FB-000749",1836955,"2025-07-11",1,"settlement_delay","I need clarification on public holiday settlement schedules. We processed €9,450 on the Thursday before Good Friday and expected funds on Friday, but they didn't arrive until the following Tuesday."
"FB-000750",454105,"2025-06-05",1,"settlement_delay","The €6,789.23 from our 15th July trading day was delayed by 48 hours. We reconcile daily and this inconsistency makes our cash flow forecasting extremely difficult."
"FB-000751",477797,"2025-09-25",1,"settlement_delay","Settlement delay of three business days for our €22,100 batch processed on 3rd May. We were expecting T+1 settlement but received funds on 8th May instead of 4th May."
"FB-000752",216,"2025-06-27",1,"settlement_delay","Our Visa transactions from the weekend (€5,670.45) normally settle on Monday but this week they arrived on Wednesday. No explanation was provided and this is the second occurrence this month."
"FB-000753",955,"2025-08-01",1,"settlement_delay","Expected €14,500 settlement on Wednesday 7th June for Tuesday's trading. Funds actually arrived Thursday 8th at 14:20. We had to delay our VAT payment as a result."
"FB-000754",16428,"2025-08-08",2,"settlement_delay","The settlement schedule documentation states T+1 for Mastercard but we consistently receive funds T+2 or even T+3. For example, our €8,934.12 batch from 12th July took until 15th July to arrive."
"FB-000755",19385,"2025-09-15",1,"settlement_delay","Can you explain why our €19,200 from Thursday trading didn't settle on Friday as usual? It arrived on Monday instead, and we had insufficient funds to cover Friday payroll."
"FB-000756",581251,"2025-07-05",1,"settlement_delay","Our terminal batch from 22nd August (€11,450.67 across 189 transactions) was delayed by two full days. We rely on predictable settlement timing for our working capital management."
"FB-000757",136393,"2025-08-19",1,"settlement_delay","Settlement for €7,823.50 processed on a Monday arrived on Thursday instead of Tuesday. This three-day delay is unacceptable when we're operating on tight margins."
"FB-000758",2063,"2025-07-13",1,"settlement_delay","We processed €16,700 on Friday 8th September and expected settlement on Monday 11th, but funds didn't arrive until Wednesday 13th. No notification was sent about the delay."
"FB-000759",1113129,"2025-07-10",2,"settlement_delay","The €4,567.89 from our Saturday trading took until Wednesday to settle. Your documentation suggests Monday settlement for weekend transactions, but this is not our experience."
"FB-000760",307,"2025-07-26",2,"settlement_delay","Our €13,290.00 batch from 156 Visa transactions on 3rd September was due on 4th September but arrived on 6th September. We need consistent T+1 settlement as contracted."
"FB-000761",137903,"2025-07-13",1,"settlement_delay","Settlement timing over the Christmas period was completely unclear. Our €21,400 from 22nd September didn't arrive until 29th September, causing serious cash flow strain during our busiest period."
"FB-000762",222699,"2025-09-01",1,"settlement_delay","We received €9,876.54 on Friday afternoon at 16:35, two days later than expected. Late-day Friday settlements are particularly problematic for our weekend cash management."
"FB-000763",669393,"2025-07-07",1,"settlement_delay","Our Monday batch of €15,234.00 should have settled Tuesday but arrived Wednesday. This is the fourth delayed settlement in six weeks and it's impacting our ability to manage supplier payments."
"FB-000764",813851,"2025-08-22",2,"settlement_delay","Expected €8,100.50 from 134 transactions to settle on 18th June but funds arrived 20th June. We need reliable settlement schedules to maintain our credit terms with suppliers."
"FB-000765",798707,"2025-08-05",1,"settlement_delay","The €17,890.23 processed on Thursday 25th June was delayed until Monday 1st June. A four-day delay over a weekend is far beyond the T+1 terms in our agreement."
"FB-000766",18096,"2025-08-05",1,"settlement_delay","Our €6,234.78 settlement was due Friday but arrived Monday morning at 09:15. We had to use our overdraft facility over the weekend, incurring unnecessary interest charges of €47."
"FB-000767",1,"2025-07-10",2,"settlement_delay","Settlement for €12,567.00 from Wednesday trading arrived Friday instead of Thursday. We reconcile against bank statements daily and these delays create significant administrative burden."
"FB-000768",2,"2025-08-03",1,"settlement_delay","We processed €19,800 across 312 transactions on a Tuesday and expected Wednesday settlement. Funds actually arrived Thursday at 13:42, causing us to miss a direct debit payment."
"FB-000769",1735,"2025-07-07",1,"settlement_delay","Our €5,432.10 batch from Sunday trading was supposed to settle Monday but didn't arrive until Tuesday afternoon. This inconsistency makes it impossible to accurately forecast our daily cash position."
"FB-000770",60793,"2025-06-11",1,"settlement_delay","The €14,123.67 from our 8th September trading day took three days to settle instead of one. We've had to increase our overdraft facility specifically to cover these unpredictable settlement delays."
"FB-000771",1,"2025-07-02",2,"settlement_delay","Hi, I'm quite new to taking card payments and I noticed the €450 from Friday's sales hasn't arrived yet - is that normal? Just want to make sure I haven't done something wrong with the terminal."
"FB-000772",768456,"2025-09-26",2,"settlement_delay","Quick question about settlement times - we processed about €1,200 in Visa transactions on Monday afternoon but the money only showed up Wednesday morning. Should I expect this kind of delay regularly?"
"FB-000773",304415,"2025-06-10",2,"settlement_delay","Hello, we're a small café and just started accepting cards last month. The €340 we took on Saturday still isn't in our account on Monday - does the weekend affect when we get paid?"
"FB-000774",84299,"2025-09-15",1,"settlement_delay","I'm trying to understand the payout schedule better. We had €890 in Mastercard sales on Thursday but nothing came through Friday. Is there a cut-off time I should know about?"
"FB-000775",418465,"2025-09-20",2,"settlement_delay","Just wondering if someone could explain why our settlement is taking longer than I expected? We processed €2,100 on Tuesday and I thought it would be here by Wednesday but it's now Thursday afternoon."
"FB-000776",589559,"2025-08-28",2,"settlement_delay","New to this so apologies if this is a basic question - do public holidays delay when the card payments reach our bank account? We're waiting on about €670 from last week."
"FB-000777",105679,"2025-09-22",2,"settlement_delay","Hi there, we switched on our card machine three weeks ago and I'm still learning. The €520 from Sunday's transactions - when would that typically arrive? It's now Tuesday and I don't see it yet."
"FB-000778",1346235,"2025-08-15",1,"settlement_delay","Could someone help me understand the timing? We took €1,450 in payments yesterday before 6pm but I'm not sure if that means we'll get it today or tomorrow?"
"FB-000779",961611,"2025-06-23",1,"settlement_delay","I run a small bookshop and we're quite new to card acceptance. Is it normal for weekend sales to take until Tuesday or Wednesday to reach us? We're waiting on roughly €380."
"FB-000780",51946,"2025-07-23",1,"settlement_delay","Quick query about our Clover Flex - we processed €950 on Friday evening and I'm wondering when that batch will settle. Does the time of day matter?"
"FB-000781",3999,"2025-07-06",2,"settlement_delay","Hello, first time writing in. We had €1,800 in card sales on Wednesday but our bank account still doesn't show it on Friday morning. Is this the usual timeframe or should I be concerned?"
"FB-000782",603449,"2025-06-14",2,"settlement_delay","Just trying to get my head around how this works - if we take payments on a Saturday, does that mean we won't see the money until the middle of the following week? We're expecting about €720."
"FB-000783",5065,"2025-09-07",1,"settlement_delay","We're a new restaurant and took our first big weekend of card payments - around €3,200 total. It's now Wednesday and only some of it has arrived. Is this because of how weekends are processed?"
"FB-000784",587430,"2025-08-06",2,"settlement_delay","I'm probably being impatient but wanted to check - €640 in transactions from Monday, is it reasonable to expect that on Tuesday or does it usually take longer?"
"FB-000785",11,"2025-07-16",2,"settlement_delay","Could you clarify the settlement schedule for us? We processed €1,100 yesterday afternoon and I'm trying to plan our cash flow better. When should I expect to see this?"
"FB-000786",109537,"2025-09-21",1,"settlement_delay","Hi, we're a small hardware store just starting with card payments. The €490 we took on Thursday hasn't appeared yet on Saturday - do bank transfers not happen at weekends?"
"FB-000787",113818,"2025-09-12",2,"settlement_delay","Apologies for the basic question but I want to make sure I understand - we had €2,300 in Visa and Mastercard sales on Friday. With the weekend, when would that realistically hit our account?"
"FB-000788",822596,"2025-07-16",2,"settlement_delay","Just wondering about the timing of our payouts. We processed about €810 worth of transactions on Tuesday morning but it's now Thursday and still nothing. Is there a typical delay I should factor in?"
"FB-000789",1110529,"2025-07-26",2,"settlement_delay","New merchant here trying to understand the process. If we close our terminal at 8pm on Wednesday with €1,650 in sales, does that count as Wednesday's batch or Thursday's?"
"FB-000790",1010787,"2025-06-13",1,"settlement_delay","Quick question - we took €920 in card payments on a Monday which was a public holiday here in Ireland. Does that push everything back by an extra day?"
"FB-000791",1384,"2025-09-06",2,"settlement_delay","Hello, we've been accepting cards for about six weeks now. Our €1,340 from last Thursday took until Monday to arrive - is three business days standard or was that because of the weekend in between?"
"FB-000792",15028,"2025-06-02",2,"settlement_delay","I'm trying to work out our cash flow and need to understand this better. We process maybe €500-600 a day - if we take payments on Friday, should I budget as if that money arrives Monday or Tuesday?"
"FB-000793",159280,"2025-07-25",1,"settlement_delay","We're a small florist and quite new to all this. Had €280 in card sales on Sunday but it's Wednesday now and still waiting. Does Sunday count as a different processing day?"
"FB-000794",802886,"2025-06-11",1,"settlement_delay","Just checking if this is normal - we did €1,950 in transactions on Tuesday, terminal says batch closed successfully, but it's Thursday afternoon and our bank shows nothing yet. Should I be worried?"
"FB-000795",453,"2025-07-15",1,"settlement_delay","Hi, could someone explain how public holidays affect this? We're in Germany and had €1,120 in sales the day before a holiday but I'm not sure when to expect the settlement to complete."
"FB-000796",604321,"2025-07-16",2,"settlement_delay","Our Dublin location gets settled by 9am every morning like clockwork, but the two shops we run in Lyon seem to land funds a full day later even though we're processing similar volumes. Makes planning stock purchases across the group a nightmare when I can't rely on consistent timing."
"FB-000797",409273,"2025-08-17",1,"settlement_delay","I operate four restaurants—two in Hamburg, one in Amsterdam, one in Brussels—and the German sites always see their card payments hit the account next business day while the other two are routinely 48 hours behind. We're talking about €15k-€20k per site per week, so the delay really matters."
"FB-000798",1432307,"2025-07-21",1,"settlement_delay","Why does my Lisbon store get Monday's takings on Wednesday but my Porto location gets them Tuesday? Same acquirer, same terminal models, same Visa and Mastercard mix. The inconsistency between my own sites is baffling."
"FB-000799",3366,"2025-07-14",2,"settlement_delay","Running cafes in three different countries and the settlement speed varies wildly. Milan gets same-day for anything processed before 3pm, but Madrid is always next-day and Athens can be two days. I've got €8k sitting in limbo right now from the Greek site's weekend trade."
"FB-000800",358098,"2025-07-10",2,"settlement_delay","We've got six locations across Ireland and France and I've noticed the Irish ones settle faster over bank holiday weekends. The French stores seem to pause completely—Friday's €12k from our Marseille branch didn't land until Wednesday after the long weekend."
"FB-000801",118369,"2025-09-11",1,"settlement_delay","My two Munich shops and my Vienna shop all process through the same agreement but Vienna is consistently a day slower. When you're doing €45k a week across three sites, that one-day gap on a third of your revenue creates real cash flow headaches."
"FB-000802",106822,"2025-06-03",1,"settlement_delay","I manage retail outlets in Rotterdam and Antwerp and the Dutch location is reliably faster. Antwerp's Saturday takings never appear until Tuesday, while Rotterdam's weekend transactions usually show up Monday morning. It's only a few thousand euros but it adds up."
"FB-000803",444608,"2025-09-25",1,"settlement_delay","Four bakeries across Spain and Portugal—the Barcelona and Valencia sites get their funds within 24 hours but Lisbon and Porto are more like 36-48 hours. Makes it impossible to manage centralized purchasing when I don't know which location's money will actually be available."
"FB-000804",5278,"2025-06-18",2,"settlement_delay","Our flagship in Berlin processes about €30k weekly and settles next business day without fail, but the smaller location we opened in Leipzig does maybe €8k and somehow takes two days. Same terminals, same card mix, same everything except the delay."
"FB-000805",813314,"2025-08-21",1,"settlement_delay","I run three pharmacies in Greece and the settlement timing is all over the place. Thessaloniki gets paid out faster than the two Athens locations, even though Athens does double the volume. We're talking about €6k-€7k per site that just sits somewhere for an extra day."
"FB-000806",7410,"2025-09-25",1,"settlement_delay","Why do my Belgian stores get their Mastercard settlements a day earlier than my Dutch ones? We process similar amounts—around €18k weekly per location—but the timing difference means I'm constantly juggling which bank account to pay suppliers from."
"FB-000807",300168,"2025-06-20",2,"settlement_delay","Weekend trading is where it really shows up. My Cork and Galway shops both do big Saturday business but Cork's funds arrive Monday and Galway's arrive Tuesday. That's €5k per site that I'm waiting on and I can't explain the difference to my accountant."
"FB-000808",69972,"2025-09-09",1,"settlement_delay","Operating five locations across Germany and Austria, I've learned to just assume the Austrian sites are 24 hours behind. Friday's €22k from our Salzburg store won't hit until Tuesday if there's a Monday holiday, while the German locations are already in by Monday morning."
"FB-000809",310,"2025-09-20",2,"settlement_delay","My two French locations behave completely differently around public holidays. Nice seems to follow some settlement calendar I don't understand, while Toulouse is more predictable. Lost track of €9k from Nice over the Ascension weekend—it eventually showed up three days late."
"FB-000810",256903,"2025-09-22",2,"settlement_delay","Three coffee shops in Italy and the settlement speed seems inversely related to transaction volume. Rome does €15k weekly and takes two days, Florence does €8k and arrives next day, Bologna is somewhere in between. Makes no logical sense."
"FB-000811",1638413,"2025-07-03",1,"settlement_delay","I've got stores in both Amsterdam and Brussels and I've started timing my supplier payments around the Amsterdam settlements because they're just more reliable. Brussels can be 36-48 hours behind, especially if transactions happen late Thursday or Friday."
"FB-000812",106674,"2025-06-24",2,"settlement_delay","Running a chain across Ireland and the settlement timing over weekends is completely opaque. My Limerick location's Sunday takings appeared Tuesday, Dublin's appeared Monday, and Waterford's didn't show until Wednesday. We're talking about €4k-€6k per site just floating around."
"FB-000813",2053,"2025-07-03",1,"settlement_delay","Four locations in Spain and the settlement behavior is inconsistent. Madrid and Seville get next-day, but Malaga and Bilbao are routinely two days. When you're managing €50k in weekly card volume across the group, that variability creates real working capital problems."
"FB-000814",74511,"2025-06-02",2,"settlement_delay","My German sites settle so much faster than my Italian ones that I've actually started routing group expenses through the German accounts. Hamburg's €20k weekly revenue is available next morning, Milan's similar amount takes until day three."
"FB-000815",19051,"2025-09-13",1,"settlement_delay","Two shops in Portugal, three in Spain, and the Portuguese ones are always lagging. Porto's Friday batch of €7k didn't arrive until Tuesday this week, while the Spanish locations all had their Friday money by Monday. Same terminal provider, same card schemes, different timing."
"FB-000816",606723,"2025-06-10",2,"settlement_delay","I operate restaurants in both Dublin and Paris and the difference is stark. Dublin's €12k from a busy Friday night is in the account Saturday morning, Paris's similar take doesn't appear until Monday afternoon. The delay has forced us to keep larger cash reserves in France."
"FB-000817",1006426,"2025-07-14",2,"settlement_delay","Five retail locations across Belgium, Netherlands and Germany, and I've basically given up trying to predict settlement timing. The German stores are fast, Dutch are medium, Belgian are slow. We're processing €80k weekly total and probably €25k of that is delayed by an extra day."
"FB-000818",1544099,"2025-07-01",1,"settlement_delay","My Athens location does about €10k weekly and I've noticed settlements after Greek public holidays are especially slow—sometimes three business days. My Thessaloniki store with similar volume doesn't have the same issue. Can't figure out if it's a bank thing or an acquirer thing."
"FB-000819",254,"2025-09-17",1,"settlement_delay","Three cafes in Austria and two in Germany, and the Austrian ones are consistently behind. Vienna's Monday transactions arrive Wednesday, while Munich's Monday transactions arrive Tuesday. It's only €3k-€4k per day per site but when you're running on tight margins it matters."
"FB-000820",646,"2025-07-17",1,"settlement_delay","Weekend settlement is a mystery across my six locations. The Irish and German stores seem to process weekend batches faster than the French and Belgian ones. By Tuesday morning I'm still waiting on €15k from the weekend while half my locations have already been paid out."
"FB-000821",910806,"2025-06-28",2,"settlement_delay","We experienced a two-day delay in receiving €4,200 in card settlements last week, which created significant pressure on our ability to pay suppliers on time. Our cash flow planning depends on predictable settlement cycles, and these delays undermine our operational stability."
"FB-000822",68676,"2025-07-28",2,"settlement_delay","The funds from Friday's transactions didn't arrive until Wednesday morning, leaving us short €1,850 over the long weekend. This timing issue has made it extremely difficult to manage our working capital effectively."
"FB-000823",264,"2025-08-11",1,"settlement_delay","Settlement for our Monday Visa transactions was expected Tuesday but arrived Thursday, impacting our ability to cover a scheduled payment of €3,100 to our distributor. We need greater clarity on what causes these delays and how to anticipate them."
"FB-000824",2709,"2025-07-11",1,"settlement_delay","Our bakery processed €890 in card payments on Saturday, but the funds took four days to reach our account instead of the usual two. This unpredictability makes it challenging to maintain adequate cash reserves for ingredient purchases."
"FB-000825",615083,"2025-07-09",1,"settlement_delay","We noticed that Mastercard settlements from our Clover Flex have been arriving a day later than usual for the past three weeks. The cumulative effect on cash flow for a business of our size is considerable, particularly given our thin margins."
"FB-000826",23080,"2025-07-03",1,"settlement_delay","A delay of 48 hours in receiving €6,300 from weekend transactions forced us to postpone paying our staff bonuses. The lack of transparency around settlement schedules during public holidays is particularly problematic for our planning."
"FB-000827",242712,"2025-09-15",1,"settlement_delay","Our restaurant relies on timely settlements to manage daily operations, but last Tuesday's expected deposit of €2,400 didn't arrive until Thursday afternoon. This created unnecessary stress and required us to use our overdraft facility."
"FB-000828",556118,"2025-08-16",2,"settlement_delay","The settlement timing over the Easter weekend was completely unclear, resulting in funds arriving three business days later than we had calculated. We processed over €5,000 in transactions and the delayed access to these funds strained our liquidity position."
"FB-000829",149973,"2025-09-07",1,"settlement_delay","We operate on tight margins and depend on receiving card payments within the standard timeframe. When €1,200 from Thursday's sales arrived on Monday instead of Friday, it disrupted our entire weekly cash management routine."
"FB-000830",195459,"2025-09-24",2,"settlement_delay","Our boutique processed 47 transactions totaling €3,650 last weekend, but settlement was delayed by two full days without any prior notification. This lack of communication makes financial planning extremely difficult for small retailers like ourselves."
"FB-000831",293735,"2025-06-11",1,"settlement_delay","The inconsistency in settlement timing has become a real concern for our business. Last month we experienced three separate instances where funds arrived a day late, including one delay affecting €4,800 in revenue that we had already committed to expenses."
"FB-000832",1109237,"2025-09-16",2,"settlement_delay","We received our Wednesday card payments on Friday morning rather than Thursday as expected, creating a shortfall of €2,100 when we needed to pay our lease. Greater predictability in the settlement process would significantly improve our operational efficiency."
"FB-000833",1905511,"2025-09-19",1,"settlement_delay","Our café processes approximately €800 daily in card transactions, and when settlements run even one day late, it creates a domino effect on our ability to restock supplies. Last week's delay meant we had to negotiate extended terms with our coffee supplier."
"FB-000834",614504,"2025-09-09",1,"settlement_delay","The settlement from our busiest trading day took three days to reach our account instead of two, leaving us without access to €7,200 during a critical period. This unpredictability is forcing us to maintain higher cash reserves than should be necessary."
"FB-000835",342750,"2025-06-09",1,"settlement_delay","We experienced a delay in receiving funds from Saturday transactions, which didn't arrive until Thursday. The €1,950 shortfall meant we couldn't take advantage of an early payment discount from our supplier, costing us an additional 2% on a €3,000 order."
"FB-000836",1530,"2025-07-01",1,"settlement_delay","Our pharmacy depends on consistent settlement timing to manage inventory purchases, but recent delays of 24 to 48 hours have disrupted this process. When €5,400 arrived a day late last week, it affected our ability to reorder essential stock."
"FB-000837",31,"2025-09-28",2,"settlement_delay","The lack of clarity around settlement schedules during the September holiday period caused significant cash flow challenges. We were expecting €8,900 from pre-Christmas sales but the funds arrived two days later than our calculations suggested."
"FB-000838",51898,"2025-06-20",2,"settlement_delay","Our hardware store processed €3,300 in Visa and Mastercard payments on Monday, expecting settlement by Wednesday, but the funds didn't arrive until Thursday afternoon. This delay, while seemingly minor, has real consequences for a business managing daily cash requirements."
"FB-000839",767689,"2025-06-23",1,"settlement_delay","We've noticed that settlements landing after 2pm effectively mean we cannot access funds until the following business day due to our bank's processing times. This compounds any existing delays and has impacted our ability to pay €2,600 in supplier invoices on schedule."
"FB-000840",15604,"2025-06-15",1,"settlement_delay","The settlement delay of 36 hours for our weekend transactions totaling €4,100 created unnecessary pressure on our working capital. As a small business, we cannot afford to have thousands of euros tied up beyond the expected settlement window."
"FB-000841",80376,"2025-09-27",1,"settlement_delay","Our bookshop relies on predictable cash flow, but when €1,400 from Tuesday's card sales arrived on Friday instead of Thursday, it disrupted our payment schedule. We need more transparent communication about what affects settlement timing."
"FB-000842",1868680,"2025-08-26",2,"settlement_delay","We processed 89 card transactions over the weekend amounting to €6,750, but settlement was delayed until Thursday morning. This two-day delay beyond our expectations forced us to defer a planned equipment purchase and affected our operational planning."
"FB-000843",371100,"2025-07-07",1,"settlement_delay","The inconsistency in settlement timing, particularly around public holidays, has become a significant operational challenge. Last month a delay in receiving €3,800 meant we had insufficient funds to cover our utility payments on the due date."
"FB-000844",854624,"2025-08-10",2,"settlement_delay","Our clothing store experienced a settlement delay that left €2,900 inaccessible for an additional 48 hours. While we eventually received the funds, the timing uncertainty makes it extremely difficult to manage our obligations to suppliers and landlords effectively."
"FB-000845",12507,"2025-08-01",1,"settlement_delay","We've had to adjust our entire cash management approach due to unpredictable settlement timing, maintaining larger reserves than necessary. When €5,200 from Friday's transactions didn't arrive until Tuesday, it confirmed that we can no longer rely on the stated settlement schedules for planning purposes."
"FB-000846",194905,"2025-08-26",2,"settlement_delay","I contacted you last Tuesday about late settlements and it's happened again this morning. €2,847 was supposed to arrive yesterday but still nothing in our account and we have suppliers to pay today."
"FB-000847",330621,"2025-08-17",1,"settlement_delay","This is the third time in two weeks that our payout has been delayed. I raised ticket reference ending in 4729 on the 15th and was told it was resolved but Friday's batch of €1,205 still hasn't landed and it's now Monday afternoon."
"FB-000848",7270,"2025-06-06",2,"settlement_delay","Following up on my previous complaint from last month - our settlement is late again. We processed €4,100 worth of Mastercard transactions on Wednesday and expected funds Thursday morning but they only appeared Friday at 3pm. This keeps happening and it's killing our cash flow."
"FB-000849",46340,"2025-09-27",1,"settlement_delay","I'm getting really frustrated now. After our call two weeks ago about delayed payouts, the same issue has occurred again. €890 from Saturday's trading should have been in our account this morning but there's nothing there."
"FB-000850",49612,"2025-08-03",1,"settlement_delay","Second time this has happened since I last contacted support. Our Friday settlement of €3,200 didn't arrive until Tuesday and now this week's Thursday batch is also missing. We can't plan our finances like this."
"FB-000851",10602,"2025-07-19",1,"support_responsiveness","Called support Tuesday morning about €847 transaction stuck in pending. Waited 18 minutes, got transferred twice, finally someone in technical team sorted it in 5 minutes."
"FB-000852",4049,"2025-07-13",5,"support_responsiveness","Hold time was acceptable, maybe 8 minutes. Agent didn't understand the batch settlement issue with our Clover Flex terminal. Had to call back next day and got someone more experienced who fixed it immediately."
"FB-000853",1087605,"2025-06-15",2,"support_responsiveness","Rang about Mastercard chargebacks on Friday afternoon. 23 minute wait. Person was polite but couldn't access our account details properly and said they'd call back Monday. Still waiting."
"FB-000854",1437544,"2025-09-24",1,"support_responsiveness","Quick call Wednesday 10am regarding missing €1,240 from yesterday's settlement. No hold time, agent knew exactly what to do, funds appeared within 2 hours."
"FB-000855",1734395,"2025-07-28",2,"support_responsiveness","Terrible experience. Waited 31 minutes, explained the Visa authorization problem three times to three different people. Issue still not resolved after 40 minute call."
"FB-000856",96661,"2025-09-09",2,"support_responsiveness","Called about our monthly fees being incorrect - charged €89 instead of agreed €67. Short wait, transferred once to billing, sorted within the call."
"FB-000857",5827,"2025-07-07",2,"support_responsiveness","Support was closed when I called at 6:15pm about a terminal error blocking €340 transaction. Had to wait until morning. Would prefer extended hours."
"FB-000858",458975,"2025-07-03",5,"support_responsiveness","Agent walked me through the refund process for €156.80 very clearly. No transfers, no waiting, professional service. Took 12 minutes total."
"FB-000859",1214345,"2025-09-26",3,"support_responsiveness","On hold 27 minutes Thursday lunchtime. Asked about our new Clover Station Duo setup. First agent transferred me, second agent didn't know the answer, promised email follow-up that never came."
"FB-000860",884724,"2025-08-11",2,"support_responsiveness","Called Monday about 15 failed Maestro transactions over the weekend. Wait was about 10 minutes. Technical team identified network issue on their end and apologized. Appreciated the honesty."
"FB-000861",1718,"2025-09-27",5,"support_responsiveness","Needed help reconciling Saturday's batch - €2,340 discrepancy. Agent found the problem quickly but had to escalate to finance team. Took 3 days to fully resolve."
"FB-000862",103337,"2025-09-01",3,"support_responsiveness","Very short hold time early Tuesday. Asked about contactless limit changes. Agent gave clear answer in under 5 minutes."
"FB-000863",804101,"2025-09-04",5,"support_responsiveness","Waited 19 minutes to report our terminal completely offline. Got transferred to technical support who ran diagnostics remotely. Back online in 30 minutes."
"FB-000864",111,"2025-08-06",2,"support_responsiveness","Called about duplicate charge of €67.50 showing in portal. Agent couldn't see it on their system, told me to call back if customer complains. Not helpful."
"FB-000865",163190,"2025-08-26",3,"support_responsiveness","Friday afternoon call about our statement having wrong transaction count - showed 847 but we processed 891. Long hold, agent submitted ticket, resolved by Tuesday."
"FB-000866",2177,"2025-09-15",4,"support_responsiveness","Support agent was excellent. Explained why our settlement was delayed due to bank holiday in Germany. Waited maybe 6 minutes to get through."
"FB-000867",233,"2025-07-17",3,"support_responsiveness","Called Wednesday about our PAX A920 showing error code E508. First person didn't know, transferred to technical. Second person talked me through fix in 10 minutes. Works fine now."
"FB-000868",285954,"2025-06-13",2,"support_responsiveness","Absolutely useless. On hold 35 minutes, explained our €3,200 missing settlement, got transferred, explained again, told someone would investigate. Two days later still no update."
"FB-000869",1065684,"2025-09-04",4,"support_responsiveness","Quick call about changing our settlement schedule. Minimal wait, agent processed request immediately, confirmed new schedule starts next Monday."
"FB-000870",91,"2025-07-28",4,"support_responsiveness","Rang about American Express transactions not going through on our terminal. 14 minute wait. Agent identified configuration issue and fixed remotely while I stayed on line."
"FB-000871",135534,"2025-07-11",3,"support_responsiveness","Called support about our monthly processing volume limits. Agent wasn't sure, put me on hold for 11 minutes to check, came back with correct information."
"FB-000872",69642,"2025-07-24",1,"support_responsiveness","Needed urgent help with €980 transaction that customer said failed but we saw as approved. Support answered quickly, checked both systems, confirmed it was approved. Customer was mistaken."
"FB-000873",221785,"2025-06-10",1,"support_responsiveness","Terrible hold time Saturday morning - 41 minutes. Asked about three chargebacks totaling €445. Agent read out information I could already see in portal. Waste of time."
"FB-000874",302862,"2025-08-28",2,"support_responsiveness","Called about our Clover Flex not printing receipts. Short wait, transferred to technical support, they ordered replacement paper roll and explained printer settings. Helpful."
"FB-000875",248305,"2025-07-17",3,"support_responsiveness","Rang Monday about unusual €12 fee on statement. Agent in billing department explained it clearly - international card processing fee we'd agreed to. My mistake but they were patient."
"FB-000876",950328,"2025-07-13",2,"support_responsiveness","Called support about our Clover Flex 5000 terminals throwing error code E505 during contactless transactions over €50. Was on hold for 23 minutes, then transferred twice before reaching someone in the technical team who actually understood the issue. They identified a firmware mismatch and pushed an update remotely that resolved it within 15 minutes."
"FB-000877",9267,"2025-09-26",2,"support_responsiveness","Spent 40 minutes on hold yesterday afternoon only to be told our batch settlement issue with Mastercard transactions needed escalation to another department. Three days later and we're still manually reconciling €12,847 in transactions from last Friday that haven't cleared properly."
"FB-000878",590189,"2025-08-25",2,"support_responsiveness","The support agent I reached understood immediately when I explained our PAX A920 was returning decline code 51 for specific German domestic cards on Tuesday morning between 09:00 and 11:30. She confirmed a routing issue on their end and had it fixed within the hour. Excellent technical knowledge."
"FB-000879",986082,"2025-07-03",1,"support_responsiveness","Our checkout integration started rejecting all Visa transactions above €100 on Saturday evening around 19:45. Called the emergency line and was transferred four times before someone could even access our merchant account details. The issue turned out to be a velocity limit that was incorrectly configured during our account review, but it took until Monday morning to actually fix it."
"FB-000880",186823,"2025-06-20",5,"support_responsiveness","Hold time was reasonable at about 12 minutes, but the first agent had no idea what a 3DS authentication failure meant. After explaining that our online checkout was showing ""authentication unavailable"" for approximately 30% of transactions, I was transferred to someone who identified a certificate expiry issue and walked me through the renewal process."
"FB-000881",150325,"2025-07-18",1,"support_responsiveness","Called about our Clover Station Duo displaying ""connection timeout"" errors during peak hours on Wednesday and Thursday last week. The agent insisted it was our internet connection despite me explaining we'd already tested with our ISP and had 95mbps symmetric fibre with no packet loss. Eventually escalated and discovered their gateway was experiencing latency spikes affecting multiple merchants."
"FB-000882",775486,"2025-09-27",1,"support_responsiveness","Excellent support experience when our terminal suddenly stopped accepting American Express on Monday morning. The technician remotely accessed our Clover Flex 5000 configuration, spotted that the AMEX AID had been corrupted during a recent update, and restored it in under 10 minutes. Zero hold time as I used the callback option."
"FB-000883",1,"2025-09-04",4,"support_responsiveness","Absolutely frustrated with being bounced between departments for 35 minutes regarding our ecommerce gateway returning error code 1005 for all Maestro transactions. Each person I spoke to asked me to repeat the entire issue from scratch. Eventually someone confirmed it was a known issue affecting Netherlands-issued Maestro cards, but nobody bothered to inform merchants proactively."
"FB-000884",1144,"2025-09-13",5,"support_responsiveness","Our PAX terminals started printing duplicate receipts for every chip and PIN transaction over €25 on Friday afternoon. Support agent was knowledgeable and identified a printer driver bug in firmware version 08.42.11. They scheduled a rollback to the previous stable version for after business hours and followed up to confirm it was completed successfully."
"FB-000885",12403,"2025-06-08",3,"support_responsiveness","Waited 28 minutes on hold during lunch rush to report that our payment gateway was declining all transactions with response code 96 - system malfunction. The person who answered had clearly just started and kept putting me on hold to ask colleagues. Issue wasn't resolved until a supervisor took over and identified a processing bank connectivity problem affecting our entire region."
"FB-000886",8293,"2025-07-24",3,"support_responsiveness","Called about split payment functionality not working correctly on our integrated POS system - transactions over €200 were failing when customers tried to pay with multiple cards. First agent didn't understand the feature at all and suggested we just process separate transactions. Second agent in the integrations team knew exactly what I meant and identified a configuration parameter that needed adjusting in our merchant profile."
"FB-000887",1922034,"2025-07-04",5,"support_responsiveness","Our Clover Flex 3500 terminals all went offline simultaneously at 14:20 on Tuesday. Managed to get through to support in 8 minutes, and the technician immediately checked their network status dashboard. Turned out to be a GPRS connectivity issue affecting their mobile network provider in our area. Transparent communication and issue was resolved in 45 minutes."
"FB-000888",2,"2025-08-11",3,"support_responsiveness","Terrible experience trying to get help with our recurring billing setup failing for subscription payments. Spent over an hour being transferred between billing support, technical support, and account management. Nobody could explain why transactions were being flagged with error code 63 - security violation, until finally someone discovered our merchant category code wasn't authorized for card-on-file transactions."
"FB-000889",1404907,"2025-09-27",1,"support_responsiveness","The support person I reached was patient and methodical when I reported our Clover Station Duo intermittently failing to read chip cards, forcing fallback to swipe. She had me check the chip reader contacts, run a hardware diagnostic, and then arranged a replacement terminal when the diagnostic showed a reader fault. Professional service and the replacement arrived next day."
"FB-000890",1372431,"2025-06-23",4,"support_responsiveness","Called about discrepancies in our settlement reports - €3,240 in Visa transactions from Sunday weren't included in Monday's batch. First agent couldn't access detailed transaction logs and transferred me. Second agent found the transactions but couldn't explain why they hadn't settled. Took three follow-up calls over two days before someone from reconciliation actually investigated and discovered they'd been incorrectly flagged for review."
"FB-000891",673067,"2025-06-13",5,"support_responsiveness","Quick resolution when I called about our payment page throwing SSL certificate warnings for customers. The developer support agent immediately understood the issue, checked our certificate chain configuration, and identified that an intermediate certificate hadn't been properly installed after our recent renewal. Talked me through the fix step by step and verified it was working correctly."
"FB-000892",1609628,"2025-08-17",4,"support_responsiveness","On hold for 47 minutes on Monday morning trying to report that our terminals were adding incorrect surcharge amounts to transactions. When I finally got through, the agent didn't seem to understand how surcharging works and kept suggesting it was a terminal configuration issue. Eventually escalated to someone who identified that the surcharge percentage in our merchant settings had been changed during a system update without notification."
"FB-000893",488577,"2025-06-14",5,"support_responsiveness","Our PAX A77 terminal started displaying ""Invalid merchant"" error at 08:15 this morning and wouldn't process any transactions. Support agent accessed our account, saw the terminal had been automatically disabled due to a failed PCI compliance check, and was able to reactivate it immediately once I confirmed we'd completed the required security questionnaire. Issue resolved in 15 minutes total including hold time."
"FB-000894",186439,"2025-07-10",3,"support_responsiveness","Called about our API integration returning HTTP 504 timeout errors for about 60% of payment requests since yesterday evening. First two people I spoke to insisted it must be our server, despite me providing detailed logs showing the timeouts were occurring at their gateway endpoint. Finally reached someone technical who acknowledged elevated response times on their end and confirmed they were investigating."
"FB-000895",1600674,"2025-06-02",5,"support_responsiveness","Excellent support when our checkout started declining all transactions from Portuguese cards with response code 05 - do not honour. The agent quickly identified that a fraud rule had been incorrectly applied to our account following a routine security review. She disabled the problematic rule immediately and confirmed that test transactions were processing normally. Total call time under 20 minutes."
"FB-000896",1,"2025-07-24",1,"support_responsiveness","Frustrated that I had to call three separate times about the same issue with our Clover Flex not printing merchant copies of receipts for refund transactions. Each time I was told it was fixed, but it wasn't. Finally insisted on speaking to a senior technician who discovered the issue was in our terminal application configuration template, not the individual terminal settings. Should have been escalated properly the first time."
"FB-000897",26437,"2025-07-16",1,"support_responsiveness","Support agent was knowledgeable when I reported our virtual terminal showing ""amount limit exceeded"" for a €850 transaction when our limit is €5,000. He checked our transaction history and identified that we'd hit a daily volume limit that had been set during our initial onboarding but never adjusted as our business grew. Increased the limit immediately and the transaction went through."
"FB-000898",85951,"2025-09-02",5,"support_responsiveness","Waited 19 minutes to speak to someone about our Clover Station Duo displaying ""card blocked"" messages for multiple different customer cards on Saturday afternoon. The agent had me run through several diagnostic steps, then determined it was likely a terminal fault. However, the replacement process required a different department and I had to explain everything again. Replacement finally arrived four business days later."
"FB-000899",333,"2025-09-28",5,"support_responsiveness","Called about our ecommerce transactions failing 3DS2 authentication with error ""challenge required but not supported"" for approximately 25% of customers. The integration specialist I reached understood the technical details immediately, checked our API implementation, and identified that we weren't correctly handling the challenge flow redirect. Provided clear documentation and code examples to fix it."
"FB-000900",2687,"2025-06-17",4,"support_responsiveness","Our settlement reports have been showing incorrect currency conversion rates for Euro to local currency for our Greek location since the start of the month. Been passed between three different departments over the past week with nobody taking ownership. Still not resolved and we're having to manually recalculate approximately €18,000 in transactions to reconcile our accounts properly."
"FB-000901",4139,"2025-09-24",3,"support_responsiveness","Waited 47 minutes on hold Tuesday morning just to be told they'd email me back. Still waiting three days later about the €2,847 batch that didn't settle."
"FB-000902",80118,"2025-08-25",5,"support_responsiveness","Your support person didn't understand the difference between a refund and a reversal. Had to explain my own terminal to them. Waste of 20 minutes."
"FB-000903",58390,"2025-09-25",4,"support_responsiveness","Called about Mastercard transactions failing on Friday afternoon. Got transferred four times. Gave up and just used the other terminal."
"FB-000904",827427,"2025-07-16",1,"support_responsiveness","On hold 35 minutes at 9am when I'm trying to open the shop. Finally got someone who fixed the issue in two minutes. Why can't you answer faster?"
"FB-000905",182,"2025-09-17",2,"support_responsiveness","The guy actually knew what he was talking about for once. Sorted my Clover Flex 5000 problem in under ten minutes without transferring me anywhere."
"FB-000906",199243,"2025-08-03",3,"support_responsiveness","Been calling since Monday about missing €1,200 from weekend settlements. Each person tells me something different. Nobody's actually looking into it."
"FB-000907",76047,"2025-09-22",4,"support_responsiveness","Called Thursday about contactless limit issues. First person had no clue, second person said it's fixed but it's not fixed."
"FB-000908",6571,"2025-09-07",4,"support_responsiveness","Your hold music is torture. 40+ minutes yesterday, 30+ today. I have a business to run, can't spend half my day on the phone with you lot."
"FB-000909",1021,"2025-09-26",4,"support_responsiveness","Got disconnected after 25 minutes waiting. Called back, another 15 minutes, then they said wrong department and transferred me. Unacceptable."
"FB-000910",12046,"2025-08-24",1,"support_responsiveness","Support person walked me through the batch close issue step by step. Professional and patient. That's how it should be every time."
"FB-000911",1915,"2025-07-24",4,"support_responsiveness","Three calls about the same Visa authorization problem. Three different answers. Still not working. Do you people talk to each other?"
"FB-000912",1713170,"2025-09-12",3,"support_responsiveness","Saturday afternoon, terminal won't print receipts, 40 customers waiting. On hold for an hour. Absolutely useless when I actually need you."
"FB-000913",459,"2025-08-06",3,"support_responsiveness","Called about €450 chargeback on Wednesday. Person couldn't access my account details, said they'd call back. Never heard anything."
"FB-000914",845902,"2025-09-13",2,"support_responsiveness","Why does every call start with 20 minutes of security questions? You can see who I am. Just help me fix the problem."
"FB-000915",2368,"2025-07-17",3,"support_responsiveness","Actually impressed. Called about reconciliation discrepancy of €89, person spotted the issue immediately and explained what happened. Rare but appreciated."
"FB-000916",436672,"2025-09-03",2,"support_responsiveness","Passed between technical team and accounts team and back to technical. 55 minutes total. Issue still not resolved. Complete shambles."
"FB-000917",1556808,"2025-09-25",1,"support_responsiveness","Your evening support is worse than daytime. Waited an hour at 7pm Tuesday, person barely spoke English, couldn't help with terminal connectivity."
"FB-000918",151574,"2025-08-10",3,"support_responsiveness","Called Monday morning about declined transactions over €100. Fixed by lunchtime. Decent response but shouldn't have happened in first place."
"FB-000919",238696,"2025-06-02",4,"support_responsiveness","On hold so long I had to hang up and serve customers twice. Third attempt finally got through. Sort out your staffing."
"FB-000920",487490,"2025-06-21",1,"support_responsiveness","The woman who helped me Friday knew the Clover Flex 5000 inside out. Walked me through the settings, problem solved. Need more like her."
"FB-000921",1342331,"2025-09-04",4,"support_responsiveness","Waited 38 minutes to be told to turn it off and on again. Could've found that on Google. What am I paying you for?"
"FB-000922",983568,"2025-08-23",1,"support_responsiveness","Called about €3,200 missing from Thursday's settlement. Bounced between three departments. Still no answer on where my money is."
"FB-000923",5009,"2025-09-13",1,"support_responsiveness","Support person argued with me about what error message I was seeing on my own terminal. I'm reading it to you. Just help me."
"FB-000924",2314,"2025-09-04",1,"support_responsiveness","Quick call, under 15 minutes, American Express batch issue sorted. Why can't it be like this every time?"
"FB-000925",1649722,"2025-07-18",3,"support_responsiveness","Called Wednesday about duplicate transactions totaling €680. Still on hold when I had to close up shop at 6pm. Gave up. Tried again Thursday, same issue still not fixed."
"FB-000926",1791003,"2025-08-07",5,"support_responsiveness","Called support on 15th June at 14:23 regarding a €847.50 Mastercard chargeback. Was transferred three times between departments before finally reaching someone in disputes who could actually help. The issue was resolved within 48 hours once I got to the right person."
"FB-000927",20,"2025-06-24",4,"support_responsiveness","Held for 23 minutes on Tuesday morning trying to reconcile a €3,204.15 batch discrepancy from 8th June. The agent couldn't explain why our settlement was short by exactly €156.00 and said someone would call back within 24 hours. Still waiting four days later."
"FB-000928",1690058,"2025-07-05",5,"support_responsiveness","Excellent service from the technical team on 2nd July when our Clover Flex 5000 terminal stopped processing Visa transactions above €100. Wait time was under 5 minutes at 09:15, and the agent walked me through a software update that fixed it immediately."
"FB-000929",57,"2025-09-11",2,"support_responsiveness","Contacted support three times in one week about missing settlements totaling €12,847.92 from transactions processed between 19th and 21st June. Each agent gave different information and none could provide a clear timeline for when the funds would arrive."
"FB-000930",982667,"2025-08-21",4,"support_responsiveness","On hold for 37 minutes Thursday afternoon regarding a €2,450.00 refund that hadn't appeared in our account after 10 business days. The representative was apologetic but ultimately just opened a ticket without any estimated resolution date."
"FB-000931",1074042,"2025-07-02",1,"support_responsiveness","Called at 16:45 on Friday about our monthly service fees increasing from €89.00 to €127.00 without notification. The billing specialist I eventually reached after two transfers was knowledgeable and immediately credited back the difference of €38.00."
"FB-000932",84783,"2025-07-06",1,"support_responsiveness","Spent 41 minutes on 12th May being passed between three departments trying to understand why our American Express transactions from the previous weekend weren't in our settlement report. Nobody could give me a straight answer about the €1,923.45 in question."
"FB-000933",324991,"2025-08-17",4,"support_responsiveness","Quick resolution on 28th July when I called about a duplicate charge of €334.80 appearing on our statement. Wait time was approximately 8 minutes and the agent processed a credit adjustment while I was on the call."
"FB-000934",133844,"2025-07-10",3,"support_responsiveness","Absolutely frustrating experience on Monday morning trying to resolve a terminal connectivity issue affecting €8,500+ in daily card volume. Transferred four times, total call duration 52 minutes, and the problem still wasn't fixed by end of business."
"FB-000935",1191252,"2025-08-24",1,"support_responsiveness","The support agent I reached on 6th June at 11:20 was extremely helpful in explaining a €67.50 scheme fee that appeared on our May statement. She broke down the Mastercard assessment charges transaction by transaction."
"FB-000936",59210,"2025-09-11",5,"support_responsiveness","Called regarding our Clover Station Duo displaying error code E505 during a busy Saturday lunch service. After 19 minutes on hold and being transferred twice, I was told to try unplugging it—which I'd obviously already done before calling."
"FB-000937",253492,"2025-07-25",1,"support_responsiveness","Outstanding support on 14th July when reconciling our quarterly statement. The agent spent 25 minutes going through each line item with me, explaining a €234.67 variance related to currency conversion on our cross-border transactions."
"FB-000938",36113,"2025-06-03",2,"support_responsiveness","Tried to reach someone about a €5,670.00 settlement that was three days late on 3rd August. First agent said it was processed, second agent said it was pending, third agent finally confirmed there was a bank holiday delay nobody had mentioned."
"FB-000939",268689,"2025-06-20",5,"support_responsiveness","On hold for 44 minutes Wednesday evening about incorrect interchange fees totaling €412.30 across 89 transactions from the previous month. The billing team eventually agreed to review but said it would take 15 business days."
"FB-000940",498,"2025-07-11",1,"support_responsiveness","Called at 08:35 on 9th September about our terminal rental charges showing €145.00 instead of the agreed €95.00. The agent immediately saw the error in our contract setup and processed a refund of €50.00 for that month plus adjustments going forward."
"FB-000941",1031322,"2025-07-24",3,"support_responsiveness","Terrible experience trying to get help with a €1,845.20 batch that failed to settle on 22nd September. Passed between technical support, settlements, and back to technical support over 38 minutes before being told to call back the next day."
"FB-000942",1889672,"2025-06-10",3,"support_responsiveness","The disputes specialist I reached on 17th September was exceptional in handling a €923.00 Visa chargeback. She explained the representment process clearly and confirmed all required documentation within our 10-day window."
"FB-000943",1301419,"2025-09-19",2,"support_responsiveness","Contacted support about our transaction fees increasing from 1.2% to 1.45% effective 1st September, which would cost us approximately €340 extra per month based on our €23,000 average monthly volume. Agent couldn't explain why we weren't notified in advance."
"FB-000944",1381648,"2025-06-04",4,"support_responsiveness","Held for 29 minutes on a Friday afternoon trying to understand why 14 contactless transactions totaling €387.60 from 4th June were showing as pending for over a week. The agent eventually found a processing error and escalated it."
"FB-000945",894089,"2025-07-04",1,"support_responsiveness","Called on 18th June at 13:50 about our PAX A920 terminal not printing receipts correctly. The technical support agent remotely diagnosed the issue within 12 minutes and arranged a replacement unit for next-day delivery."
"FB-000946",61,"2025-07-18",5,"support_responsiveness","Spent over an hour on 7th June being transferred between five different people trying to resolve a €6,234.88 settlement discrepancy. Each person asked me to repeat the same information and nobody took ownership of the issue."
"FB-000947",555697,"2025-07-01",5,"support_responsiveness","Excellent handling of a complex query on 25th June regarding €2,156.75 in disputed transactions across Mastercard and Visa. The agent consolidated everything into one case reference and followed up by email with a detailed breakdown within 48 hours."
"FB-000948",1272,"2025-09-26",5,"support_responsiveness","Called about a €78.90 PCI compliance fee that appeared on our July statement without prior notice. After 15 minutes on hold, the agent confirmed it was an annual charge but couldn't explain why it wasn't in our original contract documentation."
"FB-000949",1356756,"2025-07-27",3,"support_responsiveness","On 10th May at 10:15, I contacted support about 23 Maestro transactions totaling €1,467.30 that were declined due to a terminal configuration issue. The agent fixed the settings remotely within 20 minutes and confirmed all transactions could be reprocessed."
"FB-000950",536633,"2025-08-01",1,"support_responsiveness","Tried to get clarification on 31st May about our settlement schedule changing from T+1 to T+2, which impacts our cash flow significantly given our €45,000 weekly card volume. Was on hold for 33 minutes and the agent couldn't provide a reason for the change or how to revert it."
"FB-000951",11254,"2025-06-05",3,"support_responsiveness","Hi, I called support yesterday around 2pm and was on hold for about 15 minutes - is that normal? I'm still learning how all this works and wasn't sure if I should have just waited or tried a different number."
"FB-000952",193169,"2025-06-27",2,"support_responsiveness","I had a question about a €47.80 Mastercard transaction that didn't go through on Tuesday morning. The first person I spoke to transferred me to someone else, and then that person said they'd call me back but I haven't heard anything yet - should I ring again or just wait?"
"FB-000953",26219,"2025-07-11",2,"support_responsiveness","Just wondering if there's a better time to call support? I tried on Monday morning around 9am and the wait was quite long. The person who helped me was really patient with my questions though, which I appreciated since I only started accepting cards last month."
"FB-000954",1146359,"2025-06-17",5,"support_responsiveness","I contacted support about my terminal showing an error code on Friday afternoon. They walked me through some steps and it seemed to work, but then the same thing happened again on Saturday. Should I call back or is this something that just happens sometimes when you're new to this?"
"FB-000955",1560,"2025-07-27",4,"support_responsiveness","Quick question - when I called last week about setting up my daily settlement reports, I got transferred twice before reaching someone who could help. Is there a direct number for that kind of thing, or do I always need to go through the main line first?"
"FB-000956",33039,"2025-06-19",5,"support_responsiveness","The support person I spoke with yesterday was really helpful explaining why a €156 transaction was declined. I'm just wondering if there's somewhere I can read about this stuff myself so I don't have to call every time something confuses me?"
"FB-000957",619501,"2025-06-26",2,"support_responsiveness","I've been trying to understand my statement and called on Wednesday around lunchtime. Waited maybe 20 minutes but the agent was very thorough in explaining everything. Is it always this busy midweek, or did I just pick a bad time?"
"FB-000958",11099,"2025-07-21",5,"support_responsiveness","Had an issue with my Clover Flex not connecting on Thursday evening. Called support and they fixed it remotely, which was great. Just checking - is there a way to prevent this from happening again, or is it just one of those things?"
"FB-000959",1626857,"2025-09-02",5,"support_responsiveness","I'm quite new to all this and had to call about a Visa payment that seemed to go through twice for €89.50 each. The support team said they'd investigate and get back to me within 48 hours. Is that the usual timeframe, or should I follow up sooner?"
"FB-000960",1406073,"2025-08-18",3,"support_responsiveness","Called yesterday about understanding the difference between the fees on my invoice. The first person wasn't sure and transferred me to accounts, which makes sense. Just wondering if there's a guide or something for beginners like me?"
"FB-000961",284991,"2025-07-01",5,"support_responsiveness","I reached out on Saturday morning about my terminal not printing receipts properly. The wait time was actually quite short, maybe 5 minutes, and the issue got sorted. Do weekends tend to be quieter for support calls?"
"FB-000962",369749,"2025-06-23",2,"support_responsiveness","I'm still getting used to how card payments work and had a question about a €234 American Express transaction. The support person was nice but seemed a bit rushed - is there a less busy time I could call when someone might have more time to explain things?"
"FB-000963",133370,"2025-08-25",2,"support_responsiveness","Just started accepting cards three weeks ago and called support twice now. First time I waited about 25 minutes, second time was only 10. Does it just depend on the day, or is there a pattern I should know about?"
"FB-000964",339138,"2025-07-22",5,"support_responsiveness","I had a customer's Maestro card declined yesterday for €67.20 and wasn't sure why. Called support and got transferred once, but the second person explained it really clearly. Is it normal to get moved between teams, or does that mean the first person didn't know?"
"FB-000965",241561,"2025-08-08",2,"support_responsiveness","My terminal showed a strange message on Tuesday and I called around 4pm. Was on hold for a while but the technician who helped me was very patient with all my beginner questions. The problem came back today though - should I try calling again or wait to see if it happens more?"
"FB-000966",741070,"2025-09-11",3,"support_responsiveness","I'm new to this and contacted support about reconciling my transactions from last Friday. They said everything looked correct but I'm still a bit confused. Is there someone who specializes in explaining things to new merchants, or do I just call the regular number?"
"FB-000967",641944,"2025-09-05",2,"support_responsiveness","Called on Monday about a batch of transactions that didn't settle over the weekend. Spoke to two different people and the second one said it would be sorted by end of day, which it was. Just wondering if that's the normal process or if something went wrong?"
"FB-000968",240442,"2025-07-03",4,"support_responsiveness","I've only been processing cards for a month and had to ring about a €412 payment that the customer said went through but I can't find in my system. The support agent was helpful but said they'd need to check and email me - is that how it usually works for these kinds of issues?"
"FB-000969",254009,"2025-06-26",4,"support_responsiveness","Quick question about my experience calling yesterday - I was transferred three times before someone could answer my question about contactless limits. Is that typical, or was I maybe not explaining what I needed clearly enough?"
"FB-000970",826405,"2025-09-13",4,"support_responsiveness","I called support on Wednesday morning about my terminal's paper running out and not knowing how to replace it. Only waited about 8 minutes and the person talked me through it step by step. Do they handle basic questions like that, or should I have looked it up somewhere first?"
"FB-000971",226036,"2025-07-09",1,"support_responsiveness","Had an issue with a declined transaction for €93.60 on Sunday evening and called first thing Monday. The wait was longer than I expected, maybe half an hour, but I'm not sure if that's because of the weekend backlog? The person who helped was very knowledgeable though."
"FB-000972",1718869,"2025-09-05",3,"support_responsiveness","I'm still learning the ropes and contacted support about why my Visa and Mastercard transactions appear separately on my report. Got a good explanation but it took two transfers to reach someone who could help. Is there a way to know which department I need before I call?"
"FB-000973",847,"2025-09-27",4,"support_responsiveness","Called yesterday afternoon about a refund I need to process for €28.50 and wasn't sure how to do it on my terminal. The support person was great and walked me through it, but I was on hold for about 18 minutes first. Is that about average?"
"FB-000974",35156,"2025-08-28",2,"support_responsiveness","I've been accepting cards for about six weeks and had a question about a chargeback notice I received. The first person I spoke to said they'd transfer me to the disputes team, but then I got disconnected. When I called back, I had to explain everything again - is there a reference number or something I should ask for?"
"FB-000975",1437867,"2025-06-22",1,"support_responsiveness","Just wondering about my support call on Thursday - I asked about transaction limits and the agent answered my question but also mentioned some other features I didn't know about. The whole call took about 10 minutes including hold time. Is it worth calling just to learn about what my terminal can do, or is that not what support is for?"
"FB-000976",108730,"2025-08-08",2,"support_responsiveness","Our Dublin location had a 45-minute hold time on Tuesday morning, but the Frankfurt shop got through in under 5 minutes the same day - seems like the German support line is much better staffed."
"FB-000977",261541,"2025-08-27",5,"support_responsiveness","The agent who helped our Amsterdam store actually understood the Clover Flex terminal issue right away, while our Brussels location got bounced between three different departments for the same exact problem with batch settlements not closing."
"FB-000978",843214,"2025-09-27",2,"support_responsiveness","Madrid store called about a €847.50 chargeback dispute and got it resolved in one call, but when Porto had a nearly identical case for €923.00 they were told to email documents and we're still waiting two weeks later."
"FB-000979",141595,"2025-07-28",1,"support_responsiveness","I've noticed our Greek locations consistently wait 30+ minutes on hold, while our Austrian shops rarely wait more than 10 minutes - not sure if it's a language routing issue or just understaffing in certain regions."
"FB-000980",717951,"2025-09-11",5,"support_responsiveness","The support person who handled our Lyon store's Mastercard authorization failures was brilliant and walked us through terminal configuration step-by-step, but the person in Marseille got someone who just kept suggesting we restart the device without actually diagnosing anything."
"FB-000981",1730840,"2025-07-02",4,"support_responsiveness","Our Milan location called on a Saturday about missing €3,200 in settlements and was told support doesn't handle payment queries on weekends, yet our Munich store got full support on a Sunday for the exact same issue."
"FB-000982",1799434,"2025-08-14",2,"support_responsiveness","When our Lisbon shop had Visa transaction declines, they were passed from technical support to merchant services to reconciliation and back again - three transfers in 40 minutes and still no resolution."
"FB-000983",215,"2025-08-13",1,"support_responsiveness","The Cork store experienced a terminal connectivity issue that was fixed remotely in 15 minutes, while our Galway location with identical PAX A920 terminals was told they'd need an on-site visit that took four days to arrange."
"FB-000984",1912875,"2025-09-28",1,"support_responsiveness","Our Barcelona location gets consistently excellent support with short hold times and knowledgeable agents, but our Valencia store complains every week about long waits and having to explain the problem multiple times to different people."
"FB-000985",282782,"2025-06-09",3,"support_responsiveness","I called from our Rotterdam shop about a €1,450 disputed transaction and the agent accessed our account immediately, but when our Utrecht manager called about a similar dispute they were told the system was down and to call back later."
"FB-000986",48977,"2025-09-01",2,"support_responsiveness","The Berlin store had a batch settlement failure on Friday evening and got someone who stayed on the line until it was completely resolved at 7pm, whereas our Hamburg location was told to call back Monday morning for the same type of issue."
"FB-000987",432608,"2025-07-04",5,"support_responsiveness","Our Athens location waited 52 minutes on hold yesterday only to be disconnected, had to call back and wait another 30 minutes - meanwhile our Thessaloniki store never waits more than 15 minutes."
"FB-000988",187004,"2025-06-11",4,"support_responsiveness","When our Paris flagship had an issue with contactless payments not working on Wednesdays, support identified a pattern with our weekly system updates immediately, but our Nice location reported the same pattern three times before anyone connected the dots."
"FB-000989",348863,"2025-09-11",1,"support_responsiveness","The agent helping our Brussels store with reconciliation discrepancies of €340 actually called back the next day to confirm everything was sorted, which never happens with the support our Antwerp location receives."
"FB-000990",1799260,"2025-06-21",3,"support_responsiveness","Our Dublin city centre shop called about Amex transactions failing and got transferred four times before someone admitted they needed to escalate to a specialist team, while our Dublin airport location had the same issue resolved by the first agent."
"FB-000991",895718,"2025-06-12",1,"support_responsiveness","I've tracked it over two months: our German locations average 8-minute hold times and 95% first-call resolution, while our Italian locations average 28-minute holds and we often need to call back multiple times."
"FB-000992",549915,"2025-06-16",1,"support_responsiveness","The Vienna store had a terminal software update issue that support resolved remotely in real-time, but our Salzburg location was sent a PDF guide and told to figure it out themselves - completely inconsistent service levels."
"FB-000993",8192,"2025-09-15",4,"support_responsiveness","Our Amsterdam shop called about €2,100 in missing Visa Debit transactions on a Monday morning and it was traced and resolved by lunchtime, but our Rotterdam store has been chasing €890 in missing transactions for three weeks now."
"FB-000994",98209,"2025-09-21",3,"support_responsiveness","When our Madrid location needs support they get through quickly and speak with technically competent people, but our Seville store regularly complains about agents who seem to be reading from scripts and don't understand merchant acquiring basics."
"FB-000995",651989,"2025-07-26",4,"support_responsiveness","The person who helped our Lyon store with a terminal swap understood our multi-location setup and configured everything correctly first time, while our Toulouse store had to call back three times to get the terminal properly linked to the right merchant ID."
"FB-000996",362824,"2025-08-28",2,"support_responsiveness","Our Cork location experienced a complete terminal outage affecting all four devices on a Thursday afternoon and support had someone on-site within two hours, but our Limerick store waited two days for a similar issue."
"FB-000997",536,"2025-06-19",3,"support_responsiveness","I called from our Frankfurt shop about reconciliation showing €567 less than our terminal reports and was walked through finding the discrepancy in 10 minutes, but our Stuttgart manager spent 45 minutes on hold and then got disconnected before speaking to anyone."
"FB-000998",4049,"2025-06-17",5,"support_responsiveness","The Athens store has learned to call early morning because hold times after 11am regularly exceed 40 minutes, while our Porto location seems to get through quickly regardless of time of day."
"FB-000999",1376426,"2025-08-14",5,"support_responsiveness","Our Brussels location had an agent who proactively checked all our terminals during a support call and identified a potential issue before it became a problem, but our Liège store can barely get agents to address the specific question asked."
"FB-001000",322055,"2025-08-04",5,"support_responsiveness","When our Barcelona shop reported Mastercard contactless transactions over €50 requiring PIN weren't working properly, support fixed it in one 20-minute call, but our Málaga location has called four times about the same issue on their terminals and it's still not resolved."
"FB-001001",104,"2025-08-12",2,"terminal_reliability","We've experienced significant transaction failures during our Saturday lunch service, with approximately 15-20% of card payments requiring multiple attempts. This has extended average table turnover time by roughly 8 minutes and is measurably impacting our weekend revenue."
"FB-001002",121815,"2025-08-04",2,"terminal_reliability","Our Clover Flex 5000 terminals have been dropping connection during peak trading hours between 18:00 and 21:00 on Fridays. We estimate we've lost around €800 in walk-away sales over the past month as customers simply leave when payments fail."
"FB-001003",178796,"2025-07-01",1,"terminal_reliability","The timeout issues are particularly problematic for our business model, as we process high-value transactions averaging €450-€600. When a payment fails after 90 seconds and we must restart the entire process, it creates an unprofessional impression that doesn't align with our premium positioning."
"FB-001004",1794847,"2025-08-26",2,"terminal_reliability","Connection stability has deteriorated noticeably since June, with our three terminals now requiring transaction retries on approximately one in seven Mastercard payments during weekday morning peaks."
"FB-001005",1415306,"2025-09-08",2,"terminal_reliability","We've documented 23 failed transactions last week alone, predominantly on Thursday through Sunday evenings. The impact on customer experience is concerning, and we've had at least four instances where customers abandoned their purchases entirely."
"FB-001006",67138,"2025-09-15",1,"terminal_reliability","Our checkout process has become unreliable enough that we've had to reinstate a cash-handling procedure we'd eliminated two years ago. This represents a backward step operationally and adds labour costs we'd successfully removed."
"FB-001007",1035498,"2025-09-07",1,"terminal_reliability","Terminal timeouts during payment authorisation are occurring with increasing frequency, particularly affecting transactions over €100. We're now advising staff to warn customers in advance that the process may take longer than expected, which undermines confidence in our payment infrastructure."
"FB-001008",1091,"2025-08-04",2,"terminal_reliability","The Clover Station Duo units we deployed across our four locations are experiencing synchronised connection drops every Tuesday and Wednesday between 14:00 and 16:00. This pattern suggests a systemic issue rather than isolated hardware faults."
"FB-001009",329209,"2025-06-19",1,"terminal_reliability","We process approximately 340 card transactions daily, and our failure rate has climbed from under 2% to nearly 12% in the past six weeks. The operational disruption is significant, and we're fielding customer complaints about payment reliability on a daily basis."
"FB-001010",57846,"2025-08-21",1,"terminal_reliability","Visa transactions specifically seem prone to mid-payment timeouts on our PAX A920 terminals. We've had to retry the same card three or four times in some cases, which is both time-consuming and embarrassing when there's a queue forming."
"FB-001011",467593,"2025-08-11",1,"terminal_reliability","Our busiest trading period is Saturday between 10:00 and 14:00, which is precisely when terminal connectivity becomes most unstable. We estimate this is costing us approximately €1,200 weekly in abandoned transactions and extended service times."
"FB-001012",69252,"2025-09-04",2,"terminal_reliability","The reliability issues are forcing us to maintain higher staffing levels at checkout than our transaction volume would otherwise require. We need extra personnel simply to manage payment retries and customer frustration, which directly impacts our wage costs."
"FB-001013",5,"2025-08-02",2,"terminal_reliability","We've experienced complete terminal unavailability on three separate Monday mornings in the past month, each lasting 25-40 minutes. For a business that opens at 08:00 to serve the breakfast trade, this represents a critical service failure."
"FB-001014",633300,"2025-07-16",2,"terminal_reliability","Connection drops are occurring mid-transaction with sufficient frequency that we've lost customer trust in our card payment capability. Several regular clients now ask whether they should use cash instead, which defeats the purpose of our investment in contactless infrastructure."
"FB-001015",922222,"2025-06-22",2,"terminal_reliability","Our average transaction value is €28, but we're seeing failure rates of around 18% on payments over €50. This suggests the timeout threshold isn't calibrated appropriately for the authorisation time required on higher-value purchases."
"FB-001016",197461,"2025-08-25",1,"terminal_reliability","The terminal reliability problems are most acute during our September trading period, which accounts for 31% of our annual revenue. We cannot afford systematic payment failures during this critical window, yet we're experiencing exactly that."
"FB-001017",258613,"2025-08-07",1,"terminal_reliability","We operate across five locations in Belgium, and the connection instability appears worse in our Brussels and Antwerp sites compared to smaller towns. This suggests potential network capacity issues in higher-density areas during peak periods."
"FB-001018",20554,"2025-06-13",1,"terminal_reliability","Our staff report that Mastercard Debit transactions fail more frequently than credit cards, requiring an average of 2.3 attempts versus 1.4 attempts. We're spending considerable time troubleshooting what should be a seamless process."
"FB-001019",79980,"2025-08-04",2,"terminal_reliability","Terminal timeouts have increased our average checkout time from 45 seconds to nearly two minutes when retries are required. Across our daily transaction volume of 280 payments, this represents over 90 minutes of lost productivity."
"FB-001020",1382745,"2025-08-12",2,"terminal_reliability","We've had six customers in the past fortnight explicitly state they won't return due to payment processing difficulties. For a small business operating on modest margins, losing even a handful of regular customers has material financial consequences."
"FB-001021",18088,"2025-08-09",1,"terminal_reliability","The connection reliability issues are particularly problematic given that we've eliminated our cash float to reduce security risks. When terminals fail, we have no backup payment method, which has resulted in us extending informal credit to known customers on four occasions."
"FB-001022",34934,"2025-07-06",2,"terminal_reliability","Our Clover Flex 5000 terminals consistently struggle during the evening service between 19:30 and 22:00, with connection drops occurring every 15-20 transactions. This disrupts our workflow precisely when we're trying to serve the maximum number of covers."
"FB-001023",208541,"2025-06-25",1,"terminal_reliability","We're experiencing a failure pattern where the first transaction attempt times out, the second generates an error code, and only the third attempt processes successfully. This triple-handling is inefficient and creates unnecessary friction in the customer journey."
"FB-001024",1964595,"2025-07-01",1,"terminal_reliability","The unreliability has become severe enough that we're evaluating alternative acquirer relationships, despite the disruption and cost of switching. We calculate that payment failures are currently costing us approximately €3,400 monthly in lost sales and operational inefficiency."
"FB-001025",63176,"2025-09-04",2,"terminal_reliability","Our terminals lose connection most frequently on Wednesday and Thursday afternoons, which coincides with our weekly stock delivery processing. We suspect we're experiencing timeout issues when trying to process payments while the system is under any additional load."
"FB-001026",1523999,"2025-09-08",2,"terminal_reliability","I contacted you three weeks ago about our terminal freezing during busy lunch service and nothing has changed. Yesterday we lost four customers in a row between 12:30 and 13:15 because the device kept timing out after they inserted their cards. This is costing us real money every single day."
"FB-001027",59434,"2025-07-28",2,"terminal_reliability","This is my third time reaching out about the same connection issues at our Brussels location. The terminal drops offline every Saturday afternoon without fail, right when we have our peak traffic. Last Saturday alone we had to turn away approximately €850 in sales because customers wouldn't wait."
"FB-001028",287172,"2025-06-19",1,"terminal_reliability","Following up again on ticket from 15th June - our Clover Flex still requires customers to tap their card 3-4 times before it registers. Two customers walked out yesterday evening rather than deal with it. When can someone actually fix this?"
"FB-001029",101909,"2025-06-08",2,"terminal_reliability","I reported the timeout problem over a month ago and received no solution. This morning between 9am and 11am the terminal failed on seven separate transactions, all Mastercard, all requiring multiple attempts. Our bakery queue was out the door and we lost customers to the café next door."
"FB-001030",1014,"2025-06-27",1,"terminal_reliability","Same issue as my email from two weeks back - terminal keeps displaying ""connection error"" during payment authorization. Friday night we had €340 worth of failed transactions that we had to retry multiple times. Customers are getting frustrated and so am I."
"FB-001031",13702,"2025-06-17",1,"terminal_reliability","Reaching out yet again about our unreliable card machine at the Lisbon shop. Since my last complaint nothing has improved - yesterday afternoon three different Visa transactions timed out mid-payment and we had to process them twice. One customer just left their items and walked out."
"FB-001032",207216,"2025-09-28",2,"terminal_reliability","This is a follow-up to my previous two calls about the terminal crashing during busy periods. Last Sunday we lost at least six sales because the device froze completely and needed rebooting. Each reboot takes 4-5 minutes while customers are standing there waiting."
"FB-001033",9495,"2025-07-03",1,"terminal_reliability","I'm writing again because the problem I reported on 8th July is still happening. Our terminal in Munich disconnects from the network every Tuesday and Thursday morning like clockwork. Today we couldn't process any cards between 10:15 and 10:45 - that's our busiest coffee rush."
"FB-001034",63321,"2025-08-22",2,"terminal_reliability","Fourth time contacting you about this - the card reader times out on approximately 40% of contactless payments over €30. Yesterday a customer tried to pay €47.50 three times before giving up and going to the ATM. This is unacceptable for a business our size."
"FB-001035",3947,"2025-08-16",2,"terminal_reliability","Following my previous complaint from last month, the situation has actually gotten worse. Our terminal now requires multiple card insertions on almost every chip transaction. This afternoon alone we had eight failed attempts across five customers, with two of them abandoning their purchases entirely."
"FB-001036",55604,"2025-08-07",1,"terminal_reliability","I called about this exact issue three weeks ago and was told it would be resolved. It hasn't been. Our Athens restaurant terminal drops connection every Friday and Saturday night during dinner service. Last night we couldn't process cards for 25 minutes starting at 20:30."
"FB-001037",1382018,"2025-06-23",1,"terminal_reliability","This is my second message about the terminal timing out on transactions over €50. Since I last contacted you we've had eleven more instances of customers having to retry their payment multiple times. Three of those customers left without completing their purchase."
"FB-001038",217673,"2025-08-10",2,"terminal_reliability","Reporting again on the ongoing connection problems at our Amsterdam store. The terminal loses signal during peak hours every single weekend. Last Saturday between 14:00 and 16:00 we had to manually retry approximately fifteen transactions, some up to four times each."
"FB-001039",1549999,"2025-08-04",2,"terminal_reliability","I submitted a complaint about this two months ago with no resolution. Our device continues to freeze mid-authorization requiring a full restart. Yesterday we lost a €180 sale because the customer didn't have time to wait through another attempt."
"FB-001040",912025,"2025-06-20",2,"terminal_reliability","Same problem as before - terminal shows ""processing"" for 2-3 minutes then times out. This happened nine times during lunch service today in our Dublin café. Customers are starting to ask if we can just take cash because the card machine is so unreliable."
"FB-001041",192254,"2025-09-24",2,"terminal_reliability","Following up on my previous ticket about Mastercard transactions failing repeatedly. Nothing has changed since I reported it. This morning our terminal timed out on six Mastercard payments in a row, each requiring 2-3 attempts. One customer actually missed their train waiting for us to process their €23 payment."
"FB-001042",1475743,"2025-06-09",1,"terminal_reliability","I'm contacting you again about the terminal connection dropping during busy periods. Last Wednesday evening we couldn't process any payments for eighteen minutes during our peak dinner rush. We're losing customers and revenue because of this ongoing issue."
"FB-001043",1821984,"2025-07-09",1,"terminal_reliability","This is the third time I've reported that our terminal requires multiple tap attempts for contactless payments. Yesterday between 17:00 and 19:00 we had twelve transactions that needed to be retried, with two customers walking out in frustration. When will this actually be fixed?"
"FB-001044",36059,"2025-08-20",2,"terminal_reliability","Escalating my previous complaint from 22nd June - our card machine still crashes multiple times per day. This afternoon it froze on four separate occasions requiring reboots. We had one customer wait through two reboots before finally leaving without their €65 purchase."
"FB-001045",160076,"2025-09-22",2,"terminal_reliability","I called your support line about this last month and the problem persists. Our terminal in Porto loses connection every Monday and Wednesday afternoon. Today we couldn't process cards from 15:20 to 15:50 and had to turn away at least eight customers."
"FB-001046",247349,"2025-07-22",2,"terminal_reliability","Following my earlier report, the timeout issues continue unabated. Our terminal failed on nineteen transactions this week, all requiring multiple retry attempts. Yesterday a customer tried to pay €89 four times before the payment finally went through - they were understandably annoyed."
"FB-001047",610176,"2025-06-01",1,"terminal_reliability","This is my second complaint about the same terminal reliability issues. Every weekend our device times out repeatedly during authorization. Last Sunday we had customers retry their cards twenty-three times across eleven transactions. Two customers gave up and left."
"FB-001048",281577,"2025-08-22",2,"terminal_reliability","Contacting you again as promised when I called two weeks ago - nothing has improved. Our terminal still drops connection during Saturday afternoon trading. Yesterday between 13:00 and 15:30 we had to retry approximately thirty transactions with multiple customers abandoning their purchases."
"FB-001049",23582,"2025-08-12",2,"terminal_reliability","I reported this exact problem in June and it's still happening. The terminal freezes after the customer inserts their card but before authorization completes. This morning we had five frozen transactions in ninety minutes, each requiring a restart. One customer left a €120 order behind."
"FB-001050",42341,"2025-08-17",1,"terminal_reliability","Following up once more on the connection issues I've reported twice before. Our terminal becomes completely unreliable every Thursday evening. Last week we couldn't process Visa payments at all between 18:00 and 18:35, forcing us to take cash only during our second-busiest period of the week."
"FB-001051",1020989,"2025-08-22",2,"terminal_reliability","Terminal froze twice during lunch rush yesterday. Lost at least three customers who didn't want to wait."
"FB-001052",199586,"2025-08-05",1,"terminal_reliability","Connection dropped four times on Saturday afternoon. Had to manually retry €127.50 Mastercard payment three times before it went through."
"FB-001053",3929,"2025-09-14",2,"terminal_reliability","Clover Station Duo timing out consistently between 18:00-20:00. Customers getting frustrated, two walked out last Thursday."
"FB-001054",1551706,"2025-06-27",1,"terminal_reliability","Payment of €43.20 failed twice, then succeeded on third attempt. Customer nearly left. This is happening daily now."
"FB-001055",15255,"2025-08-26",2,"terminal_reliability","Lost €200+ in sales Monday evening when terminal wouldn't connect for 25 minutes during dinner service."
"FB-001056",82255,"2025-07-25",1,"terminal_reliability","Visa contactless payments failing more than chip transactions. Had to ask customer to insert card four times yesterday for €15.80 purchase."
"FB-001057",20223,"2025-08-28",2,"terminal_reliability","Terminal completely unresponsive mid-transaction at 12:30 today. Customer abandoned €89 order."
"FB-001058",779756,"2025-08-23",1,"terminal_reliability","Connection issues every weekend for past three weeks. Busiest trading period and system keeps dropping."
"FB-001059",52861,"2025-09-03",1,"terminal_reliability","€67.50 payment timed out, customer tried different card, that failed too. Eventually worked on third card attempt."
"FB-001060",102383,"2025-08-06",2,"terminal_reliability","Friday and Saturday nights are impossible. Terminal takes 2-3 attempts per transaction when we're busiest."
"FB-001061",1183369,"2025-08-07",1,"terminal_reliability","Three transaction failures this morning alone. One customer left without purchasing €156 worth of goods."
"FB-001062",261732,"2025-08-12",2,"terminal_reliability","Clover Flex 5000 dropping connection during authorization. Happened six times yesterday between 17:00-19:00."
"FB-001063",800547,"2025-08-28",2,"terminal_reliability","Had to reboot terminal twice during breakfast rush. Queue built up, lost customers."
"FB-001064",6331,"2025-08-01",1,"terminal_reliability","Mastercard payment for €234.60 timed out after customer already entered PIN. Had to start entire transaction again."
"FB-001065",2659,"2025-08-04",2,"terminal_reliability","Terminal freezes requiring full restart at least once per shift now. Unacceptable during peak hours."
"FB-001066",852223,"2025-08-04",2,"terminal_reliability","Connection timeout on €445 transaction Wednesday afternoon. Customer waited but complained about professionalism."
"FB-001067",310,"2025-08-06",2,"terminal_reliability","Every Sunday between 11:00-14:00 terminal becomes unreliable. This week had eight failed payment attempts."
"FB-001068",864420,"2025-09-28",2,"terminal_reliability","Contactless limit transactions failing most frequently. €38.90 payment required four retry attempts yesterday."
"FB-001069",593165,"2025-08-11",1,"terminal_reliability","Lost sale of €178 when terminal froze and customer had appointment to get to. Third time this month."
"FB-001070",275032,"2025-08-16",2,"terminal_reliability","Payment gateway timing out on high-value transactions. €520 sale took fifteen minutes and multiple attempts to process."
"FB-001071",261602,"2025-08-24",2,"terminal_reliability","Terminal unresponsive during authorization phase. Happened with five consecutive customers on Tuesday evening."
"FB-001072",1019,"2025-08-17",1,"terminal_reliability","Connection drops every time we get more than three customers waiting. Pattern is clear and consistent."
"FB-001073",26747,"2025-08-03",1,"terminal_reliability","€92.40 Visa payment failed twice, customer used Mastercard instead which also failed once before succeeding."
"FB-001074",674,"2025-09-15",1,"terminal_reliability","Weekend lunch service completely disrupted by terminal issues. Estimate lost revenue around €300-400 from walk-outs."
"FB-001075",1145808,"2025-09-19",1,"terminal_reliability","Terminal requires restart minimum twice daily now. Always seems to happen when queue is longest."
"FB-001076",8894,"2025-08-20",2,"terminal_reliability","Our Clover Flex 5000 terminals consistently throw error code E155 during the authorization phase when processing Mastercard contactless transactions over €50. The connection timeout occurs approximately 60-70 seconds into the transaction, forcing customers to re-tap their cards up to three times before successful completion."
"FB-001077",754215,"2025-08-23",1,"terminal_reliability","We're experiencing systematic failures on Saturday afternoons between 14:00 and 17:00 where the 4G connection drops mid-authorization. Last weekend alone we had 23 abandoned transactions totaling approximately €847 in lost revenue because customers simply gave up and left."
"FB-001078",116263,"2025-07-02",2,"terminal_reliability","The terminal displays ""Connecting..."" for 45-90 seconds before timing out, specifically when processing chip-and-PIN Visa Debit transactions. This happens on both of our Clover Station Duo units, and we've had to ask customers to retry their cards an average of 2.4 times per transaction during lunch rush."
"FB-001079",494692,"2025-08-20",2,"terminal_reliability","Error message ""Transaction declined - please retry"" appears even though the customer's bank later confirms no authorization request was ever received. We're seeing this on approximately 15% of all transactions over €100, predominantly on our older PAX A920 terminal."
"FB-001080",762012,"2025-09-14",2,"terminal_reliability","The checkout freezes at the ""Please wait"" screen for exactly 87 seconds before displaying ""Connection timeout - retry transaction."" This occurs exclusively during our Thursday evening peak between 18:30 and 20:00, affecting roughly one in every four card payments."
"FB-001081",152712,"2025-09-21",1,"terminal_reliability","We've documented 34 instances this month where the Clover Flex 5000 successfully authorizes a payment but then fails to print the receipt or complete the transaction log entry. Customers' accounts are debited but our settlement report shows the transaction as ""incomplete,"" requiring manual reconciliation."
"FB-001082",995843,"2025-08-09",1,"terminal_reliability","Contactless payments under €50 work fine, but the moment we process a chip transaction the terminal takes 3-4 minutes to establish connection with the acquirer host. We've lost at least a dozen customers this week who walked out during the extended wait time."
"FB-001083",126619,"2025-09-21",1,"terminal_reliability","The Clover Station Duo returns ""Network unavailable"" error code 1003 specifically when processing American Express cards during weekday mornings between 08:00 and 10:00. Visa and Mastercard transactions process normally during the same window, suggesting a routing issue with the Amex authorization path."
"FB-001084",448357,"2025-06-22",2,"terminal_reliability","Our Wi-Fi connected terminal drops connection exactly at the point where it should be transmitting the encrypted PIN block to the host. This results in the customer having to re-enter their PIN, and we've had five separate complaints this week about potential security concerns from tech-savvy customers."
"FB-001085",1384510,"2025-08-22",2,"terminal_reliability","Transaction reversal messages appear 4-6 hours after a failed payment attempt, but during the interim period the terminal shows the transaction as ""pending"" and we can't process any subsequent payments without a full reboot. This happened seven times on Monday alone, with average downtime of 12 minutes per incident."
"FB-001086",94610,"2025-08-13",1,"terminal_reliability","The PAX terminal's TLS handshake is failing intermittently, displaying ""SSL error 0x2F"" before timing out. Our IT consultant confirmed the certificates are valid until 2026, so this appears to be a server-side issue occurring on approximately 18% of all transaction attempts."
"FB-001087",135131,"2025-08-19",1,"terminal_reliability","We're seeing a consistent pattern where transactions between €75 and €125 take 2-3 times longer to authorize than smaller amounts. The terminal displays ""Authorizing..."" for up to 140 seconds before either completing or timing out, which is unacceptable during our Friday afternoon rush."
"FB-001088",241379,"2025-08-28",2,"terminal_reliability","The Clover Flex successfully reads the card data but then sits at ""Contacting bank..."" indefinitely until we manually cancel and retry. This affects roughly 30% of our transactions on Sundays, and we've had eight customers abandon purchases totaling €340 just this past weekend."
"FB-001089",335844,"2025-06-19",1,"terminal_reliability","Error code ""E502 - Gateway timeout"" appears specifically when processing Maestro cards issued by German banks. The transaction fails after 95 seconds, and subsequent retry attempts often result in duplicate authorization holds that take 3-5 business days to release."
"FB-001090",674372,"2025-09-13",1,"terminal_reliability","Our checkout system shows the payment as approved on the terminal screen, but the POS integration never receives the confirmation message, leaving transactions in limbo. We've had to manually verify 47 transactions this month by checking the settlement batch against our sales records."
"FB-001091",644456,"2025-06-24",2,"terminal_reliability","The Clover Station Duo reboots itself mid-transaction approximately twice per day, always during chip card authorization. Customers see ""Processing payment..."" then the screen goes black, and when it restarts we have no record of whether the authorization went through or not."
"FB-001092",221479,"2025-08-22",2,"terminal_reliability","Latency spikes to 8-12 seconds per authorization during our Tuesday and Wednesday evening peaks, compared to the normal 2-3 seconds. When we have six customers queuing and each transaction requires multiple retry attempts, we're losing sales to the competitor next door who has faster terminals."
"FB-001093",1832543,"2025-09-26",2,"terminal_reliability","The terminal accepts the contactless tap and displays ""Approved"" but then shows ""Reversal in progress"" 15-20 seconds later without any explanation. This has happened 19 times in the past two weeks, always with Mastercard Debit cards from Irish banks."
"FB-001094",1904721,"2025-08-16",2,"terminal_reliability","We're getting ""Host not responding"" errors on our PAX A77 terminal specifically between 12:15 and 13:00 on weekdays. The connection test function shows full 4G signal strength, but actual payment transactions time out after 60 seconds with no authorization response."
"FB-001095",1068214,"2025-09-10",2,"terminal_reliability","The terminal's display shows ""Transaction complete"" but the receipt printer indicates ""Communication error - transaction status unknown."" We then have to call the helpline to verify if the customer was charged, which takes 15-20 minutes and creates massive queues during lunch service."
"FB-001096",467358,"2025-08-03",1,"terminal_reliability","Chip card read failures occur on approximately 40% of first attempts, requiring customers to remove and reinsert their card multiple times. The terminal eventually prompts ""Try contactless or swipe card"" but our Clover Flex 3000 doesn't have a magnetic our previous provider reader, leaving us stuck."
"FB-001097",838221,"2025-08-16",2,"terminal_reliability","We experience systematic authorization timeouts every Monday morning between 09:00 and 10:30, coinciding with our busiest period for coffee and breakfast sales. Last Monday we processed only 34 successful transactions out of 58 attempts, with 24 customers abandoning their €3-€8 purchases."
"FB-001098",1821956,"2025-08-23",1,"terminal_reliability","The terminal establishes connection and begins authorization but then displays ""Transaction cancelled by card"" even though the customer hasn't removed their card or pressed any buttons. This false cancellation occurs on about 12% of transactions and requires a complete retry from the beginning."
"FB-001099",158387,"2025-08-20",2,"terminal_reliability","Our Clover Station Duo shows ""Approved"" and prints a merchant receipt, but then fails to print the customer receipt and logs the transaction as ""incomplete"" in the batch. We've had three chargebacks this month because customers claimed they never received confirmation of payment."
"FB-001100",1472238,"2025-09-03",1,"terminal_reliability","The 4G backup connection activates when our broadband drops, but the failover takes 45-60 seconds during which all payment attempts fail with ""No route to host"" errors. We lost approximately €1,200 in walk-away sales last Thursday when our internet went down during the 17:00 rush."
"FB-001101",1249,"2025-08-06",2,"terminal_reliability","Terminal froze again during lunch rush yesterday. Lost three customers who just walked out when they saw the queue building up. Can't afford this during peak hours."
"FB-001102",158682,"2025-08-25",1,"terminal_reliability","Tried processing a €47 payment five times before it went through. Customer was not impressed and neither am I. This is happening multiple times per week now."
"FB-001103",534760,"2025-08-25",1,"terminal_reliability","Connection dropped twice on Saturday afternoon. Busiest day of the week and I'm standing there like an idiot unable to take payments. Unacceptable."
"FB-001104",1686,"2025-08-13",1,"terminal_reliability","What's the point of having a card terminal if it times out every other transaction? Had to manually retry a Mastercard payment four times this morning for €23.50."
"FB-001105",199416,"2025-09-12",2,"terminal_reliability","Lost at least €200 in sales yesterday because the terminal kept failing. Customers don't wait around when there's a problem, they just leave."
"FB-001106",591621,"2025-08-10",2,"terminal_reliability","Friday evening rush and the terminal decides to stop working. Took 15 minutes to get it back online. How am I supposed to run a business like this?"
"FB-001107",356999,"2025-08-11",1,"terminal_reliability","Visa payment for €156 timed out three times in a row. Customer nearly cancelled the whole order. This is damaging my reputation."
"FB-001108",532666,"2025-08-14",2,"terminal_reliability","Terminal connectivity is a joke during busy periods. Lunchtime today it failed on six separate transactions. I'm losing patience and losing money."
"FB-001109",6317,"2025-07-28",2,"terminal_reliability","Another morning, another round of payment failures. €34 transaction took four attempts. Customer asked if I'd considered getting a reliable system."
"FB-001110",8709,"2025-08-23",1,"terminal_reliability","Can't process contactless half the time. Customer had to insert their card and even that took three tries for an €18 payment. Embarrassing."
"FB-001111",404882,"2025-08-22",2,"terminal_reliability","Wednesday afternoon, terminal completely unresponsive for 20 minutes. Had to turn away customers. This is costing me real money."
"FB-001112",1554225,"2025-06-14",2,"terminal_reliability","Mastercard payments timing out constantly this week. Had one transaction for €89 fail six times before finally going through. What's going on?"
"FB-001113",381512,"2025-08-25",1,"terminal_reliability","Busy Sunday lunch service ruined by terminal issues. Connection kept dropping every few minutes. Staff are frustrated, customers are frustrated, I'm beyond frustrated."
"FB-001114",28594,"2025-08-22",2,"terminal_reliability","Payment for €12.50 shouldn't take five attempts. But that's what happened this morning. And it's not the first time this week."
"FB-001115",85089,"2025-06-24",2,"terminal_reliability","Lost count of how many times I've had to apologize to customers for terminal problems. Yesterday alone had eight failed transactions that needed multiple retries."
"FB-001116",93749,"2025-06-07",1,"terminal_reliability","Terminal timed out mid-payment for a €203 order. Customer thought they'd been charged twice and got angry. Took ages to sort out. Not good enough."
"FB-001117",22,"2025-08-17",1,"terminal_reliability","Peak hours are a nightmare. Terminal can't handle the volume and just keeps failing. Saturday between 2-4pm was chaos with constant timeouts."
"FB-001118",90103,"2025-07-15",1,"terminal_reliability","Three customers walked out yesterday when they saw me struggling with the terminal. Each retry takes forever and people won't wait. Losing business daily."
"FB-001119",100200,"2025-08-05",1,"terminal_reliability","€67 Visa payment failed four times this afternoon. Terminal just sits there spinning then times out. Connection is clearly not up to the job."
"FB-001120",1040419,"2025-06-22",2,"terminal_reliability","Morning rush is when I need the terminal most and that's exactly when it fails. Today had five timeouts before 10am. Pattern is obvious."
"FB-001121",427,"2025-08-15",1,"terminal_reliability","Contactless limit is pointless if contactless doesn't work. Customer tried €45 payment three times, nothing. Had to use chip and PIN which also failed twice."
"FB-001122",38416,"2025-06-26",2,"terminal_reliability","Terminal froze completely during a €178 transaction. Had to reboot it while customer waited. They weren't happy and frankly neither am I."
"FB-001123",643078,"2025-08-19",1,"terminal_reliability","Thursday evening, six payment failures in two hours. Mix of Visa and Mastercard, all timing out. Connection drops right when I need it most."
"FB-001124",465814,"2025-08-17",1,"terminal_reliability","Can't run a proper business with unreliable equipment. Yesterday's failures cost me at least four sales that I know of. Probably more I didn't notice."
"FB-001125",1409416,"2025-08-06",2,"terminal_reliability","€31 payment took seven attempts. Seven. Customer joked about paying cash next time. Except it wasn't really a joke and that's the problem."
"FB-001126",182795,"2025-08-24",2,"terminal_reliability","On 14th June our Clover Flex 5000 terminal timed out during three separate transactions between 18:45 and 19:20, resulting in €247.80 in lost sales when customers left without completing their purchases. The connection issues coincided with our evening rush period."
"FB-001127",110386,"2025-08-09",1,"terminal_reliability","Between 1st and 7th July, we experienced 23 failed Mastercard transactions on terminal ID 4782-9901, with customers having to retry their cards an average of 2.8 times before successful authorisation. This added approximately 4 minutes to each checkout process during our busiest trading hours."
"FB-001128",491396,"2025-08-26",2,"terminal_reliability","Our Clover Station Duo dropped connection 11 times on Saturday 22nd July between 12:00 and 15:00, causing us to lose an estimated €1,340 in sales as eight customers abandoned their purchases."
"FB-001129",219958,"2025-08-18",2,"terminal_reliability","Terminal timeouts on 3rd May resulted in €89.50 being charged twice to one customer's Visa card, requiring manual reconciliation and a refund that took six business days to process."
"FB-001130",941270,"2025-06-08",2,"terminal_reliability","The PAX A920 unit in our main checkout area failed to complete 17 transactions on Thursday 11th May, with each attempt timing out after approximately 45 seconds. We estimate €623.40 in abandoned sales that afternoon alone."
"FB-001131",1103967,"2025-09-11",1,"terminal_reliability","Connection drops occurred every Friday evening in June between 19:00 and 21:00, affecting an average of 31 transactions per week and resulting in cumulative lost revenue of approximately €2,180 across the month."
"FB-001132",75983,"2025-06-18",2,"terminal_reliability","On 8th July our terminal required customers to insert their cards 4 to 6 times before achieving authorisation, with the issue affecting 64% of all Visa Debit transactions that day totalling €1,847.30."
"FB-001133",1879,"2025-06-14",2,"terminal_reliability","We recorded 19 transaction timeouts on 15th July between 11:30 and 13:45, during which period five customers left without purchasing, representing €412.60 in documented lost sales."
"FB-001134",323724,"2025-07-14",2,"terminal_reliability","The Clover Flex 5000 terminal experienced complete connection failure on 23rd July from 16:20 to 17:05, forcing us to turn away customers and resulting in an estimated €890 in lost revenue during that 45-minute window."
"FB-001135",1216768,"2025-08-14",2,"terminal_reliability","Our reconciliation for August shows 127 instances where transactions required multiple retry attempts, adding an average of 3.2 minutes per affected transaction and significantly impacting our checkout efficiency during peak hours."
"FB-001136",32770,"2025-08-03",1,"terminal_reliability","On Saturday 12th August, terminal timeouts affected €3,240.50 worth of attempted transactions, with 14 customers abandoning their purchases after failed payment attempts. This represented 22% of our expected daily revenue."
"FB-001137",152217,"2025-06-01",1,"terminal_reliability","Between 20th and 26th August, our Clover Station Duo dropped connection 47 times during transactions over €50, with American Express cards particularly affected at a failure rate of 38%."
"FB-001138",405255,"2025-08-24",2,"terminal_reliability","The PAX terminal at checkout position two timed out mid-payment on 4th September for a €156.80 transaction, then processed the payment twice, requiring us to issue a manual refund and causing significant customer dissatisfaction."
"FB-001139",227201,"2025-07-27",1,"terminal_reliability","We experienced systematic connection failures every Monday and Wednesday in September between 08:00 and 09:30, affecting 73 transactions totalling €4,120.80 and causing seven customers to leave without completing purchases."
"FB-001140",635418,"2025-08-28",2,"terminal_reliability","On 18th September our terminal required an average of 4.3 card insertion attempts per transaction during the lunch period from 12:00 to 14:00, processing only 41 of 56 attempted transactions successfully."
"FB-001141",440821,"2025-09-14",2,"terminal_reliability","Terminal ID 5903-2847 timed out 29 times on 2nd September, with 11 customers abandoning purchases totalling €1,067.40 after waiting through multiple failed payment attempts."
"FB-001142",146725,"2025-08-12",2,"terminal_reliability","Our September reconciliation identified €847.20 in duplicate charges across 12 transactions where the terminal appeared to timeout but actually processed the payment, requiring us to manually refund customers and damaging our reputation."
"FB-001143",79925,"2025-08-18",2,"terminal_reliability","Connection drops on 14th September between 17:00 and 19:30 affected 83% of attempted transactions, resulting in €2,456.90 in lost sales as 19 customers left without purchasing."
"FB-001144",706787,"2025-07-13",1,"terminal_reliability","The Clover Flex failed to authorise 34 consecutive Mastercard Debit transactions on 21st September between 10:15 and 11:40, though Visa cards processed normally during the same period."
"FB-001145",786345,"2025-08-12",2,"terminal_reliability","We recorded 156 transaction retry attempts across September, with affected transactions taking an average of 6.8 minutes to complete versus our normal 1.2 minutes, significantly impacting customer satisfaction and queue times."
"FB-001146",902330,"2025-08-03",1,"terminal_reliability","On Friday 10th September our terminal timed out during 41 transactions between 18:00 and 20:00, our peak trading period, resulting in €1,834.70 in abandoned sales and numerous customer complaints."
"FB-001147",403129,"2025-09-19",1,"terminal_reliability","Terminal connection failures on 18th September affected transactions over €100 exclusively, with 9 out of 11 such payments timing out and requiring multiple retry attempts, ultimately losing us €673.50 in sales."
"FB-001148",52638,"2025-06-02",2,"terminal_reliability","Our Clover Station Duo experienced complete system failure on 25th September from 13:20 to 14:45, during which we could process no card payments and lost an estimated €1,240 in sales."
"FB-001149",869978,"2025-07-26",2,"terminal_reliability","Between 1st and 15th September, we documented 203 instances of customers having to retry their cards, with 27 customers abandoning purchases totalling €2,891.30 after unsuccessful payment attempts."
"FB-001150",1028045,"2025-08-22",2,"terminal_reliability","On 16th September our terminal timed out during 67 transactions between 09:00 and 18:00, with connection drops occurring every 8 to 12 minutes throughout the day and resulting in €3,120.40 in lost revenue as customers left without purchasing."
"FB-001151",1139211,"2025-09-15",1,"terminal_reliability","Hi, I'm quite new to taking card payments and I wanted to ask - is it normal for the terminal to just freeze halfway through a transaction? It happened twice yesterday around lunchtime and I wasn't sure what to tell the customers."
"FB-001152",1233,"2025-08-04",2,"terminal_reliability","We've only been accepting cards for about six weeks and sometimes the machine says ""connection timeout"" when we try to process a payment. Should I just keep trying or is there something I need to check?"
"FB-001153",1307628,"2025-09-10",2,"terminal_reliability","Quick question - last Saturday three different customers had to tap their Visa cards multiple times before it went through. Is this something on my end or does it just happen sometimes with contactless?"
"FB-001154",71,"2025-09-13",1,"terminal_reliability","I'm still learning how all this works, but yesterday evening around 7pm the terminal seemed to lose connection during a €47 transaction and the customer had to insert the card again. Is there a way to prevent this?"
"FB-001155",1555,"2025-09-06",2,"terminal_reliability","Hello, we just started taking cards last month and I've noticed on busy Friday afternoons the machine sometimes takes ages to connect. Is this normal or should I be worried about our internet?"
"FB-001156",193538,"2025-07-09",1,"terminal_reliability","Sorry for the basic question, but is it usual for a payment to time out after the customer has already entered their PIN? It's happened a few times now and I'm not sure how to handle it."
"FB-001157",65919,"2025-07-28",2,"terminal_reliability","We're new to card payments and yesterday two customers walked out because the terminal kept saying ""processing"" for over a minute. Should I be doing something different?"
"FB-001158",902891,"2025-07-03",1,"terminal_reliability","I wanted to check if this is normal - sometimes when we have a queue of people, the card reader just stops working and I have to restart it. Does this happen to other merchants?"
"FB-001159",1907004,"2025-06-24",2,"terminal_reliability","Just wondering, is it typical for Mastercard payments to need two or three attempts before they go through? We've been accepting cards for only a month and I've seen this happen maybe five or six times."
"FB-001160",163024,"2025-08-19",1,"terminal_reliability","Hi, we're quite new to this and on Tuesday morning the terminal timed out on a €23.50 payment right after the customer tapped. Is there something I should adjust in the settings?"
"FB-001161",25777,"2025-08-01",1,"terminal_reliability","Quick question from a new merchant - last weekend during our busy period the connection kept dropping and we lost at least two sales because customers didn't want to wait. Is this something that can be fixed?"
"FB-001162",706454,"2025-08-16",2,"terminal_reliability","We only started with card payments in June and I'm noticing that on Sunday afternoons the terminal often says ""transaction failed"" even though the customer's card seems fine. Should I be concerned?"
"FB-001163",304398,"2025-06-17",1,"terminal_reliability","Sorry if this is a silly question, but is it normal to have to retry a payment three times before it works? It happened with a €15 transaction yesterday and the customer was quite patient but I felt embarrassed."
"FB-001164",32768,"2025-08-08",2,"terminal_reliability","I'm still getting used to the terminal and wanted to ask - when it says ""connection error"" mid-payment, does that mean the customer has been charged or not? This happened twice on Thursday."
"FB-001165",600,"2025-08-18",2,"terminal_reliability","We've been taking cards for about two months now and sometimes during the evening rush around 6-7pm the machine just freezes. Is this a common issue or specific to our setup?"
"FB-001166",614553,"2025-06-04",2,"terminal_reliability","Hello, new merchant here - yesterday a customer tried to pay €89 and the terminal timed out after they'd already put in their PIN. Do I need to do something to make the connection more stable?"
"FB-001167",249275,"2025-08-22",2,"terminal_reliability","Just wanted to check if it's normal for the payment process to fail more often when we're busy? Last Saturday we had maybe four or five transactions that needed multiple attempts."
"FB-001168",201521,"2025-07-13",1,"terminal_reliability","I'm quite new to accepting cards and on Monday the terminal lost connection three times in a row during the lunch rush. Is there a way to make this more reliable?"
"FB-001169",17998,"2025-06-03",1,"terminal_reliability","Quick question - we started taking card payments recently and I've noticed American Express seems to time out more than other cards. Is that just coincidence or is there something I should know?"
"FB-001170",774781,"2025-08-04",2,"terminal_reliability","We're still learning the ropes with card acceptance and yesterday a €156 payment failed twice before finally going through. The customer was understanding but is there something I can do to avoid this?"
"FB-001171",62675,"2025-07-24",2,"terminal_reliability","Hi, I'm new to all this and wanted to ask if it's typical for the terminal to drop connection specifically during busy periods? It seems to work fine when we're quiet but struggles on Wednesday and Friday afternoons."
"FB-001172",65867,"2025-08-25",1,"terminal_reliability","Sorry for the beginner question, but when a payment times out and the customer has to tap again, does that mean they might get charged twice? This happened with a €34 sale on Tuesday and I'm worried."
"FB-001173",178104,"2025-06-10",2,"terminal_reliability","We've only been accepting cards since June and I've noticed that maybe one in every twenty transactions needs to be retried. Is this within normal range or should I contact support?"
"FB-001174",1103935,"2025-08-14",2,"terminal_reliability","Just wondering if other new merchants experience this - our terminal seems to struggle around 1pm when we get the lunch crowd and yesterday two people left because it took too long. Any advice?"
"FB-001175",457396,"2025-08-06",2,"terminal_reliability","Hello, we're fairly new to card payments and last week during a €67.50 transaction the machine just said ""timeout"" after the customer inserted their card. Is there a setting I should check or is this just something that happens occasionally?"
"FB-001176",172033,"2025-08-06",2,"terminal_reliability","Our Dublin city centre location processes about 400 transactions daily without issues, but the Galway shop has terminals dropping connection 3-4 times every Saturday afternoon when we're busiest. Same Clover Flex 5000 models at both sites, so it must be the network."
"FB-001177",15,"2025-08-18",2,"terminal_reliability","The terminal at our Amsterdam branch times out on roughly 1 in 8 Mastercard transactions, while our Rotterdam location with identical setup has zero problems. Customers are getting frustrated having to tap twice or three times for a simple €12 coffee."
"FB-001178",44227,"2025-08-27",1,"terminal_reliability","I manage four restaurants across Munich and Frankfurt. The Frankfurt locations rarely have issues, but both Munich sites experience the same problem: terminals freeze mid-transaction during dinner service between 19:00-21:00, forcing staff to restart and retry payments."
"FB-001179",108558,"2025-09-07",1,"terminal_reliability","Our two Paris boutiques have completely different experiences. Marais location is flawless, but the Saint-Germain shop loses connection every evening rush, sometimes losing €500-800 in sales from customers who just walk out rather than wait."
"FB-001180",152488,"2025-08-04",2,"terminal_reliability","Running three pharmacies in Lisbon and one in Porto. Porto terminal works perfectly, but all three Lisbon locations have customers swiping cards 2-3 times before payment goes through, especially on Visa transactions over €50."
"FB-001181",111970,"2025-08-20",2,"terminal_reliability","I've got five petrol stations across Belgium - three in Brussels, two in Antwerp. Brussels sites constantly time out during morning commute 07:00-09:00, but Antwerp runs smooth all day. Same equipment, same provider, completely different reliability."
"FB-001182",816341,"2025-08-07",1,"terminal_reliability","Our Barcelona and Valencia stores both use PAX A920 terminals. Barcelona processes 600+ transactions daily with maybe one timeout per week. Valencia averages 15-20 failed attempts daily, with customers often giving up on purchases around €30-40."
"FB-001183",8303,"2025-06-04",2,"terminal_reliability","Three locations in Athens, two in Thessaloniki. The Athens terminals drop connection every afternoon without fail, requiring restarts that take 3-4 minutes each time. Thessaloniki sites have been rock solid for months. Makes no sense."
"FB-001184",752237,"2025-08-07",1,"terminal_reliability","We operate cafes in Vienna and Salzburg. Vienna location has customers complaining weekly about having to retry their contactless payments, sometimes four or five attempts for a €6 transaction. Salzburg cafe has zero complaints with identical terminal model."
"FB-001185",178467,"2025-08-28",2,"terminal_reliability","My two Milan shops and one Rome location all struggle during weekend peaks, but Milan is far worse - terminals timing out on 20% of transactions between 11:00-14:00 on Saturdays. Rome maybe 5% failure rate, which is still unacceptable but at least manageable."
"FB-001186",11327,"2025-07-19",1,"terminal_reliability","Four bakeries across Ireland: two in Cork work fine, but Dublin and Limerick locations have terminals freezing mid-payment every single morning rush. Lost count of customers walking out when their €8 purchase won't process after three attempts."
"FB-001187",1641435,"2025-08-07",1,"terminal_reliability","I run hotels in Amsterdam, The Hague and Utrecht. Utrecht check-outs are seamless, but Amsterdam front desk has to retry guest payments constantly, especially American Express cards. The Hague is somewhere in between but getting worse monthly."
"FB-001188",1067870,"2025-08-11",1,"terminal_reliability","Our Bordeaux wine shop processes payments flawlessly, but the Lyon location with three times the transaction volume has terminals crashing 5-6 times daily during peak hours. Customers spending €100+ on wine don't appreciate being asked to tap their card repeatedly."
"FB-001189",1610589,"2025-08-28",2,"terminal_reliability","Three electronics stores: Hamburg, Bremen and Hanover. Hamburg is a nightmare with connection drops every busy period, Bremen has occasional issues, Hanover is perfect. All three have the same Clover Station Duo terminals installed within weeks of each other."
"FB-001190",376212,"2025-06-15",1,"terminal_reliability","Managing two restaurants in Brussels. The Ixelles location rarely has problems, but our European Quarter restaurant loses terminal connection every Thursday and Friday lunch when we're packed with office workers. Easily losing €300-400 in walkouts weekly."
"FB-001191",512411,"2025-06-02",2,"terminal_reliability","Five clothing boutiques across Spain: two Madrid, two Barcelona, one Seville. Madrid locations have customers retrying cards constantly, Barcelona slightly better, but Seville processes everything first time. Same terminal models, same acquirer, wildly different performance."
"FB-001192",1236427,"2025-08-08",2,"terminal_reliability","Our Cologne and Düsseldorf pharmacies both struggle with terminal reliability, but Cologne is significantly worse. Customers attempting to pay €15-25 for prescriptions often need 3-4 attempts, and we've had several just leave their items and walk out frustrated."
"FB-001193",1988252,"2025-08-20",2,"terminal_reliability","I operate three gyms in Dublin, Cork and Galway. Dublin membership payments at reception go through fine, but Cork and Galway terminals time out constantly during evening peak 17:00-20:00 when members are checking in. Same issue, two different cities."
"FB-001194",1702062,"2025-08-24",2,"terminal_reliability","Two bookshops in Porto and Lisbon. Porto terminal works beautifully for our typical €20-30 transactions. Lisbon shop has connection dropping multiple times daily, especially weekends, and I've personally witnessed at least a dozen customers abandon purchases rather than retry."
"FB-001195",94984,"2025-09-11",1,"terminal_reliability","Running four cafes across Athens. Two central locations have terminals timing out 10-15 times daily during breakfast and lunch rushes. Two suburban locations process hundreds of €3-8 transactions without any issues whatsoever. Infrastructure problem, clearly."
"FB-001196",46453,"2025-08-24",2,"terminal_reliability","Our Antwerp flagship store handles 800+ daily transactions smoothly, but the smaller Ghent location with maybe 200 transactions has terminals freezing constantly. Customers paying €50-100 for clothing shouldn't have to stand there while we restart equipment and try again."
"FB-001197",6207,"2025-09-14",2,"terminal_reliability","Three restaurants in Vienna: two in the city centre, one in the suburbs. City centre locations lose connection every Friday and Saturday dinner service like clockwork. Suburban restaurant has been problem-free for six months running. Exact same terminal setup."
"FB-001198",1158278,"2025-08-09",1,"terminal_reliability","I manage supermarkets in Nice, Marseille and Toulouse. Nice is acceptable with maybe 2-3 timeouts daily. Marseille has terminals dropping connection 15-20 times per day during busy periods. Toulouse is worst - customers regularly retry €60-80 grocery payments three or four times."
"FB-001199",1428593,"2025-06-07",1,"terminal_reliability","Two jewellery stores in Amsterdam and Rotterdam. When customers are spending €500-2000, they expect a smooth experience, but Amsterdam terminal times out on roughly one in five transactions. Rotterdam location processes high-value payments without any drama."
"FB-001200",15353,"2025-08-14",2,"terminal_reliability","Four locations across Germany: two Frankfurt, one Stuttgart, one Nuremberg. Frankfurt sites have consistent connection problems during weekday lunch 12:00-14:00, Stuttgart occasional issues, but Nuremberg terminal hasn't failed once in three months. Same PAX terminals throughout."
