"CASE_ID","MERCHANT_ID","OPENED_DATE","CASE_CATEGORY","PRIORITY","CASE_THEME","CASE_TEXT"
"CS-000001",4526,"2025-06-23","Account Administration","P4 - Low","account_admin","Need to change email address ASAP, old one bounced and I'm missing statements. Can't access portal either."
"CS-000002",97,"2025-08-12","Account Administration","P4 - Low","account_admin","Closing our Porto location end of month, terminal needs collecting. Still being charged fees for it though aren't I."
"CS-000003",91216,"2025-07-06","Account Administration","P4 - Low","account_admin","Added new manager last week but she still can't log in to see transactions. This is taking too long."
"CS-000004",117918,"2025-07-23","Account Administration","P4 - Low","account_admin","Business name changed from GmbH to UG three months ago, still shows old name on statements. Legal issue if this continues."
"CS-000005",215733,"2025-08-24","Account Administration","P4 - Low","account_admin","Where are my June statements? Need them for accountant by Friday and can't find them anywhere in the portal."
"CS-000006",106944,"2025-07-25","Account Administration","P4 - Low","account_admin","Moving premises in Dublin, need to update address before next statement or mail goes to wrong place again."
"CS-000007",60248,"2025-07-03","Account Administration","P3 - Medium","account_admin","Requested user access for my bookkeeper 5 days ago, ticket 47829, still nothing. She needs to reconcile €23,000 in Visa transactions from last week."
"CS-000008",56003,"2025-08-03","Account Administration","P4 - Low","account_admin","Our Brussels shop closed in June but you're still charging me €45 monthly rental on that terminal. Want refund."
"CS-000009",1049480,"2025-08-28","Account Administration","P4 - Low","account_admin","Changed mobile number, can't receive 2FA codes now. Locked out since Tuesday morning."
"CS-000010",164354,"2025-09-12","Account Administration","P4 - Low","account_admin","Need statement copy for September 2023, bank requires it for loan application. Urgent."
"CS-000011",940490,"2025-06-07","Account Administration","P4 - Low","account_admin","Registered new location in Athens two weeks back, no terminal arrived yet. Losing sales every day without card machine."
"CS-000012",1835731,"2025-09-13","Account Administration","P4 - Low","account_admin","Email address on file is wrong, been trying to update it for a week. Missing important notifications about chargebacks."
"CS-000013",14322,"2025-08-18","Account Administration","P4 - Low","account_admin","Adding second location in Lyon, need separate reporting for each shop. Current setup lumping everything together makes accounting nightmare."
"CS-000014",214771,"2025-08-06","Account Administration","P4 - Low","account_admin","Business partner left, need to remove his portal access immediately. Security concern."
"CS-000015",105741,"2025-08-17","Account Administration","P4 - Low","account_admin","Sold the café in Amsterdam, close that account. Final statement shows €340 in fees I shouldn't be paying anymore."
"CS-000016",353439,"2025-09-28","Account Administration","P4 - Low","account_admin","Updated company registration number with you twice already, still incorrect on invoices. Tax office flagging this."
"CS-000017",187062,"2025-07-13","Account Administration","P3 - Medium","account_admin","New employee needs access to view transactions only, not full admin. How long does this take?"
"CS-000018",583518,"2025-09-16","Account Administration","P4 - Low","account_admin","Closed our Galway location last month, return label for terminal never arrived. What's the process here?"
"CS-000019",165875,"2025-09-01","Account Administration","P4 - Low","account_admin","Changed business address in portal but statements still going to old address in Munich. Fix this."
"CS-000020",86460,"2025-08-01","Account Administration","P3 - Medium","account_admin","Need all statements from 2024 for audit, can only download three months at a time. There must be easier way."
"CS-000021",775741,"2025-08-05","Account Administration","P4 - Low","account_admin","Adding third location in Barcelona, need pricing breakdown per site not combined. Current statements useless for management."
"CS-000022",16217,"2025-07-13","Account Administration","P3 - Medium","account_admin","Phone number on account is from previous owner, been trying to change it since takeover in June. Still getting his calls."
"CS-000023",3206,"2025-07-11","Account Administration","P4 - Low","account_admin","Closing account entirely, selling business next week. Need final statement showing all Mastercard transactions through yesterday."
"CS-000024",1193313,"2025-08-22","Account Administration","P4 - Low","account_admin","Can't add new user, system says email already exists but she's never had access. Been stuck on this since Monday."
"CS-000025",84707,"2025-06-26","Account Administration","P4 - Low","account_admin","Moved shop across street in Lisbon, updated address but terminal still registered to old location. Causing issues with delivery companies."
"CS-000026",7219,"2025-09-08","Account Administration","P4 - Low","account_admin","Merchant requested update to primary contact email address from old domain to new domain effective immediately. Change processed and confirmation sent to both addresses for verification purposes."
"CS-000027",1951,"2025-08-26","Account Administration","P4 - Low","account_admin","Business owner called to add secondary user with full administrative access to online portal. Provided new user's email address and mobile number for two-factor authentication setup."
"CS-000028",1212,"2025-06-05","Account Administration","P4 - Low","account_admin","Merchant submitted request to update registered business name from sole trader designation to limited company structure following incorporation on 15th June 2024. Requested all future statements and correspondence reflect new legal entity name."
"CS-000029",975753,"2025-08-12","Account Administration","P4 - Low","account_admin","Request received to close location in Lyon that ceased trading on 28th June 2024. Merchant confirmed final settlement of €2,847.63 was received and terminal model V400m was returned via courier on 4th June 2024."
"CS-000030",267051,"2025-07-17","Account Administration","P3 - Medium","account_admin","Merchant called requesting copy of June 2024 statement showing total Mastercard transaction volume of €18,456.20 across 347 transactions for tax filing purposes."
"CS-000031",1232825,"2025-08-22","Account Administration","P3 - Medium","account_admin","Business owner requested addition of new trading location in Porto opening 1st May 2024. Provided business address, estimated monthly card volume of €12,000, and requested two Clover Flex terminals for counter service."
"CS-000032",55770,"2025-06-02","Account Administration","P3 - Medium","account_admin","Merchant emailed to update billing contact telephone number from mobile ending 4782 to landline number for accounts payable department. Change effective from next billing cycle commencing 1st July 2024."
"CS-000033",1082086,"2025-06-24","Account Administration","P4 - Low","account_admin","Request to add read-only user access for external accountant to view statements and transaction reports. Merchant specified access should exclude terminal management and settlement account modifications."
"CS-000034",2962,"2025-06-08","Account Administration","P4 - Low","account_admin","Business owner requested closure of account for location in Brussels that processed final transaction on Friday 8th June 2024 at 17:43. Confirmed outstanding balance of €127.35 to be settled to registered bank account."
"CS-000035",317578,"2025-06-03","Account Administration","P4 - Low","account_admin","Merchant submitted formal request to change registered business address from Dublin 2 to Dublin 8 following office relocation completed on 11th June 2024. Requested updated documentation be sent to new address."
"CS-000036",10043,"2025-06-14","Account Administration","P4 - Low","account_admin","Called to request duplicate statement for September 2023 showing Visa transaction fees totaling €1,247.89 and Mastercard fees of €983.45 for year-end reconciliation."
"CS-000037",6553,"2025-07-15","Account Administration","P4 - Low","account_admin","Business owner requested addition of third location in Munich opening mid-July 2024 with anticipated monthly volume of €25,000 across approximately 600 transactions. Requested three terminals and contactless payment capability."
"CS-000038",971780,"2025-07-28","Account Administration","P4 - Low","account_admin","Merchant emailed to update primary contact person from retiring operations manager to newly appointed finance director effective 1st July 2024. Provided new contact's email and direct telephone number."
"CS-000039",56133,"2025-06-19","Account Administration","P3 - Medium","account_admin","Request received to close secondary location in Athens that has processed zero transactions since June 2024. Merchant confirmed terminal model PAX A920 will be returned within five business days."
"CS-000040",1462,"2025-09-08","Account Administration","P4 - Low","account_admin","Business owner called requesting statements for September, September and September 2023 showing total quarterly Visa volume of €47,832.15 for VAT return submission deadline of 31st June 2024."
"CS-000041",355,"2025-06-16","Account Administration","P4 - Low","account_admin","Merchant requested addition of new user with limited permissions to process refunds only, following internal control policy changes. Specified user should not have access to settlement or reporting functions."
"CS-000042",41457,"2025-08-05","Account Administration","P4 - Low","account_admin","Request to update registered company name following merger completed on 22nd June 2024. Merchant provided certificate of incorporation and requested all documentation reflect merged entity from 1st June 2024."
"CS-000043",111298,"2025-08-23","Account Administration","P4 - Low","account_admin","Business owner emailed to add fourth location in Amsterdam processing estimated €8,500 monthly across 200 transactions. Requested single Clover Station Duo terminal with PIN entry capability for delivery by 15th July 2024."
"CS-000044",13707,"2025-09-28","Account Administration","P4 - Low","account_admin","Merchant called to update accounts payable email address for monthly invoice delivery. Confirmed change should apply to all three active locations in Spain processing combined monthly volume of €34,600."
"CS-000045",14414,"2025-07-21","Account Administration","P3 - Medium","account_admin","Request received to close location in Vienna that processed final settlement of €3,142.78 on Monday 4th June 2024. Merchant confirmed two Clover Flex returned and requested final statement by 15th June 2024."
"CS-000046",1037527,"2025-06-02","Account Administration","P4 - Low","account_admin","Business owner requested copy of June 2024 statement showing 412 Mastercard transactions totaling €19,847.32 and 387 Visa transactions totaling €17,293.65 for monthly management accounts."
"CS-000047",1792882,"2025-07-08","Account Administration","P3 - Medium","account_admin","Merchant submitted request to add emergency contact details for after-hours technical support escalation. Provided mobile number and specified contact available Monday to Saturday between 08:00 and 22:00."
"CS-000048",1738,"2025-07-02","Account Administration","P4 - Low","account_admin","Request to update registered business trading name on customer receipts from abbreviated version to full legal name effective immediately across all five locations in Germany."
"CS-000049",736433,"2025-07-18","Account Administration","P4 - Low","account_admin","Business owner called to add new location in Lisbon opening 20th July 2024 with expected weekend trading volume of €6,000 and weekday volume of €3,500. Requested two terminals with split settlement capability."
"CS-000050",905538,"2025-08-06","Account Administration","P3 - Medium","account_admin","Merchant emailed requesting June 2024 statement be resent to updated accounts email address as original sent to discontinued address. Statement shows total processing volume of €28,456.90 across 734 transactions."
"CS-000051",174457,"2025-06-10","Account Administration","P3 - Medium","account_admin","Customer called asking if it's possible to update the mobile number on file as they've changed phones and want to make sure they receive SMS alerts about transactions. They weren't sure if this was something they could do themselves or if they needed our help."
"CS-000052",978955,"2025-09-04","Account Administration","P4 - Low","account_admin","Merchant is wondering how to add their new shop manager as a user on the portal so she can access daily reports. They asked if there's a limit to how many users they can have and whether each person needs a separate email address."
"CS-000053",128642,"2025-08-14","Account Administration","P4 - Low","account_admin","Small café owner called to ask about changing their registered business name from the old one to the new one they've been trading under for the past two months. They wanted to know if this would affect their existing terminal or transaction history."
"CS-000054",38226,"2025-08-26","Account Administration","P4 - Low","account_admin","Customer inquired whether they need to notify us before closing their second location in Lyon next month. They're keeping the main store open and wanted to understand if there's a process for this or any fees involved."
"CS-000055",714233,"2025-06-09","Account Administration","P4 - Low","account_admin","Merchant asked if we could send them copies of their statements from June, June and June as their accountant needs them for tax filing. They mentioned they can't find them in the portal and weren't sure where to look."
"CS-000056",12849,"2025-08-22","Account Administration","P4 - Low","account_admin","New restaurant owner called asking how to update the email address on the account because the previous owner's email is still listed. They've taken over the business three weeks ago and want to receive all correspondence themselves."
"CS-000057",5201,"2025-08-03","Account Administration","P4 - Low","account_admin","Customer wants to know if they can add a third location to their account as they're opening a new shop in Dublin next Tuesday. They asked whether they'd need a new terminal or if we could just update their existing account details."
"CS-000058",369121,"2025-07-20","Account Administration","P3 - Medium","account_admin","Merchant called wondering if it's possible to change the billing address on file since they've moved their head office to a different city. They were polite and just wanted to make sure invoices go to the right place going forward."
"CS-000059",1965206,"2025-08-04","Account Administration","P3 - Medium","account_admin","Small retailer asked about the process for updating their phone number and email at the same time because they're changing both. They wanted to know if they should call back or if we could handle everything in one go."
"CS-000060",1042602,"2025-08-14","Account Administration","P4 - Low","account_admin","Customer inquired whether closing one of their two locations would affect their processing rates or monthly fees. They're consolidating operations and wanted to understand the implications before making a final decision."
"CS-000061",385048,"2025-09-04","Account Administration","P4 - Low","account_admin","Merchant asked if they could get a copy of last month's statement showing all their Visa and Mastercard transactions because they're reconciling their books. They mentioned receiving around 450 transactions that month totaling approximately €12,000."
"CS-000062",17698,"2025-09-18","Account Administration","P4 - Low","account_admin","New business owner called asking how to remove the previous owner as a user and add themselves as the primary contact. They completed the purchase last week and want to ensure they have full access to everything."
"CS-000063",369004,"2025-06-11","Account Administration","P3 - Medium","account_admin","Customer wants to update their business trading name on all documentation and asked if this would require any paperwork from their end. They rebranded six months ago but only just realized the old name is still showing on statements."
"CS-000064",1486011,"2025-09-22","Account Administration","P3 - Medium","account_admin","Merchant inquired about adding their bookkeeper as a read-only user so she can download statements without being able to make changes. They weren't sure if different permission levels were available and wanted to check."
"CS-000065",1884881,"2025-08-28","Account Administration","P4 - Low","account_admin","Small hotel owner asked if they need to inform us that they're closing their gift shop location but keeping the main reception terminal active. They wanted to know if there's a form to fill out or if a phone call is sufficient."
"CS-000066",40591,"2025-07-16","Account Administration","P4 - Low","account_admin","Customer called requesting statements for the last quarter as they're preparing for an audit. They asked if these could be emailed as PDFs and how long it typically takes to receive them."
"CS-000067",8223,"2025-09-07","Account Administration","P4 - Low","account_admin","Merchant wants to add a fourth location in Porto and asked what information we'd need from them. They currently have three terminals processing about €8,000 weekly combined and wanted to know if setup would take long."
"CS-000068",1458841,"2025-08-23","Account Administration","P4 - Low","account_admin","New manager called asking how to update the primary contact details since the owner is semi-retired and wants all communications to come to them instead. They were very polite and just wanted to understand the steps involved."
"CS-000069",1625979,"2025-06-26","Account Administration","P4 - Low","account_admin","Customer inquired whether they could change their registered office address online or if they need to send us documentation. They're moving premises next Friday and want everything updated before then."
"CS-000070",11183,"2025-09-06","Account Administration","P3 - Medium","account_admin","Merchant asked if it's possible to add their business partner as a user with full administrative rights. They want both of them to be able to manage the account and weren't sure if there were any restrictions."
"CS-000071",860113,"2025-09-19","Account Administration","P4 - Low","account_admin","Small shop owner called requesting a duplicate statement from September because they've misplaced the original. They mentioned they usually receive them by email but can't find that particular one in their inbox."
"CS-000072",208715,"2025-08-20","Account Administration","P3 - Medium","account_admin","Customer wants to know the process for closing their account for a seasonal location that only operates during summer months. They asked if they could reactivate it next year or if they'd need to reapply completely."
"CS-000073",4,"2025-06-01","Account Administration","P4 - Low","account_admin","Merchant inquired about updating the contact telephone number to their mobile instead of the landline currently on file. They're often out doing deliveries and want to be reachable if we need to contact them urgently."
"CS-000074",36952,"2025-08-06","Account Administration","P4 - Low","account_admin","New franchisee called asking how to change all the account details over to their name as they've just taken over the business. They wanted to know what documents we'd need and how long the process typically takes."
"CS-000075",25122,"2025-08-21","Account Administration","P4 - Low","account_admin","Customer asked if they could receive a statement showing just their Mastercard transactions from last Wednesday when they processed about 60 payments totaling roughly €2,400. They're trying to track down a specific batch that didn't seem to settle correctly."
"CS-000076",471316,"2025-08-05","Account Administration","P4 - Low","account_admin","Customer operates three coffee shops in Dublin and noticed that the Grafton Street location processed €12,450 last week while the Temple Bar site only did €8,200, wants to add a new user login so their operations manager can access statements for both locations to investigate the discrepancy."
"CS-000077",156,"2025-08-22","Account Administration","P3 - Medium","account_admin","Multi-location restaurant group with sites in Lyon and Marseille requesting business name update from ""Bistro Moderne SARL"" to ""Bistro Moderne & Fils SARL"" across all four terminals following ownership change, mentions the Lyon location has been processing roughly 400 transactions daily while Marseille averages only 220."
"CS-000078",111921,"2025-07-10","Account Administration","P4 - Low","account_admin","Franchisee running five bakeries across Munich needs to close the Schwabing location effective end of month due to lease termination. Asked if transaction history showing that site processed €45K monthly can be preserved separately from the remaining four stores."
"CS-000079",43723,"2025-06-10","Account Administration","P4 - Low","account_admin","Operator of two electronics retail shops in Amsterdam city centre and Rotterdam called about adding a third user account for new regional manager who will oversee both locations, notes the Amsterdam store uses two Clover Flex terminals while Rotterdam has three Clover Station Duo units."
"CS-000080",27172,"2025-07-17","Account Administration","P4 - Low","account_admin","Chain of gyms with locations in Madrid, Barcelona and Valencia requesting copies of statements for all three sites for Q3 2023, specifically mentioned Barcelona location shows 15% higher card transaction volume than the other two and accountant needs detailed breakdown."
"CS-000081",7440,"2025-08-13","Account Administration","P4 - Low","account_admin","Customer runs four pharmacies in Lisbon area and wants to update contact email address from personal to company domain, also mentioned noticing the Baixa location processes significantly more Visa transactions while Cascais location sees more Mastercard, asked if this affects anything."
"CS-000082",7612,"2025-06-14","Account Administration","P4 - Low","account_admin","Retail clothing business with shops in Brussels and Antwerp requesting to add new location in Ghent opening next month, currently Brussels processes average €8,500 weekly and Antwerp does €11,200, wants to know if new site can have separate reporting."
"CS-000083",384288,"2025-08-21","Account Administration","P4 - Low","account_admin","Restaurant owner operating in both Vienna and Salzburg needs to change registered phone number and add assistant manager as user with view-only access, mentioned Vienna location averages 180 transactions on Fridays while Salzburg peaks on Saturdays with 240."
"CS-000084",138142,"2025-08-16","Account Administration","P4 - Low","account_admin","Convenience store chain across three Irish towns requesting statement copies for June showing one location in Cork processed €18,900 while Galway did €22,100 and Limerick €19,450, needs breakdown for VAT filing."
"CS-000085",1207307,"2025-07-01","Account Administration","P3 - Medium","account_admin","Beauty salon group with four locations in Athens wants to update business address for head office while keeping individual salon addresses separate, also asked about transaction patterns showing coastal location processes 30% more during summer months."
"CS-000086",1377844,"2025-07-02","Account Administration","P3 - Medium","account_admin","Café operator with two sites in Porto requesting to add accountant as user with access to both locations' data, mentioned Ribeira location shows €3,200 daily average while Boavista location does €2,800, wants accountant to analyze the difference."
"CS-000087",265396,"2025-07-23","Account Administration","P3 - Medium","account_admin","Bookshop owner with stores in Hamburg and Berlin needs to close Hamburg location by end of quarter, currently processing about 85 transactions daily there versus 140 in Berlin, wants final statements sent to updated mailing address."
"CS-000088",747016,"2025-07-06","Account Administration","P3 - Medium","account_admin","Fitness equipment retailer operating in Milan and Rome requesting business name change to reflect new branding, noted Milan location processes higher value transactions averaging €340 per sale while Rome averages €280, asked if this requires separate documentation."
"CS-000089",965069,"2025-06-08","Account Administration","P4 - Low","account_admin","Pharmacy chain with six locations across Belgium needs to add two new users for compliance team who will audit transaction records, mentioned Liège location has different card mix than Brussels sites with more Bancontact usage."
"CS-000090",1183551,"2025-06-08","Account Administration","P4 - Low","account_admin","Hotel group running properties in Nice and Cannes requesting updated contact details for finance director and copies of last six months statements, Cannes location shows €85K monthly card revenue versus Nice at €62K."
"CS-000091",194979,"2025-09-15","Account Administration","P4 - Low","account_admin","Pet supply stores in three Dutch cities need new user added for inventory manager, Rotterdam location processes 320 transactions weekly, Utrecht does 290, and Den Haag 340, wants manager to correlate sales data with stock levels."
"CS-000092",21998,"2025-06-06","Account Administration","P3 - Medium","account_admin","Bakery franchise with locations in Seville and Granada requesting to update registered email and add new Córdoba location opening in three weeks, current locations each process approximately €6,500 weekly with morning peaks between 7-9am."
"CS-000093",1360186,"2025-07-05","Account Administration","P3 - Medium","account_admin","Electronics repair shops in two Austrian cities need contact phone number changed and statement copies for insurance claim, Graz location processed €4,100 last Tuesday while Innsbruck did €3,850 same day, needs transaction-level detail."
"CS-000094",8228,"2025-08-14","Account Administration","P4 - Low","account_admin","Clothing boutiques in Florence and Bologna requesting to add store manager as user with full admin rights, Florence location uses two terminals processing combined 450 transactions weekly while Bologna single terminal handles 380."
"CS-000095",102197,"2025-09-01","Account Administration","P3 - Medium","account_admin","Dental practice group across four German cities needs business name updated following merger and wants to add practice administrator as user, mentioned Frankfurt location processes €28K monthly while Cologne does €31K, Stuttgart €26K and Düsseldorf €29K."
"CS-000096",139646,"2025-08-27","Account Administration","P3 - Medium","account_admin","Wine shop operator with stores in Bordeaux and Toulouse requesting statement copies showing September transactions, Bordeaux location processed €43,200 with average ticket €67 while Toulouse did €38,900 averaging €58 per transaction."
"CS-000097",505093,"2025-09-11","Account Administration","P4 - Low","account_admin","Sporting goods retailer in three Spanish cities needs to close underperforming Málaga location processing only €12K monthly compared to Bilbao at €19K and Zaragoza at €21K, wants final reconciliation and updated contact details for remaining sites."
"CS-000098",228502,"2025-08-02","Account Administration","P4 - Low","account_admin","Jewellery stores in two Greek islands requesting to add seasonal manager as user for summer months, Santorini location processes €95K monthly June through September while Mykonos does €118K same period, needs comparative reporting access."
"CS-000099",232855,"2025-07-02","Account Administration","P4 - Low","account_admin","Organic grocery chain with five locations across Ireland needs updated business registration details and new user for compliance officer, Dublin city centre location processes 890 transactions weekly versus suburban stores averaging 640 each."
"CS-000100",137640,"2025-06-15","Account Administration","P3 - Medium","account_admin","Automotive parts supplier with warehouses in three Italian cities requesting contact detail changes and statement copies for audit, Turin location shows 156 transactions last week totalling €34,200 while Naples had 142 transactions at €29,800 and Genoa 134 at €31,100."
"CS-000101",558132,"2025-07-13","Account Administration","P3 - Medium","account_admin","The merchant has submitted a formal request to update their registered business name from ""Café Bistro Limerick"" to ""Café Bistro Limerick Ltd"" following their recent incorporation. This change must be reflected across all payment processing documentation and terminal receipts to ensure compliance with their updated VAT registration. The modification is scheduled for implementation within three business days to minimize any disruption to their daily transaction volume of approximately €2,400."
"CS-000102",2,"2025-07-04","Account Administration","P4 - Low","account_admin","A request has been logged to add a secondary user with full administrative access to the merchant portal for their Amsterdam location. The business owner requires this additional user to manage terminal configurations and access monthly statements while they focus on expanding operations to a second site. The new user credentials will be provisioned within 24 hours pending verification of the authorization documentation."
"CS-000103",1584817,"2025-06-04","Account Administration","P3 - Medium","account_admin","The merchant operating three retail locations in Munich has requested closure of their underperforming Schwabing branch effective end of month. This closure will result in the return of two Clover Flex 5000 terminals and cessation of processing services for that location, which currently handles approximately €8,500 in monthly card volume. The remaining two locations will continue operating without interruption."
"CS-000104",41,"2025-09-18","Account Administration","P3 - Medium","account_admin","An urgent request has been received to update the primary contact email address from a personal domain to the company's corporate email system. The merchant emphasized that the current contact address is no longer monitored, which has resulted in missed communications regarding three recent chargebacks totaling €487. The update has been prioritized to ensure all future notifications reach the appropriate personnel."
"CS-000105",249,"2025-06-22","Account Administration","P4 - Low","account_admin","The merchant has requested copies of their processing statements for June through June 2024 to provide to their accountant for year-end tax preparation. These statements contain detailed breakdowns of transaction fees, interchange costs, and monthly processing volumes averaging €34,000 across their two Portuguese locations. The documents will be securely transmitted via encrypted email within two business days."
"CS-000106",91342,"2025-09-20","Account Administration","P4 - Low","account_admin","A formal request to add a fourth location in Lyon has been submitted by this expanding restaurant group. The new site requires two payment terminals and is projected to process approximately €15,000 monthly based on the performance of their existing three French locations. Onboarding documentation and terminal deployment are scheduled for completion before their planned opening date of June 15th."
"CS-000107",1623732,"2025-06-18","Account Administration","P4 - Low","account_admin","The merchant has notified us of a change in their registered business address following their relocation to larger premises in Dublin. This administrative update affects their merchant agreement, correspondence address, and the location details displayed on cardholder statements. Processing services will continue uninterrupted during this transition, with all documentation updated within five business days."
"CS-000108",278290,"2025-07-07","Account Administration","P4 - Low","account_admin","An authorization has been received to remove administrative access for a former employee who managed their payment operations. The merchant has confirmed this individual is no longer with the company as of last Friday and should have no further access to transaction data or terminal management functions. The user account has been immediately deactivated to protect the security of their processing environment."
"CS-000109",4463,"2025-07-08","Account Administration","P4 - Low","account_admin","The merchant requires duplicate statements for Q3 2023 as their original copies were lost during an office renovation. These documents are needed urgently for an audit scheduled next week and contain processing data for their two Belgian locations with combined quarterly volumes exceeding €127,000. The statements have been regenerated and will be delivered via courier to meet their deadline."
"CS-000110",1,"2025-09-27","Account Administration","P3 - Medium","account_admin","A request to update the primary contact telephone number has been logged following the merchant's switch to a new telecommunications provider. The previous number is no longer in service, which prevented our risk team from reaching them yesterday regarding an unusual transaction pattern flagged on their Clover Station Duo terminal. The new contact details have been updated across all systems to ensure uninterrupted communication."
"CS-000111",21264,"2025-07-04","Account Administration","P3 - Medium","account_admin","The merchant operating a seasonal business in Athens has requested temporary closure of their account from September through June. This four-month suspension will eliminate monthly service fees during their off-season when the location processes no transactions. Reactivation is scheduled for June 1st to align with their traditional spring reopening and expected monthly volumes of €22,000."
"CS-000112",635,"2025-06-13","Account Administration","P3 - Medium","account_admin","An application to add three new users to the merchant portal has been submitted by this growing enterprise with seven locations across Spain. Each user requires different permission levels: one for statement access only, one for terminal management, and one with full administrative capabilities. The tiered access structure will be configured and activated within 48 hours following standard security verification procedures."
"CS-000113",926497,"2025-09-19","Account Administration","P4 - Low","account_admin","The merchant has formally requested to change their trading name from ""O'Brien's Pub"" to ""The Copper Tap"" following a rebrand completed last month. This change affects terminal receipt headers, cardholder statement descriptors, and all merchant-facing documentation. The update is critical as customers have begun questioning charges appearing under the old business name, resulting in two disputes this week."
"CS-000114",637336,"2025-09-24","Account Administration","P4 - Low","account_admin","A request has been received to close the merchant's secondary location in Vienna, which has been operating at a loss with average monthly card volumes of only €3,200. The single Clover Flex 5000 terminal will be returned, and the location will be deactivated effective the end of this billing cycle. The merchant's primary location will continue processing with no changes to their existing service agreement."
"CS-000115",25987,"2025-06-18","Account Administration","P3 - Medium","account_admin","The merchant requires their September 2024 statement to be resent as they never received the original document via email. This statement is needed immediately to reconcile a discrepancy in their bank account where the settlement amount of €18,743.50 does not match their internal records. The statement has been located and retransmitted with confirmation of successful delivery."
"CS-000116",1858737,"2025-07-22","Account Administration","P4 - Low","account_admin","An urgent request to add a new location in Rotterdam has been escalated due to the merchant's accelerated opening timeline. The site requires three terminals to handle expected volumes of €45,000 monthly and must be operational by this Friday to coincide with their grand opening promotion. Expedited terminal shipping and account configuration have been arranged to meet this compressed schedule."
"CS-000117",489020,"2025-06-17","Account Administration","P4 - Low","account_admin","The merchant has submitted documentation to update their legal entity name following a merger with another company. The new entity ""Mediterranean Foods Group SL"" will replace ""Costa Imports SL"" across all processing records and agreements. This change affects their two Spanish locations processing a combined €67,000 monthly and requires updated banking details for settlement purposes."
"CS-000118",673,"2025-07-20","Account Administration","P3 - Medium","account_admin","A request to modify the secondary contact person has been logged after the merchant's operations manager departed the company. The new contact will be responsible for receiving terminal support communications and monthly processing reports for their four Irish locations. Updated contact information has been verified and implemented across all relevant systems and distribution lists."
"CS-000119",118024,"2025-09-09","Account Administration","P3 - Medium","account_admin","The merchant operating a chain of convenience stores has requested closure of their underperforming Lisbon location, which processes approximately €6,800 monthly across two terminals. The closure is part of a strategic consolidation that will see resources redirected to their three remaining Portuguese stores. Terminal collection has been scheduled for next Tuesday, with final settlement occurring within the standard timeframe."
"CS-000120",104,"2025-06-20","Account Administration","P4 - Low","account_admin","An application to add administrative portal access for the merchant's newly hired financial controller has been received. This user requires read-only access to statements and transaction reports across all five of their German locations but should not have permissions to modify terminal settings or user accounts. The restricted access profile will be created and credentials issued within one business day."
"CS-000121",89,"2025-08-26","Account Administration","P4 - Low","account_admin","The merchant has requested their complete statement history from account opening in July 2022 through present day. These 33 months of statements are required for a comprehensive financial review being conducted by their potential investors as part of due diligence for expansion funding. The complete documentation package representing over €890,000 in cumulative processing volume will be compiled and delivered securely."
"CS-000122",1171148,"2025-08-23","Account Administration","P4 - Low","account_admin","A critical update to the merchant's registered email address has been processed following their notification that their domain expired, causing them to miss important communications. This lapse resulted in their failure to respond to three chargeback notifications totaling €1,240, which were decided in favor of cardholders by default. The new email address has been verified and all pending notifications have been resent."
"CS-000123",357846,"2025-07-18","Account Administration","P3 - Medium","account_admin","The merchant has formally requested to add a second location in Bruges to complement their existing successful operation in Ghent. The new site will require two Clover Station Duo terminals and is projected to process €28,000 monthly based on comparable tourist traffic patterns. Account setup and terminal deployment are scheduled for completion within seven business days."
"CS-000124",1185773,"2025-09-08","Account Administration","P4 - Low","account_admin","A request to update the merchant's mobile contact number has been logged after their previous number was compromised in a security incident. The merchant emphasized the urgency as this number is used for two-factor authentication when accessing their portal containing sensitive transaction data from their three Austrian locations. The new number has been verified and updated across all security systems immediately."
"CS-000125",8835,"2025-08-05","Account Administration","P4 - Low","account_admin","The merchant has requested permanent closure of their account following their decision to cease accepting card payments and move to a cash-only business model. Their single location in Galway currently processes approximately €12,000 monthly, but rising processing costs have made card acceptance unsustainable for their low-margin operation. Account closure procedures have been initiated with final settlement scheduled for next week."
"CS-000126",355206,"2025-06-15","Account Administration","P3 - Medium","account_admin","Merchant calling back regarding business name update submitted on 15th June - original request still showing as pending in system after 10 business days. Advised escalating to back office team for priority processing as merchant needs updated documentation for tax filing deadline next week."
"CS-000127",41722,"2025-06-19","Account Administration","P4 - Low","account_admin","Third contact from this Portuguese restaurant group about adding new location in Porto - previous two tickets closed without resolution despite merchant providing all required documentation including business registration and proof of address. Created new ticket with supervisor flag and attached all documents from earlier cases dated 8th and 22nd July."
"CS-000128",318543,"2025-06-02","Account Administration","P4 - Low","account_admin","Merchant phoned again about statement request for June through June 2024, originally requested via email on 2nd May. Still not received despite confirmation from first call that statements would be sent within 48 hours. Resent immediately via secure portal and confirmed merchant can now access."
"CS-000129",307727,"2025-06-27","Account Administration","P3 - Medium","account_admin","Follow-up call regarding user access issue - merchant's accountant still cannot log in despite credentials being reset twice in past fortnight. Discovered during troubleshooting that email domain was incorrectly entered in original setup on 3rd May, corrected and sent new invitation link."
"CS-000130",1836649,"2025-08-18","Account Administration","P4 - Low","account_admin","Belgian merchant calling for fourth time about closing their Brussels location - terminal was collected on 10th July but monthly fees of €45 still being charged. Previous agent notes indicate closure form was submitted but never processed by operations team. Submitted urgent request to stop billing and arrange refund of €90 for May and June."
"CS-000131",978117,"2025-09-08","Account Administration","P3 - Medium","account_admin","Merchant reports contact email still not updated in system despite three previous requests dating back to 14th June. Business sold to new owner and old owner still receiving sensitive account notifications including transaction reports. Updated immediately and confirmed change with test email to new address."
"CS-000132",9735,"2025-08-10","Account Administration","P3 - Medium","account_admin","Greek merchant following up on adding second user for their Athens location - original request made 29th July during busy period, appears to have been lost in queue. Completed user setup during call, new user can access portal for Clover Flex 5000 terminal transactions within two hours."
"CS-000133",195206,"2025-08-03","Account Administration","P4 - Low","account_admin","Return call about statement copies for Q3 2023 - merchant needs these urgently for VAT audit but previous agent on 6th May said they would be posted, which merchant never requested. Clarified delivery method and emailed PDF statements for September, September and September immediately, total processing volume was €127,450."
"CS-000134",469341,"2025-09-25","Account Administration","P3 - Medium","account_admin","Irish merchant extremely frustrated calling back about business name change from sole trader to limited company - submitted documentation on 2nd July, chased on 18th July and 3rd May with no progress. Legal entity change requires new merchant agreement which was never initiated. Escalated to relationship manager for expedited processing."
"CS-000135",283465,"2025-07-27","Account Administration","P3 - Medium","account_admin","Fifth contact regarding adding user access for new store manager in Rotterdam location - previous tickets show requests on 12th, 19th, 26th July and 4th May but no action taken. System notes indicate email validation failing but no one contacted merchant to resolve. Used alternative email domain and successfully created account."
"CS-000136",4117,"2025-06-28","Account Administration","P4 - Low","account_admin","Merchant calling about mobile number update requested three weeks ago on 1st May - still receiving two-factor authentication codes to old number which they no longer have access to. Previous agent updated contact record but failed to update security settings. Corrected both and verified new number ending in 7834 works for authentication."
"CS-000137",88721,"2025-08-18","Account Administration","P4 - Low","account_admin","Follow-up from German merchant about closing Cologne location - original call on 20th July, terminal returned but still appearing active in portal showing €0 transactions. Monthly rental of €38 still being deducted. Confirmed with warehouse terminal received on 24th July, processed closure retroactively and arranged credit of €76."
"CS-000138",1214388,"2025-08-26","Account Administration","P4 - Low","account_admin","Spanish merchant calling back regarding statement request for June 2024 - needed for bank loan application, originally requested on 29th July. First agent apparently sent wrong month showing June data with €34,200 in Visa transactions. Located and sent correct June statement showing €29,870 total volume."
"CS-000139",23078,"2025-07-28","Account Administration","P3 - Medium","account_admin","Repeat call about adding new location in Lyon - merchant provided all documentation on 10th May but heard nothing since. Previous agent notes say application forwarded to underwriting but no ticket reference provided. Created proper tracking ticket and confirmed underwriting team received complete application package including proof of premises."
"CS-000140",296410,"2025-09-08","Account Administration","P4 - Low","account_admin","Austrian merchant following up on business address change submitted 25th July - correspondence still going to old Vienna address including important terminal software update notices. Checked system and found address updated in billing module but not in correspondence settings. Corrected and confirmed test letter will go to new address in district 1030."
"CS-000141",225995,"2025-06-15","Chargeback Representment","P3 - Medium","chargeback_representment","Merchant disputing €487.50 Mastercard chargeback from Tuesday transaction, claims customer collected order in person. Requested signed delivery note and photo evidence, deadline is 7 days from today."
"CS-000142",140260,"2025-07-27","Chargeback Representment","P2 - High","chargeback_representment","Chargeback case for €1,240 Visa transaction at restaurant in Lyon. Merchant insists cardholder was present, submitting terminal receipt with signature and table number. Representment docs uploaded to portal this morning."
"CS-000143",166587,"2025-09-25","Chargeback Representment","P3 - Medium","chargeback_representment","Pre-arb escalation on €89.99 dispute originally filed three weeks ago. Merchant provided tracking showing delivery to cardholder address in Dublin on the 14th. Awaiting card scheme response."
"CS-000144",192772,"2025-07-18","Chargeback Representment","P3 - Medium","chargeback_representment","Small bakery in Amsterdam contesting €34.50 chargeback reason code 4853. Customer claims non-receipt but merchant has signed invoice from 8:47am pickup. Representment submitted Friday."
"CS-000145",272273,"2025-07-10","Chargeback Representment","P3 - Medium","chargeback_representment","Merchant asking about deadline extension for €2,100 chargeback case. Original evidence submission due tomorrow but they need two more days to obtain courier's proof of delivery for shipment to Munich."
"CS-000146",26718,"2025-08-01","Chargeback Representment","P3 - Medium","chargeback_representment","Representment for €156 transaction declined by issuer, now moving to arbitration. Merchant adamant they have valid signature on Clover Flex 5000 receipt from Wednesday evening. Escalating to disputes team."
"CS-000147",60535,"2025-08-16","Chargeback Representment","P2 - High","chargeback_representment","Hotel in Lisbon disputing €890 Mastercard chargeback, guest claims cancellation but merchant shows no-show policy signed at check-in. Evidence includes booking confirmation and property policy document."
"CS-000148",64963,"2025-08-12","Chargeback Representment","P3 - Medium","chargeback_representment","Merchant submitted delivery confirmation for €3,450 chargeback but missing signature. Advised they need courier's signed POD within 4 days or case will be lost. Following up Tuesday."
"CS-000149",32594,"2025-09-01","Chargeback Representment","P2 - High","chargeback_representment","Pre-arbitration notice received on €67.80 case from retail shop in Brussels. Original representment included terminal log and receipt but issuer rejected. Merchant wants to proceed despite fees."
"CS-000150",9040,"2025-08-17","Chargeback Representment","P3 - Medium","chargeback_representment","Chargeback dispute for online furniture order €1,890 shipped to Athens. Merchant has tracking number and photo of delivery but cardholder denies receipt. Representment deadline is Monday 5pm CET."
"CS-000151",29465,"2025-07-09","Chargeback Representment","P3 - Medium","chargeback_representment","Restaurant in Berlin contesting €234.60 Visa dispute, reason code 10.4. Submitted Clover Station Duo receipt showing chip read and cardholder verification method. Case opened Thursday."
"CS-000152",16433,"2025-08-09","Chargeback Representment","P3 - Medium","chargeback_representment","Merchant received second chargeback on same €445 transaction after winning first representment. Pre-arb stage now, asking about success rate and additional fees. Explained €500 scheme charge applies."
"CS-000153",2673,"2025-09-01","Chargeback Representment","P3 - Medium","chargeback_representment","Boutique in Cork disputing three chargebacks totaling €876.50 from same cardholder. All transactions have signatures on file. Submitted evidence package yesterday, awaiting response within 10 business days."
"CS-000154",261081,"2025-08-14","Chargeback Representment","P3 - Medium","chargeback_representment","Chargeback for €52.30 contactless payment at café in Barcelona. Merchant claims customer comes in daily, has CCTV footage from 7:15am transaction time. Advised video evidence acceptable for representment."
"CS-000155",32802,"2025-07-26","Chargeback Representment","P3 - Medium","chargeback_representment","Urgent representment needed for €4,200 Mastercard dispute, deadline tomorrow. Merchant in Rotterdam finally located shipping manifest with recipient signature. Uploading documents now."
"CS-000156",90274,"2025-08-04","Chargeback Representment","P3 - Medium","chargeback_representment","Pre-arb case escalated from €1,650 dispute lost at representment stage. Merchant insists delivery was made to Vienna address on the 22nd, has courier confirmation. Reviewing if additional evidence warrants arbitration risk."
"CS-000157",36933,"2025-06-28","Chargeback Representment","P3 - Medium","chargeback_representment","Merchant questioning why €98 chargeback representment was denied despite providing signed receipt. Issuer claims signature doesn't match their records. Explained limited options at this stage unless proceeding to pre-arb."
"CS-000158",35964,"2025-06-21","Chargeback Representment","P2 - High","chargeback_representment","Pharmacy in Milan disputing €167.40 chargeback for prescription collection. Customer signature on file plus ID verification log from Tuesday afternoon. Representment submitted within 5-day window."
"CS-000159",68953,"2025-08-23","Chargeback Representment","P2 - High","chargeback_representment","Electronics retailer contesting €2,890 Visa chargeback, has delivery confirmation to Galway address and customer email acknowledging receipt. Evidence compiled, submitting before Friday deadline."
"CS-000160",14718,"2025-09-08","Chargeback Representment","P3 - Medium","chargeback_representment","Merchant lost representment on €523 case, now at pre-arbitration. Asking if worth proceeding given arbitration costs. Advised scheme fee is €650 for Mastercard, likely exceeds transaction value."
"CS-000161",94120,"2025-06-12","Chargeback Representment","P3 - Medium","chargeback_representment","Chargeback dispute for €145.20 restaurant bill in Porto. Merchant provided itemized receipt, terminal printout showing PIN entry, and reservation record. Representment filed Monday morning."
"CS-000162",209569,"2025-06-19","Chargeback Representment","P3 - Medium","chargeback_representment","Florist in Antwerp contesting €289 chargeback claiming non-delivery. Has photo proof of arrangement delivered Thursday 2pm plus recipient signature on delivery slip. Deadline for submission is Wednesday."
"CS-000163",92282,"2025-07-26","Chargeback Representment","P3 - Medium","chargeback_representment","Pre-arb notification on €1,100 case previously represented with tracking info. Issuer maintains cardholder didn't receive goods shipped to Frankfurt. Merchant wants to escalate despite our recommendation against it."
"CS-000164",271055,"2025-07-16","Chargeback Representment","P3 - Medium","chargeback_representment","Merchant disputing €76.50 Mastercard chargeback from Saturday evening transaction. PAX A920 terminal log shows successful chip and PIN. Submitted evidence portal, case reference logged."
"CS-000165",278323,"2025-09-25","Chargeback Representment","P2 - High","chargeback_representment","Representment deadline inquiry for €3,340 chargeback received yesterday. Merchant needs to gather customs documentation for shipment to Athens. Confirmed they have 7 calendar days from notification date."
"CS-000166",229251,"2025-08-13","Chargeback Representment","P2 - High","chargeback_representment","Merchant contacted regarding Mastercard chargeback for €487.20 transaction dated 15 June, reason code 4853 (Cardholder Dispute - Defective/Not as Described). Terminal PAX A920 batch 00347 shows successful EMV chip read with CVM verified by PIN at 14:23 CET. Merchant has provided signed delivery note with timestamp matching card presentment and requests guidance on representment window which closes 18 July."
"CS-000167",105872,"2025-06-22","Chargeback Representment","P3 - Medium","chargeback_representment","Chargeback dispute escalation for Visa transaction €1,240.00 processed on Clover Flex 5000 terminal SN 8847392. Merchant submitted proof of delivery via DHL tracking showing signature capture on 22 June but acquirer response indicates insufficient evidence for reason code 13.1 (Merchandise/Services Not Received). Merchant now asking about pre-arbitration process and associated fees before deadline of 3 May."
"CS-000168",241744,"2025-08-08","Chargeback Representment","P3 - Medium","chargeback_representment","Restaurant merchant disputing €89.50 Mastercard chargeback, reason code 4834, claiming cardholder was present and signed receipt. Clover Station Duo terminal log shows contactless transaction under €50 limit at 20:47 on Saturday 8 July, but merchant insists signature was captured on paper receipt due to terminal prompting for additional verification. Representment documentation uploaded to portal including CCTV timestamp correlation."
"CS-000169",33134,"2025-09-12","Chargeback Representment","P3 - Medium","chargeback_representment","Visa chargeback €2,100.00 for online payment gateway transaction, reason code 10.4 (Other Fraud - Card Absent Environment). Merchant provided 3D Secure authentication logs showing successful challenge flow with cardholder liability shift at 11:32 on 14 June. Requesting confirmation that liability shift evidence is sufficient for representment and whether pre-arbitration is likely given authentication protocol compliance."
"CS-000170",97882,"2025-07-07","Chargeback Representment","P3 - Medium","chargeback_representment","Merchant received Mastercard chargeback notification for €340.75, reason code 4863 (Cardholder Does Not Recognize). Transaction processed via PAX S920 at 09:15 Wednesday 29 June with EMV chip and PIN verification. Merchant has submitted terminal receipt showing last four digits of PAN, authorization code J7K2M9, and full transaction details but questions whether representment deadline of 25 July allows time for additional evidence gathering."
"CS-000171",94594,"2025-06-04","Chargeback Representment","P2 - High","chargeback_representment","Dispute for €67.30 Visa transaction on Clover Flex 5000 terminal, reason code 13.6 (Credit Not Processed). Merchant claims refund of €67.30 was successfully processed on 5 July at 16:44 via reversal transaction on same terminal, batch 00892. Terminal journal extract provided showing both original sale and reversal with matching retrieval reference numbers but merchant concerned about pre-arbitration if cardholder disputes refund timing."
"CS-000172",284869,"2025-06-28","Chargeback Representment","P3 - Medium","chargeback_representment","Chargeback representment query for €1,890.00 Mastercard transaction processed through Worldline payment gateway on 2 June. Reason code 4837 (No Cardholder Authorization) disputed by merchant with evidence including IP address geolocation matching cardholder billing address, device fingerprinting data, and email confirmation sent to cardholder's registered address. Merchant asking if 45-day representment window is calculated from chargeback notification date of 10 July or original transaction date."
"CS-000173",74079,"2025-07-21","Chargeback Representment","P3 - Medium","chargeback_representment","Hotel merchant contesting €456.80 Visa chargeback, reason code 13.1, for accommodation booking. Clover Station Duo terminal processed card-present transaction with chip and signature on 18 June at 22:35 during check-in. Merchant provided signed registration card, folio showing room charges breakdown, and key card access logs proving room occupancy for three nights. Requesting expedited representment review due to approaching deadline of 28 July."
"CS-000174",135856,"2025-06-24","Chargeback Representment","P3 - Medium","chargeback_representment","Mastercard chargeback €125.40 reason code 4855 (Non-Receipt of Merchandise) disputed with DPD tracking showing delivery on 7 June at 10:22 to cardholder's registered address. Original transaction processed on PAX A77 terminal at 14:50 on 1 June with contactless payment. Merchant concerned that cardholder may escalate to pre-arbitration and asking about success rates and additional fee structure for arbitration stage."
"CS-000175",78759,"2025-06-17","Chargeback Representment","P3 - Medium","chargeback_representment","Merchant disputing Visa chargeback €3,200.00 for reason code 10.4 processed via our previous provider integration on 25 June. Strong Customer Authentication completed with biometric verification on cardholder's mobile device at 13:17, liability shift confirmed in authentication response. Representment package includes full EMV 3DS 2.2 authentication logs, transaction risk analysis score, and cardholder's order history showing five previous successful transactions. Deadline for submission is 2 May."
"CS-000176",4594,"2025-08-14","Chargeback Representment","P3 - Medium","chargeback_representment","Chargeback for €89.90 on Clover Flex mobile terminal, Mastercard reason code 4834 (Point of Interaction Error). Merchant claims transaction was processed correctly with chip read at 11:05 on 12 June, batch 00456, but cardholder alleges duplicate charge. Terminal logs show only single authorization and settlement for this card number on that date. Merchant requesting guidance on representment evidence requirements and whether terminal certification documentation should be included."
"CS-000177",140335,"2025-06-01","Chargeback Representment","P3 - Medium","chargeback_representment","Visa dispute €567.00 reason code 13.2 (Cancelled Recurring Transaction) for subscription service. Merchant provided evidence that cardholder did not follow cancellation procedure outlined in terms of service, last accessed account on 20 June at 18:30, and recurring billing disclosure was presented at checkout. Transaction processed via our previous provider gateway with token vault reference. Merchant asking if pre-arbitration can be avoided with this evidence and what the typical issuer response time is."
"CS-000178",220207,"2025-07-20","Chargeback Representment","P3 - Medium","chargeback_representment","Mastercard chargeback representment for €1,450.00, reason code 4853, disputed by electronics retailer. PAX S300 terminal processed EMV contact transaction with PIN verification on 5 June at 15:42. Merchant submitted signed delivery receipt, product serial number registration to cardholder's email on 6 June, and manufacturer warranty activation confirming device in use. Concerned about 30-day representment deadline falling on 15 July and whether weekend delays affect submission cutoff."
"CS-000179",13781,"2025-09-20","Chargeback Representment","P3 - Medium","chargeback_representment","Merchant contesting €234.60 Visa chargeback reason code 13.1 with Royal Mail Tracked 24 delivery confirmation showing signature capture on 9 June at 14:15. Original transaction on Clover Station Duo terminal at 10:33 on 4 June with contactless payment under €100. Representment submitted on 18 July but merchant now asking about pre-arbitration procedures after receiving notification that issuer is maintaining the chargeback. Wants to understand cost-benefit of continuing dispute."
"CS-000180",18994,"2025-08-19","Chargeback Representment","P2 - High","chargeback_representment","Chargeback dispute for €78.50 Mastercard transaction, reason code 4863, processed on Clover Flex 3500 at fuel station on 11 June at 07:22 with chip and PIN. Merchant provided terminal receipt, CCTV footage showing vehicle registration matching cardholder's registered address, and pump transaction log correlating card authorization with fuel dispensed. Asking whether video evidence is acceptable for representment and if file size limitations apply to portal uploads before 22 July deadline."
"CS-000181",156598,"2025-09-23","Chargeback Representment","P3 - Medium","chargeback_representment","Visa chargeback €2,890.00 reason code 10.4 for card-not-present transaction via Checkout.com gateway on 28 June at 19:45. Merchant disputing with 3D Secure 2.x authentication logs showing frictionless flow with high confidence score, AVS match on billing address, and CVV2 verification passed. Also provided signed terms of service acceptance with IP address and browser fingerprint. Representment deadline 5 May but merchant requesting confirmation on whether additional shipping proof is required."
"CS-000182",163787,"2025-09-13","Chargeback Representment","P3 - Medium","chargeback_representment","Merchant received Mastercard chargeback €412.30 reason code 4837 for transaction on PAX A920 Pro terminal processed 16 June at 12:18. EMV chip transaction with online PIN verification, authorization code M4P7Q3, RRN 123456789012. Merchant disputing with terminal journal showing successful cryptogram validation and requesting clarification on whether issuer can proceed to pre-arbitration if cardholder simply claims non-recognition despite strong authentication evidence. Deadline 29 July."
"CS-000183",266131,"2025-06-13","Chargeback Representment","P3 - Medium","chargeback_representment","Dispute for €156.00 Visa transaction reason code 13.6 processed via Clover Station Duo on 8 June. Merchant claims credit was issued same day at 17:30 on same terminal, batch 00678, but cardholder states refund not received. Merchant provided both sale and refund receipts with matching transaction IDs and settlement report showing refund processed to issuer on 9 June. Asking if representment should include bank statement showing refund posting or if terminal evidence is sufficient before 25 July deadline."
"CS-000184",284962,"2025-08-06","Chargeback Representment","P3 - Medium","chargeback_representment","Mastercard chargeback representment query for €3,450.00 reason code 4855 disputed by furniture merchant. Transaction processed via our previous provider Air terminal on 1 June with contactless payment, delivery completed 14 June with two-person signature capture and photographic evidence of installation. Merchant concerned that 30-day representment window from notification date of 8 July is insufficient to gather additional evidence if issuer escalates to pre-arbitration. Requesting extension or guidance on prioritizing evidence submission."
"CS-000185",218037,"2025-08-26","Chargeback Representment","P3 - Medium","chargeback_representment","Visa chargeback €89.75 reason code 13.1 for online order processed through Mollie payment gateway on 19 June at 22:14. Merchant disputing with An Post tracking showing delivery on 24 June at 11:05, signed for by recipient. Also provided email correspondence where cardholder inquired about product usage on 28 June, indicating receipt of goods. Representment submitted 12 July but merchant asking about pre-arbitration timeline and whether email evidence strengthens case sufficiently."
"CS-000186",185930,"2025-07-15","Chargeback Representment","P3 - Medium","chargeback_representment","Merchant contesting Mastercard chargeback €678.90 reason code 4834 processed on Clover Flex 3500 terminal on 20 June at 16:55. Transaction shows EMV chip read with offline PIN verification, batch 00923, but cardholder claims card was stolen. Merchant provided terminal logs showing successful CVM and asking whether offline PIN shifts liability for lost/stolen card disputes. Representment deadline 3 May and merchant wants to understand if pre-arbitration is automatic for this reason code."
"CS-000187",227234,"2025-08-28","Chargeback Representment","P3 - Medium","chargeback_representment","Chargeback for €1,120.00 Visa transaction reason code 10.4 via our previous provider Terminal integration processed 10 June. Merchant disputing with 3D Secure authentication showing challenge completed successfully at 14:27, liability shift indicator present in authorization response. Also provided order confirmation email, shipping notification with DHL tracking, and delivery confirmation on 15 June. Merchant asking if pre-arbitration fees apply if issuer rejects representment and what documentation standards are required for arbitration stage."
"CS-000188",56563,"2025-06-06","Chargeback Representment","P3 - Medium","chargeback_representment","Mastercard dispute €245.80 reason code 4863 for transaction on PAX S80 terminal processed 25 June at 19:40 with contactless payment. Merchant claims cardholder was present in store, provided loyalty card number matching transaction, and signed email receipt. Representment includes CCTV footage timestamp-matched to transaction, loyalty program activity log, and terminal batch report. Merchant concerned about 45-day deadline from chargeback date of 28 June and whether issuer response time affects pre-arbitration eligibility."
"CS-000189",22532,"2025-06-25","Chargeback Representment","P3 - Medium","chargeback_representment","Visa chargeback representment for €534.00 reason code 13.2 disputed by subscription box merchant. Cardholder claims cancellation requested 5 June but merchant shows no cancellation record in system logs, last login 18 June at 10:22, and shipment delivered 20 June per DPD tracking. Transaction processed via Braintree gateway with stored credential framework indicator. Merchant asking if pre-arbitration can be avoided by demonstrating cardholder continued service usage and what the typical issuer decision timeframe is before escalation."
"CS-000190",111751,"2025-07-16","Chargeback Representment","P2 - High","chargeback_representment","Merchant disputing €892.40 Mastercard chargeback reason code 4837 for Clover Station Duo terminal transaction on 12 June at 13:05. EMV chip and PIN verification successful, authorization code P8N3K5, but cardholder alleges fraudulent use. Merchant provided terminal certification documentation, EMV kernel version logs, and transaction cryptogram validation proof. Asking whether technical terminal compliance evidence is sufficient for representment or if additional cardholder presence proof is required before 26 July deadline and what pre-arbitration success rates are for this scenario."
"CS-000191",65989,"2025-06-21","Chargeback Representment","P3 - Medium","chargeback_representment","Chargeback on €347.50 Visa transaction from 3 weeks ago, customer claims non-delivery but I have signed DHL receipt. How do I upload this and what's the deadline?"
"CS-000192",287579,"2025-07-09","Chargeback Representment","P3 - Medium","chargeback_representment","Got hit with MC chargeback reason code 4853, need to fight this ASAP. Transaction was €89.20 on a Tuesday morning, customer was here in person, have the signed receipt. Where do I send evidence?"
"CS-000193",22289,"2025-08-10","Chargeback Representment","P2 - High","chargeback_representment","Mastercard chargeback €156 - customer says card wasn't present but they signed the terminal receipt on our Clover Flex unit. Deadline to respond?"
"CS-000194",7517,"2025-07-10","Chargeback Representment","P2 - High","chargeback_representment","This is ridiculous, €423.80 chargeback for ""services not rendered"" when the customer picked up their order on Friday afternoon. Have photo proof and signature. Need to submit today, portal not working."
"CS-000195",164204,"2025-08-21","Chargeback Representment","P2 - High","chargeback_representment","Visa dispute €67.50, claiming duplicate charge but it's two separate transactions on different days. Have both receipts. What happens if I miss the representment deadline?"
"CS-000196",113933,"2025-06-04","Chargeback Representment","P3 - Medium","chargeback_representment","Customer did chargeback for €234 saying item never arrived - I have UPS tracking showing delivery last Monday at 2pm with signature. How long does representment take?"
"CS-000197",148842,"2025-08-13","Chargeback Representment","P3 - Medium","chargeback_representment","Fighting a €512 Mastercard chargeback, have delivery confirmation and signed invoice. Already past 10 days since notification, am I too late?"
"CS-000198",89328,"2025-06-06","Chargeback Representment","P2 - High","chargeback_representment","Chargeback €178.90 Visa, customer claims fraud but came into shop personally and showed ID. Have CCTV footage from that Wednesday. Can I submit video evidence?"
"CS-000199",200065,"2025-08-02","Chargeback Representment","P3 - Medium","chargeback_representment","Need to escalate €891 chargeback to pre-arbitration, already lost first round but have additional proof customer received goods. What are my chances and costs?"
"CS-000200",18548,"2025-07-04","Chargeback Representment","P3 - Medium","chargeback_representment","MC chargeback €45.60 for contactless payment, customer says unauthorized but it's their regular weekly purchase same time every Saturday morning. Have transaction history going back 6 months."
"CS-000201",183706,"2025-09-22","Chargeback Representment","P3 - Medium","chargeback_representment","Disputing €367.20 Visa chargeback, sent delivery proof 3 days ago, no response yet. How long until I hear back? Can't afford to lose this one."
"CS-000202",25197,"2025-08-20","Chargeback Representment","P2 - High","chargeback_representment","Customer did chargeback €156.80 claiming defective product but never contacted us for return. Have email records showing no complaints. Representment deadline?"
"CS-000203",138675,"2025-06-18","Chargeback Representment","P2 - High","chargeback_representment","€723 Mastercard chargeback ""goods not as described"" - customer signed acceptance form on delivery. Submitted evidence last Thursday, what's next step if they escalate to arbitration?"
"CS-000204",90289,"2025-06-11","Chargeback Representment","P3 - Medium","chargeback_representment","Visa chargeback €94.30, reason code says cancelled recurring but customer never cancelled with us, have signed contract. Terminal was Clover Station Duo if that matters."
"CS-000205",262377,"2025-09-27","Chargeback Representment","P3 - Medium","chargeback_representment","Lost €445 chargeback first round, want to go to pre-arbitration. What's the fee and deadline? Have stronger evidence now including witness statement."
"CS-000206",134072,"2025-08-20","Chargeback Representment","P3 - Medium","chargeback_representment","Chargeback €289 from 2 months ago just appeared, Mastercard, customer claims non-receipt but signed for it in person at our location. Is it too late to fight?"
"CS-000207",151734,"2025-06-25","Chargeback Representment","P2 - High","chargeback_representment","€534.60 Visa dispute, customer saying card stolen but transaction was chip and PIN on our PAX terminal at 11am on a Monday. Have full auth logs."
"CS-000208",214338,"2025-06-12","Chargeback Representment","P3 - Medium","chargeback_representment","Submitted representment docs for €198.50 chargeback 2 weeks ago, heard nothing. Can I call someone to check status? This is dragging on too long."
"CS-000209",74141,"2025-08-14","Chargeback Representment","P3 - Medium","chargeback_representment","MC chargeback €412 services not provided - have signed service completion form from customer dated same day as transaction. Upload portal keeps timing out, need email address to send evidence."
"CS-000210",222824,"2025-09-15","Chargeback Representment","P3 - Medium","chargeback_representment","€167.80 Visa chargeback, customer claims amount incorrect but receipt clearly shows €167.80 and they signed it. Already submitted evidence, now they're pushing to pre-arb, what does that cost me?"
"CS-000211",122725,"2025-07-01","Chargeback Representment","P2 - High","chargeback_representment","Chargeback for €89 contactless Mastercard, customer says wasn't them but it's one of 15 transactions they made with us over 3 months, all same card. How do I prove pattern?"
"CS-000212",4001,"2025-09-06","Chargeback Representment","P3 - Medium","chargeback_representment","€654.30 chargeback Visa, delivery signature on file, tracking shows delivered Tuesday 9am. Submitted everything 5 days ago. If I lose this can I appeal further?"
"CS-000213",123775,"2025-09-24","Chargeback Representment","P3 - Medium","chargeback_representment","Fighting €234.50 MC chargeback, have proof of delivery and customer email thanking us for quick shipment. What's the pre-arbitration success rate? Already invested too much time in this."
"CS-000214",34923,"2025-06-24","Chargeback Representment","P3 - Medium","chargeback_representment","Chargeback €378 Visa from last month, customer claims cancelled order but we have no cancellation request and item was delivered with signature. Representment deadline is tomorrow, can I get extension?"
"CS-000215",197486,"2025-08-15","Chargeback Representment","P3 - Medium","chargeback_representment","€145.60 Mastercard chargeback reason code 4855, submitted signed receipt and delivery confirmation last week. If they reject my representment what are next steps and associated fees for escalation?"
"CS-000216",211464,"2025-09-12","Chargeback Representment","P2 - High","chargeback_representment","Merchant in Dublin disputing chargeback for €247.50 transaction dated 15 June 2024, has provided signed delivery receipt with timestamp 14:32 on same day. Representment deadline is 22 July 2024 per Mastercard guidelines. Awaiting confirmation of document upload to dispute portal."
"CS-000217",159105,"2025-06-01","Chargeback Representment","P3 - Medium","chargeback_representment","Chargeback case for €1,843.00 Visa transaction from 8 June 2024 at merchant location in Lyon. Merchant submitted proof of delivery signed by cardholder on 9 June 2024 at 09:15, tracking number FR8834729103. Representment filed on 12 July 2024, three days before deadline."
"CS-000218",101057,"2025-09-11","Chargeback Representment","P2 - High","chargeback_representment","German merchant questioning pre-arbitration timeline for €89.99 dispute originally charged back on 3 June 2024. Initial representment submitted 18 June 2024 with terminal receipt from Clover Flex 5000 showing chip and PIN verification. Card scheme has until 3 May 2024 to respond."
"CS-000219",186334,"2025-07-02","Chargeback Representment","P3 - Medium","chargeback_representment","Merchant in Amsterdam contesting €2,156.75 chargeback reason code 4853, transaction date 22 June 2024. Submitted invoice, delivery confirmation for 24 June 2024 at 16:20, and email correspondence with customer. Representment window closes 29 July 2024."
"CS-000220",169804,"2025-08-20","Chargeback Representment","P3 - Medium","chargeback_representment","Portuguese merchant disputing three chargebacks totaling €467.30 from transactions on 5, 7, and 9 June 2024. All transactions processed via Clover Station Duo terminal with contactless. Merchant provided batch settlement reports and signed receipts for all three dates."
"CS-000221",9025,"2025-06-25","Chargeback Representment","P3 - Medium","chargeback_representment","Chargeback for €3,299.00 Mastercard transaction dated 14 June 2024 at Belgian merchant location. Merchant escalating to pre-arbitration after initial representment denied on 5 July 2024. Additional evidence includes delivery signature from 16 June 2024 at 11:45 and photographic proof of goods delivered."
"CS-000222",168376,"2025-06-21","Chargeback Representment","P3 - Medium","chargeback_representment","Irish merchant inquiring about representment deadline for €156.80 Visa chargeback received 10 July 2024, original transaction 28 June 2024. Merchant has signed credit card receipt from PAX A920 terminal and customer email confirming satisfaction with service dated 1 June 2024."
"CS-000223",114440,"2025-08-20","Chargeback Representment","P2 - High","chargeback_representment","Dispute for €892.45 transaction processed 19 June 2024 in Madrid. Merchant submitted representment on 15 July 2024 with delivery tracking showing signature capture at 14:50 on 20 June 2024. Requesting confirmation that submission meets Visa's 30-day representment requirement."
"CS-000224",285935,"2025-08-02","Chargeback Representment","P2 - High","chargeback_representment","Austrian merchant contesting €4,567.20 chargeback for transaction dated 1 June 2024, reason code 4855 goods not received. Provided DHL tracking number AT9283746501 with delivery confirmation 3 June 2024 at 10:33. Representment deadline 2 May 2024, submitted 16 July 2024."
"CS-000225",148722,"2025-08-25","Chargeback Representment","P3 - Medium","chargeback_representment","Merchant in Athens disputing €234.90 Mastercard chargeback from 12 June 2024. Terminal receipt from Clover Flex 5000 shows successful EMV transaction at 18:22. Merchant asking if email confirmation from customer dated 13 June 2024 is sufficient evidence for representment."
"CS-000226",130597,"2025-07-18","Chargeback Representment","P3 - Medium","chargeback_representment","Chargeback case for €1,678.50 Visa transaction at Dutch merchant, processed 25 June 2024. Initial representment submitted 20 June 2024 with signed delivery note from 27 June 2024 at 15:10. Card scheme denied representment on 8 July 2024; merchant requesting pre-arbitration escalation process details."
"CS-000227",66921,"2025-09-17","Chargeback Representment","P3 - Medium","chargeback_representment","Italian merchant disputing €445.75 chargeback received 9 July 2024 for transaction dated 18 June 2024. Merchant has invoice, proof of shipment via Poste Italiane with tracking IT7746291038, and delivery confirmation 21 June 2024 at 09:25. Representment deadline is 9 May 2024."
"CS-000228",136594,"2025-06-03","Chargeback Representment","P3 - Medium","chargeback_representment","French merchant questioning whether €67.30 chargeback from 6 June 2024 is worth contesting given representment costs. Transaction processed at 12:15 via contactless on Clover Station Duo terminal. Merchant has terminal receipt but no additional delivery documentation."
"CS-000229",20055,"2025-09-06","Chargeback Representment","P3 - Medium","chargeback_representment","Chargeback for €2,890.00 Mastercard transaction dated 10 June 2024 at merchant in Brussels. Representment submitted 1 July 2024 with signed contract, delivery receipt from 12 June 2024 at 13:40, and customer correspondence. Merchant inquiring about expected timeline for card scheme decision."
"CS-000230",130140,"2025-07-01","Chargeback Representment","P3 - Medium","chargeback_representment","German merchant escalating €1,234.60 dispute to pre-arbitration after representment denied 11 July 2024. Original transaction 29 June 2024, initial representment filed 15 June 2024. Merchant has additional evidence including video footage of customer accepting delivery on 31 June 2024 at 16:05."
"CS-000231",25919,"2025-09-13","Chargeback Representment","P3 - Medium","chargeback_representment","Merchant in Lisbon contesting €789.20 Visa chargeback for transaction processed 8 June 2024 at 20:33. Provided signed receipt from PAX S920 terminal and email from customer dated 9 June 2024 acknowledging receipt of goods. Representment submitted 14 July 2024, deadline was 22 July 2024."
"CS-000232",286454,"2025-06-26","Chargeback Representment","P2 - High","chargeback_representment","Irish merchant disputing €3,456.80 chargeback reason code 4837, transaction date 5 June 2024. Submitted proof of delivery with signature captured 7 June 2024 at 11:20, invoice, and tracking number IE4456789012. Asking if pre-arbitration fee of €500 is standard across all card schemes."
"CS-000233",205136,"2025-08-14","Chargeback Representment","P3 - Medium","chargeback_representment","Chargeback for €178.95 Mastercard transaction from 20 June 2024 at Spanish merchant location. Merchant provided terminal receipt showing chip and PIN authorization at 15:45 from Clover Flex. Representment deadline 4 May 2024; merchant requesting confirmation of required evidence format."
"CS-000234",152438,"2025-09-03","Chargeback Representment","P3 - Medium","chargeback_representment","Dutch merchant contesting five chargebacks totaling €2,345.70 from transactions between 1 and 8 June 2024. All processed via same Clover Station Duo terminal with EMV chip verification. Merchant submitted batch reports, individual receipts, and delivery confirmations for all five transactions dated between 3 and 10 June 2024."
"CS-000235",262071,"2025-08-19","Chargeback Representment","P2 - High","chargeback_representment","Austrian merchant disputing €567.40 Visa chargeback received 12 July 2024, original transaction 25 June 2024. Representment submitted same day with signed delivery note from 27 June 2024 at 14:15 and customer email from 28 June 2024 confirming satisfaction. Merchant asking about typical card scheme response time."
"CS-000236",54204,"2025-07-04","Chargeback Representment","P3 - Medium","chargeback_representment","Merchant in Milan escalating €4,123.50 dispute to pre-arbitration after initial representment denied 10 July 2024. Transaction dated 20 June 2024, delivery confirmed 23 June 2024 at 10:50. Merchant has additional evidence including customs documentation and photographic proof of delivered goods."
"CS-000237",13671,"2025-07-26","Chargeback Representment","P3 - Medium","chargeback_representment","Belgian merchant questioning representment process for €923.65 Mastercard chargeback from transaction dated 14 June 2024. Merchant has signed credit card slip from PAX A77 terminal showing transaction at 11:30 and delivery tracking with signature capture 16 June 2024 at 09:40. Representment deadline is 28 July 2024."
"CS-000238",165399,"2025-09-28","Chargeback Representment","P2 - High","chargeback_representment","Chargeback for €2,567.30 Visa transaction processed 2 June 2024 at merchant in Dublin. Initial representment submitted 25 June 2024 with delivery proof from 4 June 2024 at 15:25. Card scheme denied on 9 July 2024; merchant requesting detailed explanation of denial reason and pre-arbitration options."
"CS-000239",164753,"2025-09-09","Chargeback Representment","P3 - Medium","chargeback_representment","Greek merchant disputing €334.80 chargeback for transaction dated 10 June 2024 at 19:15. Provided terminal receipt from Clover Flex 5000 showing contactless payment and email correspondence with customer from 11 June 2024. Representment submitted 13 July 2024, asking if weekend days count toward deadline calculation."
"CS-000240",189823,"2025-07-25","Chargeback Representment","P2 - High","chargeback_representment","French merchant contesting €1,890.75 Mastercard chargeback received 8 July 2024, transaction date 19 June 2024. Submitted invoice, signed delivery receipt from 21 June 2024 at 13:55, and tracking number FR9923847561. Merchant inquiring whether representment fee is refunded if dispute is won."
"CS-000241",72740,"2025-08-12","Chargeback Representment","P3 - Medium","chargeback_representment","Merchant called in about a chargeback for €127.50 from last Tuesday and wants to know if they can dispute it since they have the customer's signature on the receipt. They're asking what documents they need to send and how long they have to respond."
"CS-000242",23320,"2025-09-17","Chargeback Representment","P3 - Medium","chargeback_representment","Small café in Dublin received their first chargeback notification for a €43.20 Mastercard transaction and the owner is confused about what ""representment"" means. Can someone walk them through the process?"
"CS-000243",163704,"2025-08-27","Chargeback Representment","P3 - Medium","chargeback_representment","Restaurant in Lyon got a chargeback for €215 marked as ""goods not received"" but they have delivery confirmation with a timestamp showing it was delivered last Thursday at 14:30. They want to know where to upload this proof and if it's enough evidence."
"CS-000244",70593,"2025-06-14","Chargeback Representment","P3 - Medium","chargeback_representment","Merchant is asking about a Visa chargeback for €89.99 - they have the signed receipt from their Clover Flex 5000 terminal but aren't sure if they should also send the customer's email confirming the purchase. What's the deadline to submit everything?"
"CS-000245",188143,"2025-09-08","Chargeback Representment","P3 - Medium","chargeback_representment","Got a chargeback dispute case for €312.40 and the merchant has proof of delivery but the deadline mentioned in the letter is next Monday. They're worried they won't gather everything in time and want to know if extensions are possible."
"CS-000246",78196,"2025-09-14","Chargeback Representment","P2 - High","chargeback_representment","Bakery in Munich received a chargeback for €67.80 on a contactless payment and they're asking if they can still dispute it even though there's no signature since it was tap-to-pay. They have the transaction receipt from their terminal showing the successful payment on Wednesday morning."
"CS-000247",72820,"2025-06-22","Chargeback Representment","P3 - Medium","chargeback_representment","Merchant submitted representment documents for a €156 chargeback three weeks ago and hasn't heard anything back. They're asking how long the card scheme usually takes to make a decision and if they should follow up."
"CS-000248",136025,"2025-07-15","Chargeback Representment","P3 - Medium","chargeback_representment","Small hotel in Austria got a ""service not rendered"" chargeback for €890 but the guest definitely stayed there for two nights in June. They have the booking confirmation and key card logs - is this sufficient evidence or do they need more?"
"CS-000249",96851,"2025-07-26","Chargeback Representment","P3 - Medium","chargeback_representment","Retailer in Amsterdam is asking about a €44.50 Mastercard chargeback where they already lost once - they received something called a ""pre-arbitration"" notice and want to know what that means and if they can fight it again."
"CS-000250",261337,"2025-08-10","Chargeback Representment","P3 - Medium","chargeback_representment","Merchant disputes a €203.75 chargeback and has delivery tracking showing the package was signed for, but they're asking if they need to translate the delivery company's documentation from Dutch to English before submitting."
"CS-000251",263218,"2025-06-22","Chargeback Representment","P3 - Medium","chargeback_representment","Wine shop in Brussels got three chargebacks totaling €487 all from the same customer claiming non-delivery. They have signed delivery receipts for all three orders and want to know if they should submit them as one case or separately."
"CS-000252",60995,"2025-06-02","Chargeback Representment","P3 - Medium","chargeback_representment","Restaurant owner in Madrid received a chargeback for €178.30 and has the signed credit card slip from their Clover Station Duo terminal. They're asking if a photo of the receipt is okay or if they need to send the original paper copy somehow."
"CS-000253",77324,"2025-08-17","Chargeback Representment","P3 - Medium","chargeback_representment","Merchant is confused about a pre-arbitration fee mentioned in their chargeback portal - it says €500 for Visa. They want to know if they have to pay this upfront to continue disputing a €95 transaction or if it's only charged if they lose."
"CS-000254",41947,"2025-09-15","Chargeback Representment","P3 - Medium","chargeback_representment","Small electronics shop in Rome got a chargeback for €267 marked as ""product defective"" but the customer never contacted them about any issues. They're asking if they can dispute this and what kind of evidence would help since they don't have proof the product wasn't defective."
"CS-000255",29090,"2025-07-04","Chargeback Representment","P3 - Medium","chargeback_representment","Merchant in Lisbon asking about representment deadline for a €134.20 chargeback received yesterday - the letter says 10 calendar days but they're closed on Sundays and want to know if that counts as a business day or not."
"CS-000256",80460,"2025-06-04","Chargeback Representment","P3 - Medium","chargeback_representment","Pharmacy in Athens received a chargeback for €52.40 and they have the receipt showing the customer's signature from two months ago. They're asking if the evidence is still valid even though it's quite old and if there's a time limit on how far back they can dispute."
"CS-000257",170170,"2025-08-10","Chargeback Representment","P3 - Medium","chargeback_representment","Online merchant got a ""fraud"" chargeback for €399 but they have the customer's email correspondence, IP address logs, and delivery confirmation to the billing address. They're asking what order they should submit these documents in and if there's a file size limit."
"CS-000258",203736,"2025-06-04","Chargeback Representment","P2 - High","chargeback_representment","Merchant won their representment for a €88.50 chargeback but now received a pre-arbitration notice from the cardholder's bank. They want to know what their options are and if the €500 arbitration fee is worth it for this amount."
"CS-000259",206017,"2025-09-10","Chargeback Representment","P3 - Medium","chargeback_representment","Small grocery store in Ireland got a chargeback for €31.15 on a Saturday morning transaction. They have the terminal receipt but no signature since it was under the contactless limit - asking if they should even bother disputing such a small amount."
"CS-000260",92245,"2025-06-09","Chargeback Representment","P3 - Medium","chargeback_representment","Merchant in Frankfurt submitted delivery proof for a €445 chargeback last week but just realized they uploaded the wrong tracking number. They're asking how to correct their representment submission and if they can send additional documents."
"CS-000261",154471,"2025-07-02","Chargeback Representment","P3 - Medium","chargeback_representment","Restaurant received a chargeback for €167.80 with reason code about ""credit not processed"" - the customer claimed they returned the meal but that's not true. They're asking what evidence they need since it's a dine-in service and nothing was actually returned."
"CS-000262",22726,"2025-08-14","Chargeback Representment","P3 - Medium","chargeback_representment","Merchant asking about a Mastercard chargeback for €213.50 where the deadline for representment is in three days but they're waiting for the courier company to send the delivery confirmation. Can they request more time or submit partial evidence now and more later?"
"CS-000263",181481,"2025-06-14","Chargeback Representment","P3 - Medium","chargeback_representment","Small boutique in Belgium got their first pre-arbitration case for €156 and they're nervous about the fees involved. They won the initial representment but the customer is pushing back - asking for advice on whether to proceed or just accept the loss."
"CS-000264",158744,"2025-06-27","Chargeback Representment","P3 - Medium","chargeback_representment","Merchant has proof of delivery for a €328.90 chargeback but the signature on the delivery receipt is illegible. They're asking if this is still acceptable evidence or if they need something else to prove the customer received the goods."
"CS-000265",113136,"2025-09-09","Chargeback Representment","P3 - Medium","chargeback_representment","Clothing store in Netherlands received a chargeback for €94.40 marked as duplicate transaction, but they can see in their terminal that the customer's card was declined the first time and only the second attempt went through. They have both receipts and want to know how to explain this in their dispute."
"CS-000266",184635,"2025-08-08","Chargeback Representment","P2 - High","chargeback_representment","Merchant operates three coffee shops in Dublin and received a €47.50 Mastercard chargeback for ""goods not received"" at the Grafton Street location, but the same cardholder has made successful purchases at their other two sites without dispute. They're asking if we can use transaction history across all three terminals to strengthen their representment case."
"CS-000267",167021,"2025-09-02","Chargeback Representment","P2 - High","chargeback_representment","Our restaurant group has locations in Lyon and Marseille - the Lyon site got hit with a €215 Visa chargeback claiming unauthorized transaction, but we have the signed receipt with matching signature from their previous visits to our Marseille location. Merchant wants to know if cross-location signature comparison is acceptable evidence for representment."
"CS-000268",276000,"2025-08-06","Chargeback Representment","P3 - Medium","chargeback_representment","Multi-site retailer with shops in Munich, Hamburg and Berlin received chargebacks totaling €890 across all three locations from the same cardholder within a two-week period. They have delivery confirmations for all orders and want to submit a combined representment package, asking if there's a bulk submission process."
"CS-000269",59194,"2025-07-11","Chargeback Representment","P2 - High","chargeback_representment","Franchise operator running four quick-service restaurants in Amsterdam noticed their Centrum location has a 2.1% chargeback rate while the other three sites average 0.4%. They're disputing a €32.80 Mastercard chargeback with CCTV footage and want guidance on whether the location-specific pattern matters for their case."
"CS-000270",159571,"2025-07-28","Chargeback Representment","P3 - Medium","chargeback_representment","Merchant with boutiques in Barcelona and Madrid received a €340 Visa chargeback for ""product not as described"" at the Barcelona store. Customer had purchased similar items at Madrid location without complaint, and merchant has photos of both transactions showing identical product presentation. Asking about representment deadline as chargeback notification arrived 8 days ago."
"CS-000271",23421,"2025-06-19","Chargeback Representment","P3 - Medium","chargeback_representment","Hotel chain operating properties in Vienna and Salzburg disputing a €1,250 Mastercard chargeback from Vienna location claiming ""services not rendered."" Guest stayed at their Salzburg property the following week without issue, and they have key card access logs proving room entry 47 times during the disputed stay."
"CS-000272",29853,"2025-09-17","Chargeback Representment","P3 - Medium","chargeback_representment","Retail group with stores in Brussels, Antwerp and Ghent received three chargebacks from same card across all locations within 72 hours, totaling €567. They have signed receipts for all transactions and EMV chip verification on their Clover Flex. Merchant asking if coordinated fraud pattern strengthens their representment position."
"CS-000273",114393,"2025-07-05","Chargeback Representment","P3 - Medium","chargeback_representment","Pharmacy chain operator in Lisbon and Porto disputing €89.50 Visa chargeback from Porto location for prescription pickup. Customer regularly fills prescriptions at both locations, and they have signature on file matching the disputed transaction receipt. Want to know if medical privacy laws affect what evidence they can submit."
"CS-000274",90877,"2025-08-04","Chargeback Representment","P3 - Medium","chargeback_representment","Restaurant owner with three locations in Rome received €178 Mastercard chargeback claiming duplicate processing at their Trastevere site. Transaction logs from their Clover Station Duo show single authorization, and customer made separate purchases at their Testaccio location same evening. Asking about pre-arbitration process if representment fails."
"CS-000275",282259,"2025-06-23","Chargeback Representment","P3 - Medium","chargeback_representment","Fashion retailer operating in Athens and Thessaloniki got €425 Visa chargeback for ""goods not received"" but tracking shows delivery signature at customer's address. Same customer successfully received deliveries from their Thessaloniki store twice before. Merchant concerned about 10-day representment deadline with upcoming holiday."
"CS-000276",63522,"2025-07-22","Chargeback Representment","P3 - Medium","chargeback_representment","Coffee shop franchise with six locations across Dublin received chargebacks at four different sites from same cardholder over three months, totaling €213. All transactions under €40, all contactless on Mastercard, all disputed as unauthorized. Merchant has CCTV from two locations showing same person tapping card and wants to escalate."
"CS-000277",84339,"2025-07-19","Chargeback Representment","P3 - Medium","chargeback_representment","Merchant running electronics stores in Frankfurt and Stuttgart disputing €1,890 Mastercard chargeback with signed delivery receipt and product serial number registration to customer's email. Customer made €340 purchase at Stuttgart location week prior without issue. Asking if they can reference the successful transaction in representment."
"CS-000278",52208,"2025-09-04","Chargeback Representment","P2 - High","chargeback_representment","Spa and wellness operator with facilities in Nice and Cannes received €560 Visa chargeback claiming ""services not provided"" at Nice location. They have appointment check-in records, treatment room logs, and customer feedback form submitted post-service. Customer is active member at Cannes location with no payment disputes there."
"CS-000279",7224,"2025-08-03","Chargeback Representment","P2 - High","chargeback_representment","Bakery chain with morning operations across five Amsterdam locations disputing €28.30 Mastercard chargeback from their Jordaan shop. Transaction occurred 07:15 on Tuesday, customer claims card was stolen, but same card used at their De Pijp location at 07:45 same morning without dispute. Terminal logs from both PAX devices available."
"CS-000280",87762,"2025-07-03","Chargeback Representment","P3 - Medium","chargeback_representment","Clothing retailer in Milan and Turin received €670 Visa chargeback for online order shipped to customer's registered address. Customer has purchase history at both physical store locations spanning two years with no issues. Merchant has delivery confirmation with timestamp and photo proof, asking about escalation options if issuer denies representment."
"CS-000281",109304,"2025-06-27","Chargeback Representment","P2 - High","chargeback_representment","Gym membership operator with clubs in Hamburg, Bremen and Hannover disputing recurring payment chargeback of €49.90. Member actively uses all three facilities with access logs showing 34 check-ins across locations in disputed month. Signed membership agreement on file, asking if usage data across multiple sites is compelling evidence."
"CS-000282",156538,"2025-06-12","Chargeback Representment","P2 - High","chargeback_representment","Wine shop owner with locations in Bordeaux and Toulouse received €385 Mastercard chargeback claiming unauthorized transaction at Bordeaux store. Customer's loyalty account shows purchases at both locations for 18 months, and disputed transaction includes loyalty points redemption requiring PIN entry. Merchant wants to know if loyalty system authentication helps their case."
"CS-000283",213951,"2025-08-25","Chargeback Representment","P2 - High","chargeback_representment","Pet supply retailer operating in Cork and Galway disputing €156 Visa chargeback with delivery proof showing customer signature at 14:32 on Wednesday. Same customer picked up order in-store at Cork location the following Saturday. Merchant asking about representment timeline as they're waiting on courier company to provide additional GPS delivery data."
"CS-000284",131555,"2025-09-15","Chargeback Representment","P3 - Medium","chargeback_representment","Pharmacy group with twelve locations across Belgium received chargebacks at three different stores from one cardholder within five days, totaling €234. All transactions show EMV chip verification on their terminals, customer claims card never left their possession. Merchant has video evidence from two locations and wants guidance on pre-arbitration likelihood."
"CS-000285",251587,"2025-06-25","Chargeback Representment","P3 - Medium","chargeback_representment","Restaurant operator in Porto with three establishments received €445 Mastercard chargeback for ""duplicate charge"" at their riverside location. Merchant has separate receipts showing different menu items, different servers, different table numbers, and transactions four hours apart. Customer dined at their other two locations same week without payment issues."
"CS-000286",7375,"2025-08-23","Chargeback Representment","P2 - High","chargeback_representment","Bookstore chain in Vienna and Graz disputing €127.50 Visa chargeback with proof of in-store pickup requiring photo ID verification. Customer has active loyalty membership used at both locations, and disputed transaction was special order item customer requested by name. Asking if they can submit customer's email correspondence requesting the specific book."
"CS-000287",94615,"2025-08-06","Chargeback Representment","P3 - Medium","chargeback_representment","Hardware store operator with locations in Utrecht, Rotterdam and The Hague received €890 Mastercard chargeback claiming goods not received. Delivery required signature and customer ID scan per their policy for high-value items. Customer made in-store purchases at Rotterdam location before and after the disputed delivery. Merchant concerned about approaching representment deadline in three days."
"CS-000288",87941,"2025-06-20","Chargeback Representment","P3 - Medium","chargeback_representment","Beauty salon group operating four locations in Madrid disputing €180 Visa chargeback for services rendered at their Salamanca district salon. Appointment booking, service completion notes, and product usage records all documented. Customer is regular client at their Chamberí location with payment history going back 14 months. Asking about success rates for service-based representment cases."
"CS-000289",60509,"2025-09-18","Chargeback Representment","P3 - Medium","chargeback_representment","Grocery chain with stores in Limerick, Waterford and Kilkenny received €67.20 Mastercard chargeback from Waterford location claiming unauthorized transaction. Transaction was contactless at 18:45 on Friday, but same card used for larger chip-and-PIN transaction at Kilkenny store at 20:15 same evening. Merchant questioning if timing and authentication method differences support their dispute."
"CS-000290",213102,"2025-07-13","Chargeback Representment","P2 - High","chargeback_representment","Sporting goods retailer in Munich with three locations disputing €534 Visa chargeback with signed delivery confirmation and email exchange where customer confirmed receipt and satisfaction with products. Customer made returns at their other two stores in past without initiating chargebacks. Merchant asking if they should wait for pre-arbitration or escalate immediately given the clear evidence."
"CS-000291",252889,"2025-07-11","Chargeback Representment","P2 - High","chargeback_representment","Merchant from Dublin contacted regarding a €487.50 Visa chargeback coded as ""goods not received"" despite having courier tracking showing successful delivery on 15th June. Business owner expressed concern about impact on monthly chargeback ratio which is approaching the 0.9% threshold that could trigger enhanced monitoring. Representment package submitted including signed delivery confirmation and customer communication logs."
"CS-000292",76542,"2025-06-12","Chargeback Representment","P3 - Medium","chargeback_representment","German restaurant in Munich disputing a Mastercard chargeback for €156.80 where cardholder claims non-receipt of service. Merchant provided CCTV footage timestamped 19:45 on Saturday evening, table reservation records, and itemized receipt with EMV chip verification, all submitted within the 10-day representment window. Revenue loss from this dispute particularly significant given current 4.2% profit margins in hospitality sector."
"CS-000293",86143,"2025-09-05","Chargeback Representment","P3 - Medium","chargeback_representment","Belgian online retailer escalating pre-arbitration case involving €2,340 Visa transaction originally disputed three months ago. First representment was unsuccessful despite delivery proof; merchant now requesting guidance on whether additional evidence such as IP address logs and device fingerprinting data would strengthen second-stage defense. Business cannot absorb loss of this magnitude given average order value of €89."
"CS-000294",92682,"2025-08-22","Chargeback Representment","P2 - High","chargeback_representment","Portuguese merchant questioning representment deadline after receiving chargeback notification on Thursday for a €67.30 Mastercard transaction from two weeks prior. Support agent clarified the 10 calendar day window and confirmed submission cutoff is next Tuesday at 17:00 CET. Merchant operates on thin margins and emphasized that chargeback fees alone represent 8% of this transaction value."
"CS-000295",114445,"2025-08-20","Chargeback Representment","P3 - Medium","chargeback_representment","French boutique in Lyon disputing ""credit not processed"" chargeback for €523 despite having issued refund on 3rd July, five days after customer request. Merchant submitted bank statement showing outbound credit, original transaction receipt, and email correspondence confirming refund processing. Owner noted this is second invalid chargeback this quarter, creating administrative burden that diverts resources from core business operations."
"CS-000296",292734,"2025-07-20","Chargeback Representment","P2 - High","chargeback_representment","Irish café operator with Clover Flex 5000 terminal seeking urgent guidance on €43.20 Visa chargeback marked as ""fraudulent transaction"" despite chip-and-PIN authorization at 08:15 on Monday morning. Merchant concerned about liability shift implications and potential pattern, as this represents third fraud claim in six weeks across 1,847 transactions processed monthly. Representment evidence includes EMV cryptogram and terminal logs."
"CS-000297",74829,"2025-09-19","Chargeback Representment","P3 - Medium","chargeback_representment","Austrian ski equipment rental company disputing €890 Mastercard chargeback where customer claims unauthorized transaction. Merchant provided signed rental agreement, photocopy of cardholder ID collected at time of rental, and equipment return documentation dated five days after transaction. Business owner stressed that seasonal revenue concentration makes each dispute materially significant to annual performance."
"CS-000298",44205,"2025-06-04","Chargeback Representment","P3 - Medium","chargeback_representment","Netherlands-based electronics retailer escalating to pre-arbitration after losing initial representment on €1,456.70 Visa dispute. Merchant argues delivery signature, tracking number, and customer's subsequent product registration on manufacturer website constitute compelling evidence. Monthly chargeback rate has increased to 0.7%, and further losses could impact processing agreement terms."
"CS-000299",211027,"2025-09-08","Chargeback Representment","P3 - Medium","chargeback_representment","Spanish hotel in Barcelona contesting ""services not as described"" chargeback for €678.50 covering three-night stay. Guest completed stay, used amenities, and checked out normally on Sunday morning before disputing charge two weeks later. Merchant submitted folio with daily charges, key card access logs showing room entry throughout stay, and property policies signed at check-in. Dispute threatens to push quarterly chargeback ratio above acceptable thresholds."
"CS-000300",125299,"2025-06-16","Chargeback Representment","P3 - Medium","chargeback_representment","Greek taverna owner inquiring about representment process after receiving first-ever chargeback for €134.60 Mastercard transaction. Customer claimed duplicate charge, but merchant records show two separate transactions on Friday and Saturday evenings with different amounts and authorization codes. Business operates with minimal administrative support and requires clear guidance on evidence compilation and submission procedures."
"CS-000301",44699,"2025-06-09","Chargeback Representment","P3 - Medium","chargeback_representment","German online pharmacy disputing €267.90 Visa chargeback with tracking showing delivery signature obtained at customer address on 22nd June at 14:32. Merchant emphasized that pharmaceutical products cannot be resold once shipped, making chargebacks particularly damaging to inventory and revenue. Representment package includes carrier confirmation, delivery photo, and customer account history showing no prior complaints."
"CS-000302",93778,"2025-09-22","Chargeback Representment","P3 - Medium","chargeback_representment","Italian fashion retailer in Milan questioning whether pre-arbitration is financially justified for €312 Mastercard dispute given additional fees involved. Initial representment with delivery proof was denied; merchant seeking cost-benefit analysis guidance. Business processes approximately 890 transactions monthly with average value €156, making each chargeback decision strategically important to profitability."
"CS-000303",184565,"2025-06-23","Chargeback Representment","P3 - Medium","chargeback_representment","Irish hardware store disputing ""goods not received"" chargeback for €523.40 where customer collected items in-store using click-and-collect service. Merchant submitted collection receipt signed by cardholder at 16:20 on Wednesday, CCTV footage of collection, and email notification sent when order ready. Owner noted increasing chargeback abuse concerns affecting willingness to offer convenient collection options."
"CS-000304",248137,"2025-08-22","Chargeback Representment","P3 - Medium","chargeback_representment","Belgian restaurant group escalating multiple related chargebacks totaling €1,847 across four Visa transactions from same cardholder over two-week period. All transactions processed with chip-and-PIN on Clover Station Duo terminals between 20:00 and 22:30 on weekend evenings. Pattern suggests coordinated fraud; merchant requesting guidance on presenting evidence of systematic abuse during pre-arbitration phase."
"CS-000305",93972,"2025-06-12","Chargeback Representment","P2 - High","chargeback_representment","French wine merchant disputing €2,100 Mastercard chargeback for corporate order delivered to business address with signed proof of receipt. Customer claims authorization was fraudulent despite signature matching cardholder name and delivery to registered business location. Merchant cannot sustain losses of this magnitude given 12% gross margins and seasonal cash flow constraints."
"CS-000306",256458,"2025-09-21","Chargeback Representment","P3 - Medium","chargeback_representment","Portuguese online bookstore contesting ""product not received"" chargeback for €89.90 with national postal service tracking showing successful delivery on 8th July. Merchant submitted representment evidence within deadline but seeking clarification on pre-arbitration timeline should initial defense fail. Business processes 340 orders monthly; chargeback rate approaching level requiring remediation plan."
"CS-000307",246356,"2025-06-28","Chargeback Representment","P2 - High","chargeback_representment","Austrian restaurant disputing €234.50 Visa chargeback where diner claims card was used without authorization despite chip-and-PIN verification at 19:15 on Saturday. Terminal logs from PAX A920 device show successful EMV authentication with correct PIN entry. Merchant concerned about liability implications and whether EMV data provides sufficient defense against fraud claims in current regulatory environment."
"CS-000308",255655,"2025-08-03","Chargeback Representment","P3 - Medium","chargeback_representment","Dutch flower delivery service escalating pre-arbitration case for €167.80 Mastercard transaction with photographic delivery proof and recipient signature. Initial representment unsuccessful despite comprehensive evidence; merchant questioning what additional documentation could strengthen case. Business model depends on maintaining low dispute rates to preserve relationships with payment processors and card schemes."
"CS-000309",28378,"2025-09-24","Chargeback Representment","P3 - Medium","chargeback_representment","Spanish pharmacy chain disputing €445.60 chargeback marked ""credit not processed"" with bank records proving refund issued within 48 hours of customer request. Merchant submitted transaction logs, refund confirmation, and customer service correspondence. Finance director emphasized that invalid chargebacks create reconciliation challenges and artificially inflate dispute metrics used in acquiring bank performance reviews."
"CS-000310",132952,"2025-06-03","Chargeback Representment","P3 - Medium","chargeback_representment","German bakery chain contesting five related Visa chargebacks totaling €287.30 from transactions processed on Clover Flex 5000 terminals during morning rush between 07:00 and 08:45. All transactions authenticated with contactless under €50 limit. Merchant seeking guidance on representment strategy for low-value disputes where evidence gathering costs approach transaction values but pattern suggests abuse requiring formal challenge."
"CS-000311",97833,"2025-08-08","Chargeback Representment","P3 - Medium","chargeback_representment","Irish pub disputing €178.90 Mastercard chargeback where customer claims intoxication invalidates transaction authorization. Merchant provided timestamped receipts showing moderate tab accumulated over three hours, staff incident log noting no concerns, and CCTV footage showing patron departing unassisted at 23:30. Owner stressed reputational and financial impact of fraud claims on licensed premises."
"CS-000312",1462,"2025-09-18","Chargeback Representment","P2 - High","chargeback_representment","Belgian jeweler escalating to pre-arbitration on €3,450 Visa dispute after unsuccessful initial representment despite providing delivery signature, insurance documentation, and customer communication. Transaction represents 11% of monthly revenue; merchant cannot absorb loss without significant business impact. Seeking detailed guidance on pre-arbitration evidence requirements and realistic success probability assessment."
"CS-000313",96420,"2025-08-14","Chargeback Representment","P2 - High","chargeback_representment","French gym membership provider disputing ""services not rendered"" chargeback for €456 covering six-month contract. Merchant submitted facility access logs showing member used gym 47 times over four months before initiating dispute. Contract terms, signed membership agreement, and usage data all included in representment package. Business model depends on contract integrity; chargebacks undermine subscription revenue predictability."
"CS-000314",67200,"2025-06-19","Chargeback Representment","P3 - Medium","chargeback_representment","Portuguese restaurant contesting €201.30 Mastercard chargeback received 87 days after transaction date. Merchant questioning whether dispute falls outside allowable timeframe and seeking clarification on scheme rules. Transaction processed normally with chip-and-PIN on Thursday evening; customer raised no concerns during service or in subsequent weeks. Administrative burden of aged disputes particularly challenging for small business operations."
"CS-000315",37703,"2025-06-09","Chargeback Representment","P2 - High","chargeback_representment","Greek hotel operator disputing €1,234 Visa chargeback for week-long booking where guest completed entire stay before claiming dissatisfaction. Merchant provided booking confirmation showing rate acceptance, daily folios with incidental charges, and checkout documentation signed on departure morning. Seasonal business cannot sustain revenue reversals after delivering services in full; seeking aggressive representment and pre-arbitration if necessary."
"CS-000316",55549,"2025-06-25","Chargeback Representment","P3 - Medium","chargeback_representment","Merchant calling back regarding chargeback case opened last Tuesday for €487.50 Mastercard transaction - still hasn't received our email with representment instructions despite multiple promises. Customer is frustrated as pre-arbitration deadline is approaching in 6 days and they have delivery confirmation ready to submit."
"CS-000317",205164,"2025-06-04","Chargeback Representment","P3 - Medium","chargeback_representment","Follow-up on Friday's call about the €1,240 Visa chargeback dispute where merchant submitted signed delivery receipt but heard nothing back. They're now asking if we actually forwarded their evidence to the card scheme and want to know the exact pre-arbitration timeline since original chargeback was issued 18 days ago."
"CS-000318",140758,"2025-06-01","Chargeback Representment","P3 - Medium","chargeback_representment","Third contact from this German merchant about same €89.99 chargeback - previous agent promised escalation to disputes team 4 days ago but merchant received no update. They have tracking proof showing delivery on June 3rd and are worried about missing representment window."
"CS-000319",59108,"2025-07-04","Chargeback Representment","P3 - Medium","chargeback_representment","Merchant phoning again about batch of 3 chargebacks totaling €2,156 from last week's case - says the evidence upload portal we directed them to keeps timing out. Now asking if they can email the signed receipts directly and whether the 10-day representment deadline can be extended given the technical issues."
"CS-000320",227135,"2025-08-24","Chargeback Representment","P3 - Medium","chargeback_representment","Return call on the €645 Mastercard dispute from our Monday conversation where merchant was told to gather delivery documentation. They've now compiled everything including signature and photo proof but are confused about pre-arbitration fees mentioned in our previous email and want clarification before proceeding."
"CS-000321",164438,"2025-06-12","Declined Transaction","P2 - High","declined_transaction","Merchant reports 8 declines in past hour on Visa cards, amounts between €45-€120. Terminal PAX A920, all showing ""do not honour"". Checking with issuer banks now."
"CS-000322",82548,"2025-08-18","Declined Transaction","P2 - High","declined_transaction","Customer called about Mastercard being declined at 14:30 today, €230 transaction. Same card worked yesterday for €180. Issuer timeout on our end, advised to retry."
"CS-000323",1014106,"2025-08-17","Declined Transaction","P1 - Critical","declined_transaction","Unusual spike in declines Tuesday morning between 09:00-11:00, mostly German issuers. Merchant asks if issue is their account or terminal setup."
"CS-000324",1003544,"2025-06-08","Declined Transaction","P2 - High","declined_transaction","Three consecutive declines on same Visa Debit card, €67.50 each attempt. Merchant says customer insists card has funds. Response code 05 - do not honour."
"CS-000325",577689,"2025-08-27","Declined Transaction","P1 - Critical","declined_transaction","Merchant in Dublin reports 15 failed transactions since opening at 08:00, mix of Visa and Mastercard. Clover Flex 5000 terminal. Checking acquirer connection logs."
"CS-000326",1254097,"2025-08-08","Declined Transaction","P1 - Critical","declined_transaction","Spanish merchant asking if problem is on our side - 6 declines in 20 minutes, all different cards. Amounts €15 to €89. No pattern visible yet."
"CS-000327",71666,"2025-08-19","Declined Transaction","P2 - High","declined_transaction","Friday evening rush, merchant reports cards that worked last week now declining. €340 and €156 transactions, both Mastercard. Issuer not responding to auth requests."
"CS-000328",1415259,"2025-08-05","Declined Transaction","P2 - High","declined_transaction","Batch of 11 declines Wednesday afternoon, all Visa cards from French banks. Merchant concerned about lost sales. Terminal Clover Station Duo showing connection errors intermittently."
"CS-000329",68257,"2025-06-22","Declined Transaction","P1 - Critical","declined_transaction","Customer's corporate card declined for €890, works fine at other merchants. Merchant asks if their terminal settings blocking high-value transactions."
"CS-000330",916814,"2025-06-07","Declined Transaction","P1 - Critical","declined_transaction","Portuguese merchant reports every transaction over €200 declining today. Five attempts, three different cards. Lower amounts processing normally."
"CS-000331",512650,"2025-08-25","Declined Transaction","P2 - High","declined_transaction","Mastercard Debit declined three times at 16:45, €52 each. Merchant says customer tried at ATM successfully. Response: issuer decline, no specific reason."
"CS-000332",143905,"2025-08-08","Declined Transaction","P1 - Critical","declined_transaction","Monday morning, 12 declines between 07:30-08:15. Merchant asks if weekend system maintenance caused issues. Mix of schemes, all showing ""do not honour""."
"CS-000333",12135,"2025-09-15","Declined Transaction","P2 - High","declined_transaction","Belgian merchant reports Italian-issued cards declining more than usual. Seven declines today versus normal one or two per week. Amounts €30-€145."
"CS-000334",157459,"2025-08-23","Declined Transaction","P1 - Critical","declined_transaction","Terminal Clover Flex 5000 showing issuer timeouts on four consecutive transactions. Merchant asks if their internet connection is the problem. Testing connectivity now."
"CS-000335",99416,"2025-08-12","Declined Transaction","P1 - Critical","declined_transaction","Greek merchant reports 9 Visa declines Thursday, all tourists' cards. Amounts €25 to €180. Merchant concerned it's their account flagged for fraud."
"CS-000336",463090,"2025-08-08","Declined Transaction","P2 - High","declined_transaction","Austrian merchant called about weekend declines - 14 transactions failed Saturday between 12:00-15:00. Sunday was normal. Reviewing Saturday's processing logs."
"CS-000337",87932,"2025-08-28","Declined Transaction","P2 - High","declined_transaction","Merchant reports customer's card declined at €445 but approved at €400. Asking if they have transaction limits we haven't told them about."
"CS-000338",1425,"2025-07-08","Declined Transaction","P2 - High","declined_transaction","Netherlands merchant seeing unusual decline rate since 10:00 today. 18 failed out of 45 attempts, mostly Maestro cards. Terminal PAX A77."
"CS-000339",738673,"2025-08-26","Declined Transaction","P1 - Critical","declined_transaction","Irish merchant asks if issue is terminal or network - same three customers' cards declined today, all worked fine yesterday. Amounts €67, €89, €134."
"CS-000340",30542,"2025-09-22","Declined Transaction","P2 - High","declined_transaction","German merchant reports issuer not responding on premium cards. Four Visa Infinite declines, amounts €560 to €1200. Standard cards processing normally."
"CS-000341",93432,"2025-06-14","Declined Transaction","P2 - High","declined_transaction","Merchant called about Tuesday declines - 22 failures between 14:00-17:00, now back to normal. Wants to know if compensation available for lost business."
"CS-000342",1522643,"2025-08-24","Declined Transaction","P1 - Critical","declined_transaction","French merchant reports Cartes Bancaires declining more than usual. 10 declines today, typical day is one or two. Terminal Clover Station Duo, amounts €40-€95."
"CS-000343",1825442,"2025-09-18","Declined Transaction","P1 - Critical","declined_transaction","Merchant in Milan reports every Mastercard declined between 11:30-12:00, total of 8 transactions. Visa cards working fine. All showing response code 91."
"CS-000344",627160,"2025-08-14","Declined Transaction","P1 - Critical","declined_transaction","Spanish merchant asks if their account has problem - customer tried same card four times, €156 transaction. Card works at merchant next door."
"CS-000345",362859,"2025-06-11","Declined Transaction","P1 - Critical","declined_transaction","Merchant reports 16 declines overnight between 22:00-01:00. Mix of schemes and issuers, amounts €18 to €230. Terminal Clover Flex 3500. Morning transactions processing normally."
"CS-000346",236,"2025-08-22","Declined Transaction","P1 - Critical","declined_transaction","Merchant reports Clover Flex terminal displaying ""DECLINED 05 - DO NOT HONOUR"" for approximately 15 Mastercard transactions between 14:30 and 16:45 CET on Tuesday, all transactions ranging €45-€120. Customer states these are regular clients whose cards typically process without issue. Terminal diagnostics show successful connection to acquirer host and no communication timeouts logged."
"CS-000347",1767267,"2025-08-28","Declined Transaction","P2 - High","declined_transaction","Online checkout integration throwing error code ""ISSUER_NOT_RESPONDING"" for 8 out of 12 Visa Debit transactions attempted Saturday morning between 09:15-10:30 GMT, amounts €22.50 to €89.99. Merchant's payment gateway logs indicate request sent successfully but timeout after 45 seconds waiting for issuer authorization response. Merchant asking if this is a known issue with their PSP connection or if they need to contact their technical integration partner."
"CS-000348",54581,"2025-09-19","Declined Transaction","P1 - Critical","declined_transaction","PAX A920 terminal at restaurant location showing unusual pattern: 6 consecutive Maestro card declines Thursday evening service, response code 51 ""INSUFFICIENT FUNDS"" but customers insist cards working at ATM minutes before. Transaction amounts €67.80, €134.20, €89.50, €156.00, €78.90, €201.30. Merchant questions whether terminal is sending incorrect currency code or amount format to issuer."
"CS-000349",21875,"2025-07-10","Declined Transaction","P1 - Critical","declined_transaction","Clover Station Duo presenting intermittent ""CALL YOUR BANK"" message (response code 01) for mix of Visa and Mastercard transactions, approximately 40% decline rate Wednesday afternoon. Merchant notes successful transactions processing normally between declined attempts, same card schemes, similar amounts €30-€150. Terminal firmware version 1.24.8, last updated three weeks ago. Merchant suspects terminal memory or processing issue rather than genuine issuer declines."
"CS-000350",587,"2025-07-22","Declined Transaction","P2 - High","declined_transaction","E-commerce merchant reports our previous provider integration returning ""generic_decline"" for 23 transactions over weekend period, predominantly Visa Credit cards issued by French banks. Transaction values €15.99 to €299.00, all customers first-time purchasers. Merchant's fraud settings unchanged, 3DS authentication completing successfully before decline occurs. Merchant asking whether to advise customers to contact issuing bank or if acquirer-side issue exists."
"CS-000351",460781,"2025-08-28","Declined Transaction","P2 - High","declined_transaction","Clover Flex showing ""TRANSACTION NOT PERMITTED"" (response code 57) for 11 Cartes Bancaires transactions Monday morning between 08:00-09:30, amounts €12.50 to €45.00. Same terminal processed 34 successful CB transactions previous Friday without issue. Merchant reports terminal was powered off over weekend. Diagnostics show TMS parameters downloaded successfully on Monday startup, terminal ID and merchant ID verified correct."
"CS-000352",130702,"2025-08-20","Declined Transaction","P2 - High","declined_transaction","Retail merchant using Worldline Yomani XR terminal experiencing 60% decline rate for contactless Mastercard transactions Tuesday, all response code 05 ""DO NOT HONOUR,"" but same cards successful when chip inserted. Contactless transaction limit configured at €50, declined transactions range €8.50 to €48.00. Merchant questions whether contactless reader hardware failing or if issuer specifically declining contactless method."
"CS-000353",1217466,"2025-09-10","Declined Transaction","P2 - High","declined_transaction","Payment gateway API returning HTTP 200 but authorization_failed status for 17 Visa transactions Thursday between 19:00-21:30 CET, amounts €55 to €180. Merchant's logs show standard request format, all required fields populated, 3DS v2.2 authentication successful. Response includes decline code 05 but no additional issuer messaging. Merchant asks if batch of cards from specific issuing bank experiencing problems or if gateway routing issue exists."
"CS-000354",5401,"2025-09-03","Declined Transaction","P2 - High","declined_transaction","Clover Flex terminal at pharmacy displaying ""DECLINED 91 - ISSUER OR SWITCH INOPERATIVE"" for all transaction attempts Saturday morning 07:45-08:15, affecting Visa, Mastercard, and Maestro equally. 9 transactions attempted, amounts €18.50 to €127.80. Terminal shows full signal strength, successful connection test to acquirer. Merchant reports issue resolved spontaneously at 08:20 without intervention. Requesting explanation for 35-minute outage window."
"CS-000355",45745,"2025-08-01","Declined Transaction","P2 - High","declined_transaction","WooCommerce checkout with our previous provider plugin showing increased decline rate starting Wednesday: 31 declined of 87 attempted transactions over 48-hour period, baseline typically 8-10%. Mix of card schemes, issuer countries across EU, amounts €25 to €450. Response codes vary: 05, 51, 61 ""EXCEEDS WITHDRAWAL LIMIT."" Merchant's risk settings and velocity rules unchanged. Merchant asking whether our previous provider experiencing issuer connectivity issues or if merchant account flagged for additional screening."
"CS-000356",568016,"2025-09-09","Declined Transaction","P2 - High","declined_transaction","Clover Station Duo presenting ""NO RESPONSE FROM ISSUER"" message for 5 consecutive Mastercard Debit transactions Friday afternoon, amounts €89.00, €134.50, €67.20, €201.00, €156.80. Terminal log shows authorization requests timing out after 60 seconds. Subsequent Visa transaction processed successfully in 4 seconds. Merchant questions whether Mastercard network experiencing routing problems or terminal requires configuration update for Mastercard BIN ranges."
"CS-000357",6833,"2025-08-28","Declined Transaction","P2 - High","declined_transaction","Mobile payment terminal PAX A77 showing response code 14 ""INVALID CARD NUMBER"" for 4 different Visa cards Tuesday morning, but manual entry of same card numbers results in successful authorization. Contactless and chip read both triggering error. Amounts €45, €67.50, €23.80, €91.00. Merchant reports terminal dropped previous day, screen undamaged but questions whether card reader hardware compromised. Asking if terminal diagnostics can confirm reader malfunction versus legitimate issuer declines."
"CS-000358",206490,"2025-07-24","Declined Transaction","P1 - Critical","declined_transaction","Shopify Payments merchant reports 19 ""card_declined"" errors Sunday evening between 20:00-23:30 GMT, exclusively affecting Mastercard Credit cards issued by German banks. Transaction amounts €39.99 to €189.99, all digital goods purchases. Merchant's Shopify dashboard shows 3DS authentication completed successfully before decline. Standard response code 05 provided. Merchant asks whether specific issuer blocking merchant category code or if Mastercard network issue occurred during timeframe."
"CS-000359",18830,"2025-06-14","Declined Transaction","P2 - High","declined_transaction","Clover Flex terminal displaying ""DECLINED 12 - INVALID TRANSACTION"" for all Maestro transactions Wednesday, 14 attempts ranging €15.50 to €98.00. Same terminal processing Visa Debit and Mastercard Debit successfully. Terminal configuration shows Maestro enabled, application version 08.02.15. Merchant last processed successful Maestro transaction previous Wednesday. No terminal settings changed by merchant. Requesting verification of Maestro application parameters and whether re-initialization required."
"CS-000360",79419,"2025-06-28","Declined Transaction","P2 - High","declined_transaction","Payment gateway returning ""issuer_declined_cvv"" for 26 card-not-present transactions Thursday and Friday, but merchants notes CVV values verified correct by customers via phone. Amounts €50 to €320, mix of Visa and Mastercard. Gateway logs show CVV transmitted in authorization request. Merchant questions whether issuer CVV matching rules changed or if gateway CVV handling error exists. Merchant's CVV requirement settings unchanged for 8 months."
"CS-000361",8383,"2025-08-05","Declined Transaction","P1 - Critical","declined_transaction","Clover Station Duo at petrol station showing 45% decline rate for pre-authorization transactions Saturday, response code 51 ""INSUFFICIENT FUNDS"" for €150 pre-auth amount. Customers report adequate funds and cards working at other locations. Successful pre-auths completing normally between declined attempts. Terminal configured for fuel pre-authorization since installation 14 months ago. Merchant asks if issuer pre-auth policies changed or terminal sending incorrect transaction type indicator."
"CS-000362",1172425,"2025-08-13","Declined Transaction","P2 - High","declined_transaction","Mollie payment integration returning ""failed"" status with reason ""authentication_failed"" for 12 transactions Monday afternoon, but merchant's 3DS challenge flow completing successfully from customer perspective. Amounts €29.99 to €175.00, all Visa cards from various EU issuers. Mollie dashboard shows authentication_value present in request to issuer. Merchant questions whether issuer rejecting 3DS cryptogram or if Mollie's authentication implementation issue. Merchant's 3DS configuration unchanged since go-live."
"CS-000363",1467269,"2025-08-02","Declined Transaction","P2 - High","declined_transaction","Clover Flex presenting ""DECLINED 54 - EXPIRED CARD"" for 3 transactions Tuesday, but customers confirm cards valid until 2026 and 2027. Amounts €78.50, €123.00, €45.80. Terminal clock shows correct date and time. Merchant manually verified card expiry dates match customer statements. Chip read used for all three transactions. Merchant suspects terminal reading expiry date incorrectly from chip or transmitting in wrong format. Requesting terminal memory test and chip reader diagnostics."
"CS-000364",176602,"2025-09-26","Declined Transaction","P1 - Critical","declined_transaction","Magento 2 checkout with Braintree gateway showing spike in ""processor_declined"" responses Friday through Sunday: 41 declines of 103 attempts, normal rate 12-15%. Response code 2000 ""DO NOT HONOUR"" most common. Mix of Visa, Mastercard, Amex, amounts €35 to €580. Merchant's fraud tools show no unusual patterns, AVS and CVV matches normal distribution. Merchant questions whether Braintree routing transactions through different processor or if weekend issuer authorization rates typically lower. Merchant asking if they should adjust retry logic."
"CS-000365",41718,"2025-08-12","Declined Transaction","P1 - Critical","declined_transaction","PAX S920 terminal at hotel showing ""DECLINED 55 - INCORRECT PIN"" for 7 Visa Debit transactions Wednesday morning check-outs, amounts €180 to €450. Customers insist correct PIN entered, cards working at breakfast payment 30 minutes prior on different terminal. Same S920 terminal processed 12 successful PIN transactions Tuesday evening. Terminal PIN pad diagnostics show no hardware errors. Merchant questions whether PIN encryption key expired or terminal requires PIN pad re-synchronization with acquirer host."
"CS-000366",185765,"2025-06-17","Declined Transaction","P2 - High","declined_transaction","Checkout.com integration returning ""Declined - Do Not Honour"" for 18 transactions Thursday evening 18:00-20:30 CET, exclusively Mastercard Debit cards issued by Italian banks. Amounts €42 to €215, all existing customers with previous successful purchase history. 3DS v2 authentication successful, device fingerprinting shows low risk scores. Merchant's Checkout.com dashboard shows no account-level issues or holds. Merchant asks if specific Italian issuer experiencing authorization system problems or if Mastercard routing issue to Italian acquirers."
"CS-000367",126,"2025-08-26","Declined Transaction","P1 - Critical","declined_transaction","Clover Station Duo wireless terminal showing ""COMMUNICATION ERROR"" followed by ""DECLINED 91"" for 8 transactions Saturday afternoon, amounts €34.50 to €167.00. Terminal signal strength indicator shows 4 bars, successful ping to acquirer host. Mix of Visa and Mastercard. Merchant reports terminal located in same position as always, no building changes. Subsequent transaction attempts 45 minutes later processing successfully. Merchant questions whether acquirer host experienced temporary overload or if terminal's wireless modem degrading. Requesting connection quality logs for Saturday timeframe."
"CS-000368",1921362,"2025-08-28","Declined Transaction","P1 - Critical","declined_transaction","our previous provider Terminal integration with bbpos WisePad 3 reader showing ""card_declined"" for 14 transactions Monday, response code ""do_not_honor,"" amounts €28 to €134. Merchant's our previous provider dashboard indicates reader firmware current version, reader passing connection tests. Declined transactions include repeat customers whose cards processed successfully previous week same reader. Merchant asks whether our previous provider's issuer routing changed or if reader transmitting incorrect merchant descriptor causing issuer blocks. Merchant notes reader battery at 85% during decline period."
"CS-000369",995036,"2025-08-20","Declined Transaction","P2 - High","declined_transaction","Clover Flex GPRS terminal presenting ""DECLINED 61 - EXCEEDS WITHDRAWAL AMOUNT LIMIT"" for 6 Visa Credit transactions Friday, amounts €95 to €180. Merchant notes these amounts well below typical €500-1000 Visa Credit limits. Same customers successfully completed similar transactions previous month. Terminal configuration shows no transaction amount limits set at terminal level. Merchant questions whether issuer implementing new spending controls or terminal sending duplicate transaction indicator incorrectly. Requesting transaction log analysis to verify message format compliance."
"CS-000370",98809,"2025-07-03","Declined Transaction","P1 - Critical","declined_transaction","PrestaShop merchant using PayPlug gateway reports 22 ""refused"" transactions over 72-hour period starting Thursday, decline rate elevated from typical 11% to 28%. Response includes ""bank_refusal"" reason, code 05, mix of French and Belgian card issuers. Transaction amounts €18.99 to €249.00, product categories unchanged. Merchant's PayPlug account shows no fraud alerts or threshold breaches. Merchant asks if PayPlug's acquiring bank implementing stricter authorization rules or if merchant's risk profile under review. Merchant notes no recent chargebacks or disputes on account."
"CS-000371",579492,"2025-08-10","Declined Transaction","P2 - High","declined_transaction","Customer says 15 cards declined this morning between 9-11am, mostly Visa. Wants to know if it's our system because this never happens. Asked if we're having issues."
"CS-000372",675,"2025-08-21","Declined Transaction","P2 - High","declined_transaction","Merchant called - angry - says €450 transaction declined, customer's card works everywhere else, tried 3 times. Is this on us or what?"
"CS-000373",1262441,"2025-08-24","Declined Transaction","P2 - High","declined_transaction","Bakery owner reports 8 declines yesterday afternoon, all different customers, mix of Mastercard and Visa. Says terminal is fine, internet is fine, so what's the problem?"
"CS-000374",16595,"2025-08-01","Declined Transaction","P2 - High","declined_transaction","Restaurant getting ""do not honour"" on cards that are regulars, same cards worked last week. Three declines in lunch rush today. Need answer fast."
"CS-000375",407401,"2025-06-04","Declined Transaction","P2 - High","declined_transaction","Shop owner says Clover Flex declining everything over €200 since Tuesday. Smaller amounts go through fine. What's going on?"
"CS-000376",25877,"2025-09-07","Declined Transaction","P1 - Critical","declined_transaction","Merchant in Dublin - unusual declines Saturday morning, busy time, lost sales. Cards declined then customer tries again 10 minutes later and it works. Makes no sense."
"CS-000377",328050,"2025-07-07","Declined Transaction","P1 - Critical","declined_transaction","Getting ""issuer not responding"" errors on PAX terminal all day Thursday. Customer tried card at ATM across street and it worked. Is the connection bad?"
"CS-000378",1426020,"2025-06-10","Declined Transaction","P1 - Critical","declined_transaction","Café owner - 6 declines between 7-9am today, all contactless under €50. Customers annoyed, went elsewhere. Terminal problem or bank problem?"
"CS-000379",5026,"2025-08-05","Declined Transaction","P1 - Critical","declined_transaction","Merchant says €890 sale declined twice, customer called their bank, bank says they approved it. Who's blocking this? Need to know now."
"CS-000380",483684,"2025-08-04","Declined Transaction","P2 - High","declined_transaction","Pharmacy reporting declines on Wednesday evening, mostly Maestro cards. 11 failed transactions in 2 hours. Asked three times if it's our fault."
"CS-000381",2868,"2025-08-27","Declined Transaction","P1 - Critical","declined_transaction","Boutique owner - American Express cards all declined yesterday, 5 different customers. Visa and Mastercard fine. Amex issue or terminal issue?"
"CS-000382",8766,"2025-08-27","Declined Transaction","P2 - High","declined_transaction","Merchant called - frustrated - says weekend was disaster, 20+ declines, customers walking out. Wants compensation. Is this a known issue?"
"CS-000383",204555,"2025-07-15","Declined Transaction","P1 - Critical","declined_transaction","Newsagent getting ""do not honour"" responses since Monday on random transactions. €15, €23, €67 - no pattern. Terminal is Clover Station Duo. What gives?"
"CS-000384",964327,"2025-08-04","Declined Transaction","P2 - High","declined_transaction","Hotel front desk - guest's corporate card declined for €1,200 room charge. Guest furious, says card has €50k limit. Tried twice, both declined. Explanation needed."
"CS-000385",47299,"2025-08-06","Declined Transaction","P2 - High","declined_transaction","Butcher shop - Thursday morning 4 declines in a row, all Visa debit. Customers embarrassed, owner embarrassed. One customer showed him their banking app - funds available."
"CS-000386",177846,"2025-08-13","Declined Transaction","P2 - High","declined_transaction","Merchant says issuer timeout errors increasing last 3 days. 15 transactions affected. Customers getting impatient. Is the acquirer connection slow?"
"CS-000387",682,"2025-06-09","Declined Transaction","P2 - High","declined_transaction","Greengrocer - contactless payments failing Friday afternoon, chip and PIN working fine. 9 declines, all under €30. Customers don't understand why."
"CS-000388",1941640,"2025-06-12","Declined Transaction","P2 - High","declined_transaction","Bar owner - Saturday night €340 tab declined, customer tried 2 different cards, both declined. Customer paid cash but owner wants to know if terminal is faulty."
"CS-000389",796630,"2025-08-16","Declined Transaction","P2 - High","declined_transaction","Merchant in Lyon reporting Carte Bancaire declines Tuesday and Wednesday. 12 transactions, amounts between €45-€180. Other schemes processing normally."
"CS-000390",16470,"2025-07-10","Declined Transaction","P1 - Critical","declined_transaction","Florist - Mother's Day weekend - 17 declines out of 80 transactions. Disaster for busiest weekend of year. Demanding explanation and asking if we'll cover lost business."
"CS-000391",89940,"2025-08-22","Declined Transaction","P2 - High","declined_transaction","Deli owner says €67 transaction declined, got ""do not honour"", customer went to competitor next door and card worked there. Makes us look bad."
"CS-000392",30015,"2025-08-27","Declined Transaction","P1 - Critical","declined_transaction","Merchant with 2 terminals - one working fine, other declining 60% of transactions since yesterday. Both same model, both connected. Why the difference?"
"CS-000393",1771414,"2025-07-13","Declined Transaction","P1 - Critical","declined_transaction","Pharmacy - elderly customers' cards declining, very upsetting for them. 5 incidents Monday morning. Owner asking if we're blocking certain card types."
"CS-000394",1497435,"2025-09-26","Declined Transaction","P2 - High","declined_transaction","Tobacconist - small transactions €8-€25 declining randomly. 14 declines over 2 days. Customers annoyed, owner losing patience. Need fix urgently."
"CS-000395",1410257,"2025-08-04","Declined Transaction","P2 - High","declined_transaction","Merchant says issuer not responding errors happening every day now, 3-4 times daily. Asks if other merchants having same problem or just him."
"CS-000396",964342,"2025-07-06","Declined Transaction","P2 - High","declined_transaction","Merchant reports 47 declined transactions on Tuesday 14th June between 14:00 and 16:30, predominantly Mastercard, with decline code 05 (Do Not Honour). Average transaction value was €43.50. Merchant questions whether issue originates from their terminal or upstream."
"CS-000397",114328,"2025-08-17","Declined Transaction","P2 - High","declined_transaction","Customer called regarding Visa Debit cards being systematically refused on terminal PAX A920 since 09:15 this morning. Seventeen transactions attempted, amounts ranging from €12.80 to €156.00, all returning issuer timeout errors."
"CS-000398",170107,"2025-08-14","Declined Transaction","P1 - Critical","declined_transaction","Merchant in Lyon reports that three regular corporate customers had their cards declined today (Wednesday) for amounts of €890.00, €1,240.00 and €2,100.00 respectively. These same cards processed successfully last Friday. All three transactions returned response code 51."
"CS-000399",176905,"2025-08-16","Declined Transaction","P2 - High","declined_transaction","Unusual decline pattern observed: 23 Maestro transactions declined between €5.00 and €25.00 on Saturday 18th June, terminal Clover Flex 5000, all between 10:00 and 12:00. Merchant asks if terminal requires reconfiguration."
"CS-000400",205596,"2025-08-04","Declined Transaction","P2 - High","declined_transaction","Dublin-based merchant reports 100% decline rate on all card-not-present transactions since 08:00 GMT today, totaling 31 attempted transactions. Card-present transactions on same merchant account processing normally. Total attempted value: €4,567.80."
"CS-000401",1267255,"2025-08-05","Declined Transaction","P1 - Critical","declined_transaction","German merchant experiencing declined transactions exclusively on American Express cards since Monday morning. Eight declines recorded, amounts between €67.00 and €234.00. Visa and Mastercard processing without issue on same terminal."
"CS-000402",274743,"2025-07-13","Declined Transaction","P1 - Critical","declined_transaction","Merchant questions whether connectivity issue on their end after 12 consecutive declines Thursday afternoon, all returning ""Issuer or switch inoperative"" message. Transactions ranged from €15.50 to €89.00, mixed card schemes."
"CS-000403",648585,"2025-07-28","Declined Transaction","P2 - High","declined_transaction","Portuguese restaurant reports that four regular customers' cards declined during lunch service on 22nd June, transactions of €45.00, €52.50, €38.00 and €67.80. Same customers' cards worked previous week. All returned decline code 05."
"CS-000404",1,"2025-08-09","Declined Transaction","P2 - High","declined_transaction","Decline rate increased from typical 2% to 34% on Friday 10th June between 18:00 and 21:00. Total of 89 declined transactions out of 261 attempts. Merchant asks if issue is terminal-related or network-related."
"CS-000405",1708482,"2025-09-21","Declined Transaction","P2 - High","declined_transaction","Belgian merchant reports systematic declines on all transactions above €100.00 since Tuesday. Six attempts recorded: €125.00, €156.00, €189.00, €210.00, €145.00, €167.00. Transactions below €100.00 processing successfully."
"CS-000406",348640,"2025-07-24","Declined Transaction","P2 - High","declined_transaction","Terminal Clover Station Duo showing ""No response from issuer"" for 19 consecutive Visa transactions on Wednesday morning between 07:30 and 09:15. Amounts varied from €8.50 to €94.00. Merchant requests technical assessment."
"CS-000407",33058,"2025-08-26","Declined Transaction","P1 - Critical","declined_transaction","Austrian ski resort merchant reports 56 declined transactions on Saturday 4th June, predominantly international cards. Total attempted value €8,934.00. Merchant asks whether their account has geographic restrictions causing declines."
"CS-000408",1325841,"2025-06-13","Declined Transaction","P2 - High","declined_transaction","Spanish merchant experiencing intermittent declines since 11:00 today, affecting approximately 40% of transactions. 28 declines recorded so far, average amount €31.20. Mix of Visa and Mastercard, all returning timeout errors."
"CS-000409",276337,"2025-07-06","Declined Transaction","P2 - High","declined_transaction","Netherlands-based merchant reports that terminal has declined every transaction since 15:45, total of 14 attempts ranging from €6.00 to €178.00. Merchant restarted terminal twice without resolution and questions if issue is their equipment."
"CS-000410",538880,"2025-08-10","Declined Transaction","P2 - High","declined_transaction","Greek merchant reports unusual pattern: all contactless transactions under €50.00 processing normally, but five chip-and-PIN transactions declined today for amounts €52.00, €67.00, €89.00, €134.00 and €201.00. All decline code 51."
"CS-000411",306285,"2025-08-28","Declined Transaction","P1 - Critical","declined_transaction","Irish merchant questions whether their internet connection is causing issues after 23 transactions declined Monday between 13:00 and 14:30. All returned ""Transaction timeout"" message. Amounts between €12.00 and €156.00."
"CS-000412",982413,"2025-08-06","Declined Transaction","P1 - Critical","declined_transaction","Merchant reports three high-value transactions declined on Friday 17th June: €1,890.00, €2,340.00 and €3,100.00. Customer service manager confirmed all three cardholders have sufficient funds. All returned ""Do Not Honour"" response."
"CS-000413",702208,"2025-08-03","Declined Transaction","P1 - Critical","declined_transaction","Italian merchant experiencing 100% Mastercard decline rate since 16:00 today, while Visa transactions process normally. Eleven Mastercard attempts recorded, amounts from €23.00 to €167.00. Merchant asks if scheme-specific issue."
"CS-000414",16713,"2025-08-10","Declined Transaction","P2 - High","declined_transaction","Terminal Clover Flex 5000 showing elevated declines on Thursday: 41 declined out of 187 transactions, representing 22% decline rate versus typical 3%. Mixed schemes and amounts. Merchant requests investigation into whether terminal fault."
"CS-000415",569911,"2025-09-22","Declined Transaction","P1 - Critical","declined_transaction","French merchant reports that six regular business customers had cards declined for monthly recurring payments on 1st June, amounts of €450.00, €450.00, €675.00, €890.00, €1,200.00 and €1,450.00. Previous month's payments processed successfully."
"CS-000416",407,"2025-07-05","Declined Transaction","P2 - High","declined_transaction","Merchant in Brussels reports complete inability to process transactions between 09:00 and 10:30 on Wednesday. 34 attempted transactions all declined, total value €2,456.00. Service resumed at 10:30 without merchant intervention."
"CS-000417",582278,"2025-06-27","Declined Transaction","P2 - High","declined_transaction","German pharmacy reports 15 declined transactions on Monday morning, all for amounts between €8.90 and €34.50. Customers report cards work at other merchants. Terminal PAX A77, decline code 91 (Issuer or switch inoperative)."
"CS-000418",874771,"2025-07-27","Declined Transaction","P2 - High","declined_transaction","Portuguese merchant questions whether currency configuration issue after tourist cards systematically declined on Saturday. Eight non-Euro cards declined, amounts converted would be €45.00 to €234.00. Euro-denominated cards processing normally."
"CS-000419",369677,"2025-08-12","Declined Transaction","P1 - Critical","declined_transaction","Merchant reports that terminal declined 27 transactions on Tuesday 7th June between 11:00 and 13:00, all returning ""Card blocked"" message. Customers confirmed cards not blocked. Amounts ranged from €15.00 to €189.00."
"CS-000420",1328923,"2025-06-14","Declined Transaction","P2 - High","declined_transaction","Irish merchant experiencing elevated decline rate specifically on Visa Debit cards since Friday: 19 declines recorded over weekend, amounts €12.00 to €98.00. Visa Credit and other schemes processing normally. Merchant asks if routing issue."
"CS-000421",233018,"2025-08-03","Declined Transaction","P2 - High","declined_transaction","Merchant called in asking if there's something wrong with their setup because they've had 5 Visa cards declined this morning with ""do not honour"" messages and this doesn't usually happen. They want to know if it's their terminal or the bank's system."
"CS-000422",882,"2025-08-02","Declined Transaction","P2 - High","declined_transaction","Customer is wondering whether their PAX A920 might need some kind of update because since yesterday afternoon they're getting more declines than normal, maybe 8 or 9 out of about 40 transactions, mostly on Mastercard."
"CS-000423",7838,"2025-08-28","Declined Transaction","P2 - High","declined_transaction","Is there an issue with our network today? Merchant in Dublin says three different customers tried to pay around lunchtime and all got declined, amounts were €23.50, €45.00 and €67.80, and the customers said these cards work everywhere else."
"CS-000424",1747885,"2025-08-22","Declined Transaction","P2 - High","declined_transaction","Small café in Lyon asking if they did something wrong with their terminal settings because they had 4 declined transactions on Saturday morning between 9am and 11am, all showing ""issuer not responding"" on the screen."
"CS-000425",94120,"2025-08-21","Declined Transaction","P2 - High","declined_transaction","Merchant wants to check if the problem is on our end or theirs - they've processed about 30 transactions today but 6 came back declined with various error messages, which seems high for them."
"CS-000426",46328,"2025-08-17","Declined Transaction","P2 - High","declined_transaction","Restaurant in Munich called to ask whether their terminal is faulty because last night during dinner service they had an unusual spike in card declines, maybe 10-12 cards that customers insisted should work fine."
"CS-000427",1285195,"2025-08-23","Declined Transaction","P1 - Critical","declined_transaction","Is there a known issue with Visa transactions right now? Merchant says they've had 7 Visa declines this afternoon, amounts ranging from €15 to €120, and customers are getting frustrated."
"CS-000428",1,"2025-07-12","Declined Transaction","P2 - High","declined_transaction","Retailer in Amsterdam wondering if they need to do something differently because they're seeing ""do not honour"" responses on their Clover Flex for cards that their regular customers use successfully every week."
"CS-000429",219263,"2025-08-05","Declined Transaction","P1 - Critical","declined_transaction","Merchant asking for help understanding if this is normal - they had 3 declined transactions on Wednesday morning, all around €50-€60, and the cardholders seemed surprised their cards didn't work."
"CS-000430",8090,"2025-08-04","Declined Transaction","P2 - High","declined_transaction","Small shop in Brussels says they've had 6 card declines today out of maybe 25 attempts, which is much higher than their usual rate, and they want to know if it's something with their account or the payment system."
"CS-000431",1415135,"2025-08-05","Declined Transaction","P1 - Critical","declined_transaction","Is our connection working properly? Merchant reports that between 2pm and 4pm yesterday they had 5 transactions come back as ""issuer not responding"" and they're worried their internet might be causing problems."
"CS-000432",34382,"2025-09-23","Declined Transaction","P2 - High","declined_transaction","Pharmacy in Madrid asking whether there's a technical issue because they've processed €890 in successful payments today but also had 8 declines, which feels like a lot compared to normal days."
"CS-000433",384848,"2025-06-15","Declined Transaction","P1 - Critical","declined_transaction","Merchant wants to verify if their Clover Station Duo is configured correctly because they've noticed more ""do not honour"" messages in the past two days, approximately 4-5 per day when they usually see maybe one per week."
"CS-000434",478689,"2025-08-28","Declined Transaction","P2 - High","declined_transaction","Customer in Milan called to check if there's a problem with Mastercard processing because they had 6 Mastercard declines on Monday between 10am and 1pm, but Visa cards seemed to work fine."
"CS-000435",25654,"2025-06-01","Declined Transaction","P2 - High","declined_transaction","Boutique in Lisbon asking if they should be concerned - they had 9 declined transactions over the weekend, amounts between €30 and €200, and several customers complained that their cards work at other shops."
"CS-000436",214098,"2025-08-14","Declined Transaction","P2 - High","declined_transaction","Is there something wrong with how our system is communicating with the card issuers? Merchant says they're getting ""issuer not responding"" errors more frequently since Thursday, maybe 3-4 times per day."
"CS-000437",4811,"2025-08-20","Declined Transaction","P2 - High","declined_transaction","Merchant in Athens wondering if this is a terminal issue or a network issue because they've had 7 card declines today, including some from customers who shop there regularly without problems."
"CS-000438",99926,"2025-08-21","Declined Transaction","P1 - Critical","declined_transaction","Small hotel in Vienna asking for guidance - they processed 15 transactions yesterday but 4 were declined with ""do not honour"" and the guests were confused because they'd used the same cards earlier in the day elsewhere."
"CS-000439",206298,"2025-08-12","Declined Transaction","P2 - High","declined_transaction","Could there be a problem on our side? Merchant reports that on Friday afternoon they had an unusual cluster of declines, about 6 transactions between €25 and €85, all within a two-hour window."
"CS-000440",1807621,"2025-06-20","Declined Transaction","P2 - High","declined_transaction","Merchant wants to know if their PAX terminal needs servicing because they've seen 5 ""issuer not responding"" messages this week, which is more than they typically get in a month."
"CS-000441",2051,"2025-06-16","Declined Transaction","P2 - High","declined_transaction","Bakery in Cork asking whether the decline rate they're experiencing is normal - they've had 8 refused transactions since Tuesday, mostly in the morning rush between 7am and 9am, amounts under €20."
"CS-000442",48106,"2025-09-18","Declined Transaction","P1 - Critical","declined_transaction","Is there a system-wide issue affecting card authorizations? Merchant says they've had 10 declines over the past three days, mix of Visa and Mastercard, and they want to rule out problems with their own setup."
"CS-000443",817523,"2025-08-06","Declined Transaction","P2 - High","declined_transaction","Merchant in Antwerp wondering if they need to contact their internet provider because they're getting more ""issuer not responding"" errors than usual, maybe 4 yesterday and 3 already today before noon."
"CS-000444",973131,"2025-06-08","Declined Transaction","P2 - High","declined_transaction","Shop owner asking if there's anything they should check on their end - they had 5 declined transactions on Sunday afternoon, all different customers, amounts ranging from €18.50 to €95.00, and it seemed odd."
"CS-000445",427382,"2025-07-28","Declined Transaction","P2 - High","declined_transaction","Could our terminal be misconfigured somehow? Merchant reports they've had 6 ""do not honour"" declines since Monday morning, which is higher than normal, and they want to make sure everything is set up correctly on their account."
"CS-000446",2915,"2025-09-16","Declined Transaction","P2 - High","declined_transaction","Multi-site operator calling from Dublin and Cork locations - Dublin seeing 40% decline rate on Mastercard this morning while Cork running normal at 8%. Customer wants to know if issue is terminal-specific or network-wide."
"CS-000447",1633354,"2025-06-28","Declined Transaction","P2 - High","declined_transaction","Franchise owner reports their Amsterdam location processed €12,400 without issues yesterday but Rotterdam site had 23 consecutive declines between 14:00-16:00, all Visa debit cards showing ""issuer not responding."" Asking if we're seeing regional problems in Netherlands."
"CS-000448",2502,"2025-06-25","Declined Transaction","P2 - High","declined_transaction","Restaurant chain contact says their Milan restaurant can't process any transactions over €50 since Tuesday, but their Rome and Florence locations working fine on same Clover Flex. All three sites updated firmware last week."
"CS-000449",1309926,"2025-08-12","Declined Transaction","P2 - High","declined_transaction","Retail chain operator noting Berlin flagship store has normal 6% decline rate but two smaller Berlin locations showing 35% declines today, mostly ""do not honour"" responses. Wants confirmation whether issue is acquirer-side before calling terminal vendor."
"CS-000450",195880,"2025-08-10","Declined Transaction","P2 - High","declined_transaction","Coffee shop franchisee reports Lisbon airport location declined 18 cards in morning rush (07:00-09:00) while city centre shop processed 200+ transactions normally. Airport site using PAX A920, city using Clover Station Duo."
"CS-000451",1177914,"2025-08-24","Declined Transaction","P2 - High","declined_transaction","Hotel group says their Vienna property getting ""issuer not responding"" on 60% of transactions since midnight but Salzburg property running perfectly. Both locations process similar volumes, around €8,000 daily average."
"CS-000452",638067,"2025-08-24","Declined Transaction","P2 - High","declined_transaction","Petrol station operator with sites across Belgium - Antwerp location showing unusual pattern where cards under €75 process fine but anything above declining with ""do not honour."" Brussels and Ghent locations not experiencing same issue."
"CS-000453",29092,"2025-09-08","Declined Transaction","P2 - High","declined_transaction","Fast food franchisee reports their Barcelona location had 31 Mastercard declines between lunch service yesterday, all cards that customers claim worked at other merchants. Tarragona location same day processed 340 Mastercard transactions with only 4 declines."
"CS-000454",460989,"2025-07-02","Declined Transaction","P1 - Critical","declined_transaction","Shopping centre tenant calling about their Athens store - Friday and Saturday saw 50+ declines, mostly tourist cards, while their Thessaloniki store processed international cards without problems. Asking if Athens terminals need reconfiguration."
"CS-000455",919195,"2025-08-06","Declined Transaction","P2 - High","declined_transaction","Pharmacy chain contact says German locations all running normally but their three Austrian stores in Graz, Linz and Innsbruck all showing elevated decline rates since Monday morning. Approximately 25% decline rate versus usual 7-8%."
"CS-000456",539619,"2025-08-12","Declined Transaction","P2 - High","declined_transaction","Bar owner with venues in Dublin, Galway and Limerick - only Galway location experiencing issues, specifically with contactless transactions over €30 declining with ""do not honour"" since Thursday evening. Chip and PIN working fine same location."
"CS-000457",3419,"2025-08-28","Declined Transaction","P2 - High","declined_transaction","Clothing retailer reports their Porto store declined €4,200 in attempted sales yesterday afternoon, all Visa credit cards, while Lisbon store processed €18,000 in Visa transactions same timeframe. Porto manager asking if terminal needs replacement."
"CS-000458",111314,"2025-07-13","Declined Transaction","P2 - High","declined_transaction","Bakery chain operator noting their Brussels location processed morning rush perfectly but Bruges location had 40-minute period around 08:30 where every card transaction failed with ""issuer not responding."" Bruges terminal now working again but customer wants explanation."
"CS-000459",101477,"2025-08-24","Declined Transaction","P2 - High","declined_transaction","Gym chain contact says their Amsterdam Zuid location seeing 20% decline rate this week, up from normal 5%, while Amsterdam Centrum and Rotterdam locations maintaining normal rates. All using identical Clover Flex terminals and processing similar transaction values."
"CS-000460",1970406,"2025-07-22","Declined Transaction","P2 - High","declined_transaction","Restaurant group reports their Nice location can't process any Maestro cards today, all declining immediately, but Paris and Lyon locations processing Maestro without issues. Nice location handles many German and Dutch tourists who typically use Maestro."
"CS-000461",96818,"2025-09-10","Declined Transaction","P2 - High","declined_transaction","Convenience store franchisee with five locations across Ireland - only their Cork airport shop experiencing problems, specifically Saturday morning 06:00-10:00 had 67 declines. Other Cork city locations and Dublin locations processed normally same timeframe."
"CS-000462",1524845,"2025-08-07","Declined Transaction","P2 - High","declined_transaction","Electronics retailer says their Munich store declined 12 transactions over €500 yesterday, all showing ""do not honour,"" while Stuttgart store processed 8 transactions over €1,000 without any declines. Munich manager concerned about losing high-value sales."
"CS-000463",135,"2025-08-28","Declined Transaction","P2 - High","declined_transaction","Café chain operator reports their Madrid location working perfectly but Seville location showing strange pattern - mornings fine, but every afternoon between 15:00-18:00 seeing 40-50% decline rate. Pattern repeated Monday through Wednesday this week."
"CS-000464",68031,"2025-07-22","Declined Transaction","P2 - High","declined_transaction","Bookshop owner with stores in Dublin and Galway says Galway location had 28 declines on Sunday afternoon, mostly UK-issued cards, while Dublin location processed 15 UK cards without problems. Galway uses PAX terminals, Dublin uses Clover Station Duo."
"CS-000465",126401,"2025-07-27","Declined Transaction","P2 - High","declined_transaction","Supermarket chain contact noting their three Belgian stores all normal but single Luxembourg store showing 30% decline rate since yesterday morning. Luxembourg store processes higher average transaction values, typically €80-120 versus €40-60 in Belgian stores."
"CS-000466",43106,"2025-08-14","Declined Transaction","P1 - Critical","declined_transaction","Fashion boutique operator says their Milan store declined 19 American Express cards on Saturday, all tourists, while their Florence store processed 34 Amex transactions same day. Milan terminal showing ""issuer not responding"" for most Amex attempts."
"CS-000467",164,"2025-08-22","Declined Transaction","P1 - Critical","declined_transaction","Pharmacy franchisee with locations in Athens and Patras - Athens store seeing normal operations but Patras store had complete failure processing any cards between 11:00-13:00 today, then suddenly started working again. Patras manager asking if network outage occurred."
"CS-000468",1497677,"2025-06-03","Declined Transaction","P2 - High","declined_transaction","Restaurant owner operating in Porto and Faro says Porto location declined €2,800 in attempted transactions Monday evening, mix of Visa and Mastercard, while Faro location same evening processed €6,400 without unusual declines. Both locations using same terminal model."
"CS-000469",444972,"2025-07-14","Declined Transaction","P1 - Critical","declined_transaction","Newsagent chain reports their three Dublin locations all fine but single Waterford location showing elevated declines specifically on contactless transactions under €50 since Tuesday. Chip transactions working normally at Waterford site."
"CS-000470",25085,"2025-09-12","Declined Transaction","P2 - High","declined_transaction","Hotel chain contact says their Frankfurt property processed €45,000 yesterday with normal 5% decline rate but Hamburg property processed only €28,000 with 22% decline rate, mostly ""do not honour"" responses on international cards. Both properties similar size and guest profile."
"CS-000471",656564,"2025-08-15","Declined Transaction","P1 - Critical","declined_transaction","Merchant reports elevated decline rate of approximately 35% since 14:00 CET today, primarily affecting Mastercard transactions between €50-€150. Business operates a café in Dublin city centre and confirms their internet connection is stable. Customer inquiring whether issue originates from their terminal or upstream systems."
"CS-000472",12263,"2025-08-07","Declined Transaction","P1 - Critical","declined_transaction","German retailer in Munich experiencing unusual pattern of ""Do Not Honour"" responses from multiple issuers starting Monday morning. Transaction values range from €15 to €200, affecting both debit and credit cards across Visa and Mastercard schemes. Merchant concerned about lost revenue during peak trading hours."
"CS-000473",1718788,"2025-09-27","Declined Transaction","P1 - Critical","declined_transaction","Portuguese restaurant in Lisbon reports that five regular customers' cards were declined this evening between 19:30 and 21:00, all previously successful on their Clover Flex 5000 terminal. Amounts involved were €45, €67, €89, €120, and €34. Merchant seeking clarification on whether their acquiring connection is functioning correctly."
"CS-000474",559612,"2025-08-03","Declined Transaction","P1 - Critical","declined_transaction","Belgian pharmacy chain experiencing 28 declined transactions out of 94 attempts today, representing a significant deviation from their normal 8% decline rate. Issue appears concentrated on Maestro cards issued by Dutch banks. Merchant requesting urgent investigation as this impacts essential purchases."
"CS-000475",206704,"2025-08-14","Declined Transaction","P1 - Critical","declined_transaction","Austrian ski equipment retailer reports complete lack of response from certain card issuers since 11:00 CET, resulting in transaction timeouts. Affected approximately 15 transactions averaging €300 each. Merchant has rebooted terminal twice without resolution and seeks confirmation of acquirer-side issues."
"CS-000476",11456,"2025-08-24","Declined Transaction","P2 - High","declined_transaction","French boutique in Lyon experiencing declined transactions exclusively on American Express cards since Wednesday afternoon. Seven attempts between €80-€450 all returned decline codes. Merchant confirms Visa and Mastercard processing normally and questions whether their Amex acceptance configuration requires attention."
"CS-000477",517,"2025-08-12","Declined Transaction","P2 - High","declined_transaction","Irish pub in Galway reports 22 declines between 16:00-18:00 Friday, predominantly affecting contactless payments under €50. Merchant notes these are regular patrons whose cards typically process successfully. Business impact significant during busy evening period."
"CS-000478",1078794,"2025-08-08","Declined Transaction","P1 - Critical","declined_transaction","Spanish grocery store in Barcelona experiencing ""Issuer Not Responding"" errors on their Clover Station Duo terminal affecting approximately 40% of transactions since morning opening. Merchant processed €2,400 in cash as alternative but concerned about customer experience and potential lost sales."
"CS-000479",217174,"2025-09-12","Declined Transaction","P1 - Critical","declined_transaction","Netherlands-based electronics retailer reports unusual decline pattern affecting only transactions above €500 since Tuesday. Twelve high-value purchases declined across multiple card schemes. Merchant seeking confirmation whether velocity limits or fraud controls have been modified on their account."
"CS-000480",1517561,"2025-07-02","Declined Transaction","P2 - High","declined_transaction","Italian restaurant group operating four locations in Rome reports synchronized decline issues across all sites starting 20:00 local time. Approximately 60 transactions affected, average value €75. Merchant questions whether this indicates a systemic acquirer platform issue rather than individual terminal problems."
"CS-000481",859829,"2025-08-04","Declined Transaction","P2 - High","declined_transaction","Greek hotel in Athens experiencing declined pre-authorizations for room deposits of €150 throughout the day. Eight guests affected, causing operational difficulties at check-in. Merchant confirms terminal displays are showing generic decline messages without specific reason codes."
"CS-000482",12802,"2025-08-27","Declined Transaction","P1 - Critical","declined_transaction","German bakery chain reports 18% decline rate on Saturday morning versus typical 5%, affecting small-value transactions between €3-€15. Merchant concerned about queue lengths and customer frustration during busiest trading period of the week."
"CS-000483",1945407,"2025-08-24","Declined Transaction","P2 - High","declined_transaction","Belgian restaurant in Antwerp reports that six business lunch transactions between €25-€40 were declined Thursday between 12:30-13:15, all corporate cards from major issuers. Merchant seeking clarification whether commercial card routing has been affected."
"CS-000484",1693310,"2025-07-08","Declined Transaction","P2 - High","declined_transaction","Portuguese pharmacy experiencing complete transaction failures on their PAX A920 terminal since 15:45, with no successful authorizations in past 90 minutes. Merchant has processed €340 in cash but turning away customers without alternative payment methods. Urgent investigation requested regarding acquirer connectivity."
"CS-000485",92111,"2025-08-01","Declined Transaction","P1 - Critical","declined_transaction","French wine merchant in Bordeaux reports elevated ""Do Not Honour"" responses specifically on UK-issued cards since Brexit-related payment scheme changes. Fifteen transactions between €60-€300 affected over three days. Merchant seeking clarification on cross-border transaction handling."
"CS-000486",474848,"2025-08-06","Declined Transaction","P2 - High","declined_transaction","Irish hardware store experiencing declined transactions exclusively during morning hours 08:00-10:00 for past three days. Afternoon processing operates normally. Approximately 25 transactions affected daily, average value €85. Merchant questions whether scheduled maintenance windows are impacting service availability."
"CS-000487",943952,"2025-08-14","Declined Transaction","P2 - High","declined_transaction","Austrian hotel in Vienna reports that seven room charges to guest folios were declined overnight between 02:00-04:00, all automatic billing for mini-bar and room service. Amounts range €12-€45. Merchant concerned about reconciliation issues and guest disputes."
"CS-000488",31791,"2025-08-24","Declined Transaction","P2 - High","declined_transaction","Spanish fashion retailer in Madrid experiencing 45 declines on their Clover Flex 5000 terminal during Saturday afternoon, their highest-traffic period. Transaction values €30-€250, affecting approximately 30% of payment attempts. Merchant estimates €3,800 in lost sales and requests root cause analysis."
"CS-000489",655817,"2025-08-28","Declined Transaction","P2 - High","declined_transaction","Dutch flower shop reports that ten regular weekly customers experienced card declines Tuesday morning, all previously successful recurring transactions. Amounts consistently around €25-€35 for subscription deliveries. Merchant seeking confirmation whether tokenized card credentials require updating."
"CS-000490",24577,"2025-08-28","Declined Transaction","P1 - Critical","declined_transaction","Greek taverna in Santorini experiencing declined tourist cards from German and Austrian issuers specifically. Eighteen transactions affected between €40-€120 during evening service. Merchant questions whether international interchange routing has been disrupted."
"CS-000491",744262,"2025-08-10","Declined Transaction","P1 - Critical","declined_transaction","German pharmacy in Frankfurt reports intermittent ""Issuer Not Responding"" errors affecting approximately one in four transactions since 09:00. Merchant has €1,200 in pending sales awaiting resolution. Customer inquiring whether they should switch to backup terminal or await system recovery."
"CS-000492",1643466,"2025-08-11","Declined Transaction","P2 - High","declined_transaction","Belgian chocolate shop experiencing unusual decline pattern on their Clover Flex terminal affecting only Visa Debit cards. Thirteen transactions between €15-€80 declined Thursday afternoon. Visa Credit and all Mastercard products processing successfully. Merchant requesting scheme-specific investigation."
"CS-000493",667619,"2025-08-20","Declined Transaction","P2 - High","declined_transaction","Portuguese hotel in Porto reports that nine advance deposit transactions for upcoming reservations were declined, amounts €200-€500 each. Merchant concerned about booking cancellations if payment issues persist. All cards verified as valid through alternative channels."
"CS-000494",617692,"2025-07-17","Declined Transaction","P1 - Critical","declined_transaction","Irish convenience store experiencing 40% decline rate on contactless transactions under €30 since Friday morning, while chip-and-PIN transactions process normally. Approximately 55 declined taps across 140 attempts. Merchant questions whether contactless acceptance parameters have changed."
"CS-000495",56903,"2025-07-23","Declined Transaction","P1 - Critical","declined_transaction","French bistro in Paris reports complete payment system failure between 13:00-13:45 during lunch rush, affecting an estimated €1,600 in sales. Terminal subsequently recovered but merchant received no error messages during outage. Seeking explanation for service interruption and assurance of system stability."
"CS-000496",861638,"2025-08-27","Declined Transaction","P2 - High","declined_transaction","Merchant calling back regarding declined Mastercard transactions first reported on Tuesday. States that between 14:00-16:00 today another wave of ""Do Not Honour"" responses occurred, affecting approximately 15 transactions totaling €847. Customer is frustrated and asking if we've identified the root cause yet."
"CS-000497",229682,"2025-08-27","Declined Transaction","P2 - High","declined_transaction","Follow-up from yesterday's ticket about Visa debit refusals at their Dublin location. Merchant reports the issue has returned this morning with 8 declines between 09:30-10:45, all showing issuer timeout errors. They're asking whether they should switch to their backup terminal."
"CS-000498",17890,"2025-08-05","Declined Transaction","P1 - Critical","declined_transaction","Second contact from this Portuguese merchant about intermittent card acceptance problems. Today they experienced another cluster of declines around lunchtime, specifically affecting Maestro cards on their Clover Flex 5000 terminal, with amounts ranging from €12 to €65."
"CS-000499",2756,"2025-08-09","Declined Transaction","P2 - High","declined_transaction","Merchant phoning again about the authorization issues we discussed last Thursday. Reports that Saturday evening saw a repeat of the problem with 22 declined transactions between 19:00-21:30, mostly Visa credit cards, all returning response code 05. Asking if this is a terminal fault or network issue."
"CS-000500",152934,"2025-08-09","Declined Transaction","P2 - High","declined_transaction","Return call regarding unusual decline rates first logged three days ago. Merchant in Amsterdam confirms the pattern has repeated this afternoon with their Clover Station Duo rejecting cards that customers claim worked elsewhere today. Total of 11 failures out of 28 attempts between 13:00-15:00."
"CS-000501",215577,"2025-07-28","Declined Transaction","P2 - High","declined_transaction","Belgian merchant following up on unresolved case from Monday about issuer non-response errors. States the problem recurred this morning affecting 6 transactions totaling €423, all Mastercard credit, all timing out after 45 seconds. Merchant asking whether we've escalated to the card schemes yet."
"CS-000502",209838,"2025-08-23","Declined Transaction","P2 - High","declined_transaction","Second report from this Athens-based merchant regarding declined Visa transactions. Between 10:15-11:30 today they had another series of ""Do Not Honour"" responses, affecting 9 customers with transaction values between €18-€156. Merchant insists their terminal settings haven't changed since our last conversation."
"CS-000503",5,"2025-07-20","Declined Transaction","P2 - High","declined_transaction","Merchant calling back about the authorization failures we investigated last week without resolution. This morning's batch included 14 declines on their PAX A920 terminal, concentrated between 08:00-09:00, with multiple card schemes affected. They're asking if the issue is on the acquiring side."
"CS-000504",23364,"2025-08-25","Declined Transaction","P2 - High","declined_transaction","Follow-up contact regarding intermittent decline issues first reported on Wednesday. Merchant in Lyon reports another occurrence yesterday evening with 17 Mastercard transactions refused between 18:30-20:00, all showing response code 51 insufficient funds, which customers disputed. Asking whether issuer banks are having technical problems."
"CS-000505",489922,"2025-08-15","Declined Transaction","P2 - High","declined_transaction","Repeat case from German merchant about cards being declined that previously worked. Today between 11:00-13:00 they experienced another wave affecting their Clover Flex 5000, with 19 transactions totaling €1,247 all returning ""Do Not Honour"" responses. Merchant demanding to know if we've found the cause yet."
"CS-000506",1159854,"2025-07-12","Declined Transaction","P1 - Critical","declined_transaction","Second call from this Milan merchant regarding authorization timeouts. Reports that Sunday afternoon saw a recurrence with 8 Visa debit cards failing to authorize, all transactions under €50, all showing issuer not responding after 60 second wait. Asking if they need a terminal replacement."
"CS-000507",487151,"2025-09-15","Declined Transaction","P2 - High","declined_transaction","Merchant following up on Thursday's unresolved ticket about elevated decline rates. States that this morning between 07:30-09:00 another 12 transactions were refused on their Clover Station Duo, mix of Maestro and Visa debit, amounts ranging €8-€94. Customer wants confirmation whether this is a merchant account issue."
"CS-000508",1409064,"2025-08-14","Declined Transaction","P2 - High","declined_transaction","Return contact from Irish merchant about recurring card refusal problems. Yesterday they had another incident with 21 declined transactions between 15:00-17:30, predominantly Mastercard credit cards, all returning response code 05. Merchant asking whether our payment gateway is experiencing issues."
"CS-000509",182939,"2025-08-04","Declined Transaction","P2 - High","declined_transaction","Second report from this Spanish merchant regarding the authorization failures we discussed last Tuesday. Today's occurrence involved 16 declines between 12:00-14:00 on their PAX S920 terminal, total attempted value €923, all showing ""Transaction Not Permitted"" responses. They're questioning whether their terminal configuration is correct."
"CS-000510",274,"2025-08-15","Declined Transaction","P1 - Critical","declined_transaction","Follow-up from Austrian merchant about intermittent issuer timeout errors first logged five days ago. Reports another cluster this afternoon with 7 Visa transactions failing to complete, all hanging for over 50 seconds before declining. Merchant asking if we've received any updates from the card networks."
"CS-000511",1191074,"2025-07-26","Declined Transaction","P1 - Critical","declined_transaction","Merchant calling again about the unusual decline pattern we investigated last week. This morning between 09:00-10:30 they experienced another batch of 13 refusals, all Mastercard debit, all response code 51, with customers insisting they have sufficient funds. Asking whether the problem is with our acquiring platform."
"CS-000512",141431,"2025-08-20","Declined Transaction","P2 - High","declined_transaction","Second contact from Netherlands merchant regarding cards being rejected that normally process successfully. Saturday between 14:00-16:30 saw a repeat with 18 declined transactions on their Clover Flex, mix of schemes, total value €1,156. Merchant wants to know if other clients are experiencing similar issues."
"CS-000513",1372660,"2025-09-27","Declined Transaction","P2 - High","declined_transaction","Return call about the ""Do Not Honour"" responses we discussed on Monday without reaching a conclusion. Merchant reports that yesterday evening another 10 transactions were declined between 19:30-21:00, all Visa credit cards, amounts between €45-€180. They're asking if we've identified whether this is an issuer-side problem."
"CS-000514",852678,"2025-07-09","Declined Transaction","P1 - Critical","declined_transaction","Follow-up from Portuguese merchant about recurring authorization timeouts. Today between 11:30-13:00 they had another incident with 9 Maestro cards showing issuer not responding errors on their Clover Station Duo terminal. Merchant questioning whether they should contact their internet service provider about connectivity."
"CS-000515",1252761,"2025-09-20","Declined Transaction","P2 - High","declined_transaction","Merchant phoning back regarding the elevated decline rates first reported last Wednesday. This morning's occurrence included 20 refused transactions between 08:30-10:00, predominantly Mastercard, all returning response code 05, total attempted value €1,389. Customer demanding escalation to senior technical team."
"CS-000516",108508,"2025-06-08","Declined Transaction","P2 - High","declined_transaction","Second report from Greek merchant about intermittent card acceptance issues. Yesterday afternoon between 15:30-17:30 another wave of declines occurred, affecting 14 transactions on their PAX A77 terminal, mix of Visa and Mastercard, all showing ""Transaction Not Permitted"" messages. Asking if this could be a terminal software issue."
"CS-000517",255,"2025-06-16","Declined Transaction","P1 - Critical","declined_transaction","Return contact from Belgian merchant regarding the issuer non-response problems we investigated last Friday. Reports that this morning between 10:00-11:30 another 11 transactions timed out, all Visa debit cards, all amounts under €100. Merchant asking whether we've confirmed the issue isn't with their merchant account settings."
"CS-000518",331503,"2025-08-12","Declined Transaction","P2 - High","declined_transaction","Follow-up call about the unusual ""Do Not Honour"" responses affecting this French merchant's location. Today between 13:00-15:30 they experienced another cluster with 16 Mastercard credit transactions declined, total value €1,634, with several customers showing proof of available credit. Merchant asking if the acquiring bank has been notified."
"CS-000519",359676,"2025-09-23","Declined Transaction","P2 - High","declined_transaction","Merchant calling again about the card refusal pattern first logged six days ago. This afternoon their Clover Flex 3500 terminal declined 12 transactions between 16:00-17:30, all Visa cards, all response code 51, which customers claim is incorrect. They're asking whether this requires a terminal parameter update."
"CS-000520",236033,"2025-06-24","Declined Transaction","P2 - High","declined_transaction","Second contact from this German merchant regarding recurring authorization failures. Sunday morning between 10:30-12:00 saw another occurrence with 15 declined transactions, mix of Maestro and Mastercard debit, amounts ranging €15-€125, all showing issuer timeout errors. Merchant requesting confirmation of whether the issue has been escalated to the card schemes."
"CS-000521",2808,"2025-06-03","Fee Query","P4 - Low","interchange_fee_query","Merchant called re: interchange on Mastercard debit transaction €127.40 processed 14-Mar significantly higher than similar Visa debit same day. Requested breakdown showing rate applied and reason for difference."
"CS-000522",5163,"2025-07-06","Fee Query","P3 - Medium","interchange_fee_query","Fee query for account ending 4782. Wants to know why interchange fee on premium credit card €0.89 vs standard debit €0.12 for similar transaction amounts. Explained card type and issuer bank determine interchange."
"CS-000523",1414782,"2025-06-01","Fee Query","P3 - Medium","interchange_fee_query","Spanish merchant questioning acquirer margin increase noticed in July statement. Claims margin was 0.18% in Q3 now showing 0.24%. Need to review contract anniversary date and pricing schedule."
"CS-000524",151130,"2025-06-22","Fee Query","P3 - Medium","interchange_fee_query","Merchant disputes €47.20 in scheme fees on June statement covering 1,840 transactions. Asked for itemized breakdown of Mastercard vs Visa scheme components."
"CS-000525",711708,"2025-07-15","Fee Query","P3 - Medium","interchange_fee_query","Query from Belgian account about single transaction on 22-Jan showing interchange €2.14 on €95 sale. Merchant says this is 2.25% which seems excessive for domestic debit card. Investigating card origin."
"CS-000526",68452,"2025-09-27","Fee Query","P3 - Medium","interchange_fee_query","Requesting full fee breakdown for September including all interchange, scheme fees, and acquirer charges. Merchant preparing year-end accounts and needs granular data for reconciliation."
"CS-000527",166775,"2025-06-02","Fee Query","P3 - Medium","interchange_fee_query","Portuguese merchant challenging €156 in cross-border interchange fees from June. Claims all transactions were domestic but statement shows international card usage. Reviewing transaction logs."
"CS-000528",730,"2025-08-22","Fee Query","P4 - Low","interchange_fee_query","Account holder noticed Visa credit interchange rate 1.15% but competitor quoted 0.95%. Wants explanation of rate differential and whether renegotiation possible given 18-month relationship and €45K monthly volume."
"CS-000529",470093,"2025-07-02","Fee Query","P3 - Medium","interchange_fee_query","German merchant asking why Saturday evening transaction at 23:47 on terminal PAX A920 incurred higher interchange than weekday morning transactions. Explained card-not-present vs present distinction after reviewing details."
"CS-000530",671278,"2025-09-02","Fee Query","P4 - Low","interchange_fee_query","Fee dispute on €3.40 interchange for single €180 Mastercard World Elite transaction processed 08-Mar. Merchant unaware premium cards carry higher rates. Sent fee schedule documentation."
"CS-000531",523750,"2025-09-03","Fee Query","P4 - Low","interchange_fee_query","Irish account querying total scheme fees €89.50 for June vs €67.30 in September despite similar transaction counts 2,100 vs 2,050. Checking for scheme fee adjustments effective new year."
"CS-000532",267917,"2025-06-25","Fee Query","P4 - Low","interchange_fee_query","Merchant wants breakdown explaining difference between blended rate quoted 1.35% and effective rate 1.52% shown on statement. Need to clarify interchange variability and scheme fee calculation methodology."
"CS-000533",18516,"2025-07-17","Fee Query","P3 - Medium","interchange_fee_query","Netherlands account questioning why corporate Visa card transaction €340 on 15-Feb had interchange €4.76 while consumer card €350 same day was €3.85. Card category explanation required."
"CS-000534",4369,"2025-08-04","Fee Query","P4 - Low","interchange_fee_query","Austrian merchant received statement showing €234 in Mastercard scheme fees for June covering 4,200 transactions. Requesting per-transaction cost breakdown and comparison to Visa equivalent."
"CS-000535",92,"2025-06-27","Fee Query","P4 - Low","interchange_fee_query","Query about acquirer margin charged on refunds. Merchant processed €1,240 in refunds during May and noticed margin applied to these. Asking if this is standard practice per agreement terms."
"CS-000536",371899,"2025-08-08","Fee Query","P4 - Low","interchange_fee_query","French account challenging interchange on contactless transaction €48 processed Tuesday morning showing higher rate than chip-and-PIN transaction €52 same terminal same day. Reviewing transaction data."
"CS-000537",336279,"2025-08-04","Fee Query","P4 - Low","interchange_fee_query","Merchant asking why interchange fees totaled €890 in July when transaction volume €67,000 was lower than June €71,000 which had interchange €820. Checking card mix and international percentage."
"CS-000538",772685,"2025-09-04","Fee Query","P3 - Medium","interchange_fee_query","Italian account wants explanation of €12.50 Visa assessment fee appearing on August statement. Merchant unfamiliar with scheme assessment charges separate from interchange."
"CS-000539",19063,"2025-09-03","Fee Query","P4 - Low","interchange_fee_query","Greek merchant questioning single transaction 19-Apr showing combined fees €6.20 on €200 sale which is 3.1% total. Requesting itemized split of interchange, scheme, and acquirer components."
"CS-000540",553,"2025-08-13","Fee Query","P4 - Low","interchange_fee_query","Account holder comparing two Mastercard debit transactions same amount €75 processed three hours apart on terminal Clover Flex 5000 showing different interchange €0.68 and €0.82. Investigating issuer bank difference."
"CS-000541",1478209,"2025-07-07","Fee Query","P4 - Low","interchange_fee_query","Belgian merchant requesting complete fee analysis for Q3 broken down by card scheme, domestic vs cross-border, debit vs credit. Considering terminal upgrade and wants cost-benefit data."
"CS-000542",1810511,"2025-09-07","Fee Query","P4 - Low","interchange_fee_query","Dispute regarding €445 in total fees for September on account processing €28,000 volume. Merchant calculates this as 1.59% but contract states 1.45%. Reconciliation needed."
"CS-000543",164360,"2025-09-24","Fee Query","P4 - Low","interchange_fee_query","Spanish account asking why American Express transactions not appearing on standard statement and whether separate fees apply. Explained OptBlue vs direct Amex processing structure."
"CS-000544",62323,"2025-09-05","Fee Query","P3 - Medium","interchange_fee_query","Merchant noticed interchange rate increase on Visa consumer credit cards from 1.05% to 1.15% effective September. Asking if this is scheme-mandated change or acquirer adjustment. Checking IFR updates."
"CS-000545",1558860,"2025-06-24","Fee Query","P3 - Medium","interchange_fee_query","Portuguese account querying €23.80 in authorization fees on September statement covering 340 transactions. Wants clarification on when authorization fees apply separately from interchange and scheme fees."
"CS-000546",20,"2025-06-22","Fee Query","P3 - Medium","interchange_fee_query","Merchant called regarding a €2.47 interchange fee applied to a Mastercard Debit transaction processed on their Clover Flex terminal on Tuesday at 14:23. They noted that a similar €45.80 transaction from the same day using a Visa Debit card only incurred a €0.89 interchange fee and requested a technical explanation for the discrepancy between the two card schemes' fee structures."
"CS-000547",21633,"2025-06-03","Fee Query","P4 - Low","interchange_fee_query","Case opened after merchant submitted a detailed spreadsheet comparing interchange costs across 847 transactions in June. Specifically questioning why consumer credit cards issued in Belgium attract a 1.15% interchange versus 0.20% for debit cards when both transactions were contactless and processed through the same PAX A920 terminal at their Brussels location."
"CS-000548",96298,"2025-08-15","Fee Query","P4 - Low","interchange_fee_query","Merchant disputes a €127.34 scheme fee line item appearing on their June statement. They operate three Clover Station Duo terminals and processed 2,340 transactions that month, claiming the scheme fee calculation doesn't align with the rate card provided during onboarding. Requesting granular breakdown showing per-transaction scheme fees split by Visa, Mastercard, and domestic schemes."
"CS-000549",584923,"2025-07-23","Fee Query","P4 - Low","interchange_fee_query","Query raised about acquirer margin variance observed on their online checkout integration. Merchant notes that transactions processed via their our previous provider-connected payment gateway on Saturday evenings between 20:00-23:00 show a 0.35% acquirer margin, while Sunday morning transactions from 08:00-12:00 reflect 0.28%. Asking if weekend processing triggers different margin tiers."
"CS-000550",20504,"2025-09-12","Fee Query","P4 - Low","interchange_fee_query","Merchant operating in Porto contacted support after noticing a €4.12 interchange charge on a single €68.00 Maestro transaction from Wednesday. Their Clover Flex terminal log shows the card was inserted with PIN entry, yet the interchange rate applied appears consistent with card-not-present pricing. Requesting investigation into potential terminal misconfiguration."
"CS-000551",93065,"2025-09-07","Fee Query","P4 - Low","interchange_fee_query","Support case for German merchant challenging the blended rate calculation on their September statement. They processed 1,456 transactions totaling €89,234.00 across two Clover Flex terminals and claim the effective interchange rate of 1.42% exceeds the weighted average they calculated manually based on their card mix of 67% debit, 33% credit."
"CS-000552",4664,"2025-06-25","Fee Query","P4 - Low","interchange_fee_query","Merchant questions why a €210.00 corporate Visa credit card transaction processed at 09:15 on Monday incurred €3.78 in interchange fees while a €205.00 consumer Visa credit transaction at 16:42 the same day only cost €2.87. Both were chip-and-PIN on their PAX S920 terminal. Requesting clarification on corporate card interchange differentials."
"CS-000553",581580,"2025-06-28","Fee Query","P3 - Medium","interchange_fee_query","Case logged for Irish merchant requesting complete fee breakdown for Q3 2024. They operate five Clover Station Duo terminals across two locations in Dublin and Cork, processing approximately 4,200 transactions monthly. Specifically want to understand the €847.23 in cumulative scheme fees and how these are calculated relative to transaction volume versus transaction value."
"CS-000554",516719,"2025-09-09","Fee Query","P3 - Medium","interchange_fee_query","Merchant called about unexpected interchange costs on their our previous provider Air terminal during the first week of June. They processed 89 transactions totaling €3,456.00 and noticed that 12 transactions from French-issued cards carried significantly higher interchange than domestic Irish cards. Asking whether cross-border interchange rates apply even within SEPA countries."
"CS-000555",1483389,"2025-08-19","Fee Query","P4 - Low","interchange_fee_query","Query regarding acquirer margin transparency on their integrated e-commerce platform. Merchant's Shopify checkout processed 567 transactions in September with an average basket of €42.30, and they're challenging the 0.45% acquirer margin applied to transactions over €100.00 versus 0.30% for smaller amounts. Requesting documentation of tiered margin structure."
"CS-000556",4136,"2025-09-05","Fee Query","P4 - Low","interchange_fee_query","Merchant disputes a €6.89 interchange fee on a €95.00 American Express transaction processed through their Clover Flex on Friday at 18:34. They understood Amex operated on a different fee model than Visa/Mastercard and are confused why interchange appears as a separate line item rather than being included in the Amex merchant service charge."
"CS-000557",1874219,"2025-07-27","Fee Query","P4 - Low","interchange_fee_query","Support ticket opened by Austrian merchant questioning scheme fee allocation across their three-terminal setup. Two PAX A77 terminals in Vienna and one Clover Station Duo in Salzburg processed 2,890 combined transactions in September, but the statement shows disproportionate scheme fees attributed to the Salzburg location despite it representing only 18% of transaction volume."
"CS-000558",16522,"2025-08-26","Fee Query","P3 - Medium","interchange_fee_query","Merchant operating a restaurant in Amsterdam contacted us about interchange variance between lunch and dinner service. Their Clover Flex terminal data shows €23.00-€45.00 lunch transactions averaging 0.82% interchange while €78.00-€150.00 dinner transactions average 1.18%. Asking if transaction value bands trigger different interchange categories beyond just debit versus credit classification."
"CS-000559",1142,"2025-06-22","Fee Query","P3 - Medium","interchange_fee_query","Case regarding unexpected fees on their WooCommerce payment gateway integration. Merchant processed 234 online transactions in September totaling €18,945.00 and questions why the blended interchange rate of 1.67% significantly exceeds the 1.15% rate quoted for card-not-present transactions during their initial merchant agreement discussion."
"CS-000560",242797,"2025-06-13","Fee Query","P4 - Low","interchange_fee_query","Merchant challenges a €2.34 interchange charge applied to a €38.50 Visa Debit contactless transaction on their PAX S300 terminal Thursday morning. They reference a nearly identical €39.00 contactless Visa Debit transaction from Tuesday that only incurred €0.74 interchange and suspect a terminal firmware issue may be misclassifying transaction types."
"CS-000561",55400,"2025-08-20","Fee Query","P4 - Low","interchange_fee_query","Query from Belgian merchant requesting month-by-month fee comparison for June through June. They upgraded from two Clover Station Duo terminals to three Clover Flex terminals in June and want to analyze whether the hardware change impacted their effective interchange rates across their 14,000+ transactions during this period."
"CS-000562",1971,"2025-08-20","Fee Query","P4 - Low","interchange_fee_query","Merchant disputes the acquirer margin calculation on their June statement showing €456.78 in margin charges. They processed €127,890.00 in card volume across 3,240 transactions on four PAX A920 terminals and claim the effective margin of 0.357% exceeds their contracted rate of 0.30%. Requesting transaction-level margin breakdown."
"CS-000563",485335,"2025-06-21","Fee Query","P4 - Low","interchange_fee_query","Support case for Italian merchant questioning why Saturday transactions consistently show higher interchange costs. Their Clover Flex terminal processed 156 transactions last Saturday averaging €67.00 each with mean interchange of €1.24, while their 203 weekday transactions at similar values averaged €0.89 interchange. Asking if day-of-week affects interchange categories."
"CS-000564",1694304,"2025-08-16","Fee Query","P4 - Low","interchange_fee_query","Merchant called about a €8.12 scheme fee on a single €340.00 Mastercard World Elite transaction processed via their Clover Station Duo terminal on Wednesday at 11:47. They've never seen scheme fees itemized per transaction before and are questioning whether premium card products carry additional scheme-level charges beyond standard interchange."
"CS-000565",57868,"2025-08-06","Fee Query","P3 - Medium","interchange_fee_query","Case opened for Spanish merchant requesting detailed analysis of their August statement. They processed 5,670 transactions totaling €234,567.00 across six terminals in Madrid and Barcelona. Specifically challenging €4,234.89 in total interchange fees, claiming their card mix of 78% domestic debit should yield a lower effective rate than the 1.81% calculated."
"CS-000566",1884327,"2025-08-05","Fee Query","P4 - Low","interchange_fee_query","Merchant questions why their Shopify Payments integration shows different acquirer margins than their physical Clover Flex terminal. Online transactions processed in September averaged 0.42% margin across 890 transactions while their 1,240 in-store transactions showed 0.29% margin. Requesting explanation of channel-based margin differentiation in their pricing structure."
"CS-000567",5840,"2025-06-09","Fee Query","P3 - Medium","interchange_fee_query","Query regarding interchange on a €520.00 commercial Mastercard credit transaction processed Monday at 07:23 on their PAX A920 terminal. The €9.36 interchange fee represents 1.80% of transaction value, significantly higher than the 1.15% consumer credit rate they're familiar with. Merchant asking for documentation explaining commercial card interchange premiums."
"CS-000568",30,"2025-08-13","Fee Query","P3 - Medium","interchange_fee_query","Merchant disputes cumulative scheme fees of €1,847.23 appearing on their Q3 statement. Operating two Clover Station Duo terminals in Athens processing approximately 8,900 transactions quarterly, they calculated expected scheme fees of €1,200-€1,300 based on their understanding of per-transaction scheme charges and are requesting reconciliation of the €547.23 difference."
"CS-000569",335362,"2025-08-22","Fee Query","P4 - Low","interchange_fee_query","Support ticket for Portuguese merchant challenging interchange classification on their Clover Flex terminal. A €156.00 transaction processed Friday at 19:12 shows as ""credit"" with €2.34 interchange, but merchant claims customer confirmed it was a Multibanco debit card. Requesting terminal log analysis to determine if card type was correctly identified during authorization."
"CS-000570",1945955,"2025-07-14","Fee Query","P3 - Medium","interchange_fee_query","Merchant operating in Greece contacted us about their September fee summary showing €3,456.78 in total fees across €198,234.00 in card volume. They processed 4,560 transactions on three PAX S920 terminals and are requesting a granular breakdown separating interchange, scheme fees, and acquirer margin with per-transaction detail for their top 50 highest-fee transactions."
"CS-000571",55981,"2025-07-19","Fee Query","P4 - Low","interchange_fee_query","Merchant called in hot about interchange on a €450 Mastercard transaction from last Tuesday. Says his mate down the street pays less and wants to know why we're ripping him off."
"CS-000572",1793172,"2025-06-13","Fee Query","P3 - Medium","interchange_fee_query","Owner wants full fee breakdown for June, says the statement makes no sense and the scheme fees doubled from June. Very short on time, just kept saying ""send it today."""
"CS-000573",439572,"2025-08-13","Fee Query","P4 - Low","interchange_fee_query","Why did a €89 Visa Debit cost him €1.20 but a €92 Visa Debit two days later was €2.10? Wants explanation now, not tomorrow."
"CS-000574",1420430,"2025-07-09","Fee Query","P3 - Medium","interchange_fee_query","Merchant challenging our margin, says we quoted 0.5% but he's seeing 0.75% on his statement. Threatened to switch acquirers if we don't fix it."
"CS-000575",258,"2025-09-25","Fee Query","P4 - Low","interchange_fee_query","Called about interchange on premium cards. Customer paid with some gold Mastercard and the fee was €4.50 on a €200 sale, wants to know if that's normal or if we made a mistake."
"CS-000576",582394,"2025-08-25","Fee Query","P3 - Medium","interchange_fee_query","Needs fee breakdown for June and June, accountant is asking questions. Says he doesn't have time for this and we should make statements clearer."
"CS-000577",8885,"2025-06-21","Fee Query","P4 - Low","interchange_fee_query","Why are scheme fees higher this quarter? Merchant runs a small café in Dublin, about 800 transactions a month, says the fees went up but we never told him."
"CS-000578",639581,"2025-07-28","Fee Query","P4 - Low","interchange_fee_query","Angry about interchange difference between two Visa cards same day. One was €0.80 on €50, other was €1.90 on €55, doesn't make sense to him."
"CS-000579",94407,"2025-08-03","Fee Query","P4 - Low","interchange_fee_query","Merchant wants to know what our margin is on his account. Says he's been with us three years and deserves transparency, very pushy about it."
"CS-000580",516077,"2025-07-12","Fee Query","P4 - Low","interchange_fee_query","Owner of a boutique in Amsterdam questioning why interchange is higher on weekends. Had three transactions Saturday morning, all over €2 each in fees."
"CS-000581",517917,"2025-08-08","Fee Query","P3 - Medium","interchange_fee_query","Wants explanation for a €6.20 interchange charge on a €180 Amex transaction from last Thursday. Says that's robbery and his old acquirer was cheaper."
"CS-000582",769059,"2025-07-11","Fee Query","P3 - Medium","interchange_fee_query","Merchant called about scheme fees on his July statement, up €40 from June. Only did 15 more transactions so doesn't understand the jump."
"CS-000583",1485583,"2025-07-17","Fee Query","P4 - Low","interchange_fee_query","Why is interchange different for business cards? Customer used corporate Visa yesterday, €3.80 fee on €150 sale, way higher than usual."
"CS-000584",106731,"2025-09-13","Fee Query","P4 - Low","interchange_fee_query","Owner demanding itemized breakdown of all fees for Q3. Accountant flagged something, he's frustrated and says our reporting is useless."
"CS-000585",736304,"2025-09-03","Fee Query","P3 - Medium","interchange_fee_query","Interchange on a €320 Mastercard was €5.10 last Monday. Merchant says that's almost 2% and we promised him lower rates, wants immediate callback."
"CS-000586",20910,"2025-07-21","Fee Query","P4 - Low","interchange_fee_query","Small restaurant owner in Lyon asking why Visa fees are different from Mastercard fees. Processed about 200 cards last week, noticed the pattern."
"CS-000587",355531,"2025-09-13","Fee Query","P4 - Low","interchange_fee_query","Merchant challenging a scheme fee line item on June statement, €28 for something called ""system access fee."" Never seen it before, wants explanation."
"CS-000588",730776,"2025-07-10","Fee Query","P4 - Low","interchange_fee_query","Why did interchange go up on his account? Been using the same Clover Flex for two years, suddenly fees are higher this month with no warning."
"CS-000589",11392,"2025-08-08","Fee Query","P4 - Low","interchange_fee_query","Owner wants to know our exact margin percentage. Says he's comparing quotes and needs to know what we're making off him, pretty aggressive tone."
"CS-000590",115744,"2025-09-03","Fee Query","P4 - Low","interchange_fee_query","Interchange charge of €7.30 on a €250 premium Visa on Wednesday afternoon. Merchant says that's insane and wants it refunded or explained immediately."
"CS-000591",53486,"2025-07-13","Fee Query","P4 - Low","interchange_fee_query","Needs complete fee breakdown for his September statement before end of day. Accountant closing books, merchant has no patience for delays."
"CS-000592",1877,"2025-09-25","Fee Query","P3 - Medium","interchange_fee_query","Why are cross-border fees showing up now? Merchant in Berlin, says he's always had international customers but never saw this fee before, wants answers."
"CS-000593",7014,"2025-07-27","Fee Query","P4 - Low","interchange_fee_query","Challenging interchange on contactless transactions. Says he did 50 contactless sales on Friday under €30 each and the fees seem too high compared to chip and PIN."
"CS-000594",12723,"2025-07-25","Fee Query","P4 - Low","interchange_fee_query","Merchant asking why scheme fees are a percentage and not flat. Runs a small shop in Porto, about 400 transactions monthly, says the math doesn't add up on his statement."
"CS-000595",816370,"2025-07-01","Fee Query","P4 - Low","interchange_fee_query","Owner furious about interchange on a €500 business Mastercard from last week. Fee was €8.90, says we're taking advantage of small businesses and wants our manager to call him back."
"CS-000596",48153,"2025-07-04","Fee Query","P4 - Low","interchange_fee_query","Merchant queried why a Mastercard Debit transaction on 14 June 2024 for €127.50 incurred an interchange fee of €0.89 while a similar Visa Debit transaction on the same day for €125.00 only cost €0.63. Requested detailed breakdown of the rate structure applied to both transactions."
"CS-000597",237133,"2025-06-04","Fee Query","P4 - Low","interchange_fee_query","Query received regarding September 2024 monthly statement showing total scheme fees of €1,847.32. Merchant requests itemized breakdown distinguishing between Visa assessment fees, Mastercard processing fees, and any other scheme-related charges for that billing period."
"CS-000598",63,"2025-09-28","Fee Query","P4 - Low","interchange_fee_query","Merchant challenges interchange charge of €2.14 applied to a €450.00 Visa Credit transaction processed on Tuesday 5 September 2024 at 14:37. States this rate appears significantly higher than their agreed pricing schedule and demands immediate clarification."
"CS-000599",28766,"2025-06-16","Fee Query","P4 - Low","interchange_fee_query","Request for complete fee breakdown covering August 2024 including acquirer margin, interchange costs, scheme fees, and any ancillary charges. Merchant processed 1,847 transactions totaling €94,332.18 that month and wants to reconcile against their internal records."
"CS-000600",14062,"2025-09-11","Fee Query","P3 - Medium","interchange_fee_query","Merchant operating three terminals in Dublin questions why their acquirer margin increased from 0.18% to 0.23% between June and July 2024 statements. No notification of rate change was received and they request written justification for the adjustment."
"CS-000601",349744,"2025-08-17","Fee Query","P4 - Low","interchange_fee_query","Query about a €3.87 interchange fee on a €215.00 American Express transaction dated 22 September 2024. Merchant asks why this percentage is substantially higher than their typical Visa and Mastercard interchange rates."
"CS-000602",1345890,"2025-08-05","Fee Query","P4 - Low","interchange_fee_query","Merchant received statement for September 2024 showing €412.67 in scheme fees across 2,103 transactions. Requests breakdown showing per-transaction scheme costs versus fixed monthly fees and clarification on which schemes contributed to this total."
"CS-000603",649027,"2025-07-06","Fee Query","P4 - Low","interchange_fee_query","Challenge raised regarding interchange on a €1,250.00 corporate Visa card transaction processed Friday 18 September 2024 at 09:22. Fee of €18.75 applied represents 1.5% which merchant believes exceeds their contracted rate for commercial cards."
"CS-000604",16200,"2025-07-05","Fee Query","P4 - Low","interchange_fee_query","Merchant asks why two Mastercard transactions on 3 July 2024—one for €89.50 and one for €91.00—incurred different interchange fees of €0.71 and €0.95 respectively. Both were consumer debit cards processed within twenty minutes of each other."
"CS-000605",24,"2025-08-15","Fee Query","P4 - Low","interchange_fee_query","Request for detailed fee analysis covering Q3 2024 including monthly totals for interchange, scheme fees, and acquirer margin expressed both as absolute euro amounts and effective percentages. Merchant processed €287,445.00 across 5,621 transactions during this quarter."
"CS-000606",1812663,"2025-09-04","Fee Query","P3 - Medium","interchange_fee_query","Merchant questions €847.23 in Visa scheme fees shown on September 2024 statement. Requests breakdown showing assessment fees, network fees, and any other Visa-specific charges separately with applicable rates disclosed."
"CS-000607",5957,"2025-09-14","Fee Query","P4 - Low","interchange_fee_query","Query regarding acquirer margin calculation methodology. Merchant's June 2024 statement shows margin of €1,034.56 on transaction volume of €412,890.00 but merchant calculates this as 0.25% while contract specifies 0.19%."
"CS-000608",86,"2025-06-02","Fee Query","P3 - Medium","interchange_fee_query","Merchant challenges interchange fee of €0.47 on a €35.00 contactless Visa Debit transaction processed Wednesday 7 August 2024 at 11:15. States this represents 1.34% which seems excessive for a low-value domestic debit card purchase."
"CS-000609",613161,"2025-07-24","Fee Query","P4 - Low","interchange_fee_query","Request for complete reconciliation of May 2024 fees. Statement shows total fees of €3,214.89 but merchant requires itemization showing interchange subtotal, scheme fees subtotal, acquirer margin subtotal, and any other charges with transaction counts for each category."
"CS-000610",559458,"2025-06-17","Fee Query","P4 - Low","interchange_fee_query","Merchant operating in Amsterdam questions why their blended interchange rate increased from 0.87% in June 2024 to 1.02% in June 2024 despite similar transaction mix. Requests analysis of card type distribution and applicable rates for both months."
"CS-000611",165156,"2025-07-15","Fee Query","P3 - Medium","interchange_fee_query","Query about €156.34 in Mastercard scheme fees for July 2024 covering 892 Mastercard transactions. Merchant asks for per-transaction scheme cost and whether any volume-based discounts should apply at their processing level."
"CS-000612",1357891,"2025-06-27","Fee Query","P3 - Medium","interchange_fee_query","Merchant challenges total acquirer margin of €2,847.91 charged in September 2024. Their calculation based on contracted rate of 0.21% and monthly volume of €1,247,338.00 yields €2,619.41, creating a discrepancy of €228.50 requiring explanation."
"CS-000613",1727056,"2025-06-14","Fee Query","P4 - Low","interchange_fee_query","Request received for fee breakdown on specific high-value transaction: €3,450.00 Visa Business Credit card processed Monday 12 June 2024 at 16:48 which incurred total fees of €67.23. Merchant wants interchange, scheme fees, and margin shown separately."
"CS-000614",316950,"2025-09-28","Fee Query","P3 - Medium","interchange_fee_query","Merchant questions why interchange on a €178.00 French-issued Carte Bancaire transaction on 29 June 2024 was €1.42 while a €182.00 German-issued Visa Debit on the same day cost €1.87. Both were chip and PIN transactions processed on the same terminal."
"CS-000615",348229,"2025-07-17","Fee Query","P3 - Medium","interchange_fee_query","Query regarding July 2024 statement showing scheme fees of €2,103.45. Merchant requests confirmation of which portion relates to Visa, which to Mastercard, and whether any fees relate to American Express or other schemes, with transaction counts for each."
"CS-000616",221948,"2025-07-09","Fee Query","P4 - Low","interchange_fee_query","Merchant challenges interchange rate applied to weekend transactions. Saturday 16 June 2024 statement shows average interchange of 1.18% while weekday average for same week was 0.94%. Requests explanation for this differential across 247 weekend transactions totaling €18,934.00."
"CS-000617",98352,"2025-06-06","Fee Query","P3 - Medium","interchange_fee_query","Request for year-end fee summary covering all of 2024 with monthly breakdown of interchange costs, scheme fees, and acquirer margin. Merchant processed €4.7 million across 28,450 transactions and requires this data for annual financial reporting."
"CS-000618",1141914,"2025-09-27","Fee Query","P3 - Medium","interchange_fee_query","Merchant operating restaurant in Milan questions €5.21 interchange fee on €412.00 Mastercard World Elite transaction processed Thursday 10 September 2024 at 20:33. Asks whether premium card categories incur higher interchange and whether this was disclosed in their agreement."
"CS-000619",379363,"2025-09-04","Fee Query","P4 - Low","interchange_fee_query","Query about June 2024 fees totaling €4,892.37 on volume of €523,100.00. Merchant calculates effective rate of 0.935% but believes their contracted all-in rate was 0.85% and requests detailed breakdown to identify source of discrepancy."
"CS-000620",151826,"2025-08-27","Fee Query","P4 - Low","interchange_fee_query","Merchant received June 2024 statement showing acquirer margin of €1,456.78 but contracted rate of 0.18% on their volume of €756,220.00 should yield €1,361.20. Requests immediate investigation of this €95.58 overcharge and correction on next statement."
"CS-000621",1679147,"2025-06-13","Fee Query","P3 - Medium","interchange_fee_query","Merchant called in asking about their monthly statement and wondering why some Visa transactions have different fees. They mentioned seeing €0.15 on one transaction and €0.32 on another from last Tuesday. They're quite new to accepting cards and just want to understand how it works."
"CS-000622",59,"2025-06-28","Fee Query","P4 - Low","interchange_fee_query","New restaurant owner in Dublin submitted a ticket asking for help understanding what ""interchange"" means on their invoice. They saw it listed multiple times with different amounts and want to know if this is normal or if there's been a mistake."
"CS-000623",1896908,"2025-07-27","Fee Query","P3 - Medium","interchange_fee_query","Merchant from Lyon called about a €2.47 fee on a single Mastercard transaction from June 3rd. They're trying to learn the business and asked if we could explain what makes up that cost."
"CS-000624",336145,"2025-07-23","Fee Query","P4 - Low","interchange_fee_query","Small retailer in Berlin emailed asking why a €50 Visa Debit transaction had a lower fee than a €50 Visa Credit transaction processed on the same day. They just started accepting cards three months ago and want to understand the difference."
"CS-000625",32,"2025-09-28","Fee Query","P4 - Low","interchange_fee_query","Merchant requested a detailed breakdown of all fees charged in June. They mentioned they're still learning about card processing and would appreciate if someone could walk them through the statement when we send it."
"CS-000626",976613,"2025-06-16","Fee Query","P4 - Low","interchange_fee_query","Coffee shop owner in Amsterdam called asking about scheme fees on their terminal. They've noticed a line item called ""Mastercard scheme fee"" totaling €18.50 last month and want to know what this covers."
"CS-000627",598483,"2025-08-24","Fee Query","P4 - Low","interchange_fee_query","Merchant in Madrid submitted a query about their acquirer margin. They said another business owner mentioned this term and they'd like to understand what portion of their fees this represents and how it's calculated."
"CS-000628",7883,"2025-06-19","Fee Query","P4 - Low","interchange_fee_query","New merchant in Athens called asking why their statement shows different interchange rates. They processed about 200 transactions last week and noticed the percentages vary, so they're wondering if something is wrong with their account."
"CS-000629",465471,"2025-08-08","Fee Query","P4 - Low","interchange_fee_query","Retailer in Brussels emailed asking for clarification on a €1.83 fee they saw on a €120 transaction from Saturday afternoon. They're new to this and want to make sure they understand what they're paying for."
"CS-000630",50597,"2025-08-13","Fee Query","P4 - Low","interchange_fee_query","Merchant from Portugal called about their Clover Flex 5000 terminal and asked why business cards seem to cost more to process. They had a €300 transaction on Thursday that had a higher fee than usual and the customer mentioned using a corporate card."
"CS-000631",976,"2025-08-06","Fee Query","P4 - Low","interchange_fee_query","Small shop owner in Vienna requested help understanding their monthly fees for June. They mentioned they're still quite new to accepting payments and would like someone to explain the different categories on their invoice."
"CS-000632",205366,"2025-08-27","Fee Query","P4 - Low","interchange_fee_query","Merchant in Cork emailed asking about the difference between domestic and cross-border interchange. They noticed some transactions from last Monday had different fees and think it might be related to where the cards were issued."
"CS-000633",1069016,"2025-07-24","Fee Query","P4 - Low","interchange_fee_query","Bakery owner in Marseille called wondering why their Visa transactions from the weekend had fees ranging from €0.22 to €0.89. They've only been accepting cards since September and want to learn how the pricing works."
"CS-000634",3349,"2025-07-23","Fee Query","P3 - Medium","interchange_fee_query","Merchant submitted a ticket asking what determines the interchange fee on each transaction. They mentioned processing around 450 transactions in June and seeing lots of variation in the fees charged."
"CS-000635",387233,"2025-08-27","Fee Query","P4 - Low","interchange_fee_query","New merchant in Rotterdam called about a €3.12 fee on a €200 Mastercard transaction. They're trying to understand their costs better and asked if we could break down what that fee includes."
"CS-000636",32771,"2025-07-13","Fee Query","P3 - Medium","interchange_fee_query","Shop owner in Milan emailed asking for a complete fee breakdown for June. They mentioned they're still learning about payment processing and would appreciate any guidance on reading their statement."
"CS-000637",813370,"2025-06-08","Fee Query","P3 - Medium","interchange_fee_query","Merchant called about their PAX A920 terminal asking why some debit cards have different fees than others. They processed two €75 transactions yesterday, both Visa Debit, but noticed the fees weren't identical."
"CS-000638",231192,"2025-09-06","Fee Query","P4 - Low","interchange_fee_query","Small business in Munich submitted a query about scheme fees versus interchange fees. They're new to accepting cards and want to understand what each term means and how they're calculated on their account."
"CS-000639",674276,"2025-06-28","Fee Query","P3 - Medium","interchange_fee_query","Merchant from Galway emailed asking about a particularly high fee on a €450 transaction from last Friday evening. They're still getting familiar with card acceptance and want to know if premium cards cost more to process."
"CS-000640",1588643,"2025-06-18","Fee Query","P4 - Low","interchange_fee_query","Retailer in Barcelona called wondering about their acquirer's margin and whether it's negotiable. They've been processing cards for four months now and are trying to understand all the components of their pricing."
"CS-000641",444703,"2025-09-27","Fee Query","P4 - Low","interchange_fee_query","New merchant in Lisbon requested clarification on why their statement shows different Mastercard interchange rates. They processed about 80 transactions last week and are confused by the variation in fees."
"CS-000642",1739337,"2025-06-28","Fee Query","P4 - Low","interchange_fee_query","Shop owner in Antwerp emailed about a €0.67 fee on a €35 transaction from Wednesday morning. They're quite new to this and just want to make sure they understand what they're being charged for."
"CS-000643",1219157,"2025-09-24","Fee Query","P4 - Low","interchange_fee_query","Merchant called asking for help understanding their June statement, specifically the interchange charges. They mentioned seeing amounts ranging from €0.18 to €2.34 and want to know what causes such differences."
"CS-000644",722020,"2025-08-26","Fee Query","P3 - Medium","interchange_fee_query","Small café in Frankfurt submitted a ticket asking about the fees on contactless transactions. They've noticed their Clover Station Duo terminal processes lots of tap payments and want to know if these have different interchange rates."
"CS-000645",2178,"2025-09-05","Fee Query","P4 - Low","interchange_fee_query","Merchant from Nice emailed requesting a breakdown of a €1.45 fee on a €95 Visa transaction from Sunday. They started accepting cards recently and are trying to learn how everything works so they can manage their costs better."
"CS-000646",272987,"2025-07-21","Fee Query","P4 - Low","interchange_fee_query","Merchant operates three coffee shops in Dublin and noticed interchange on a €45.80 Mastercard Debit transaction at location 2 was 0.20% while same card type at location 1 charged 0.30% on a €47.20 sale same day. Requesting explanation for the discrepancy."
"CS-000647",1724184,"2025-06-19","Fee Query","P4 - Low","interchange_fee_query","Multi-site restaurant group with venues in Berlin, Munich and Hamburg querying why their September scheme fees totalled €1,847 across all locations when September was only €1,203 with similar transaction volumes."
"CS-000648",553992,"2025-06-01","Fee Query","P4 - Low","interchange_fee_query","Franchise operator running four mobile phone shops in Amsterdam questions why a €320 Visa Credit purchase on Tuesday morning incurred €2.88 interchange while a €315 Visa Credit sale on Thursday afternoon at different location only cost €2.52."
"CS-000649",1170804,"2025-09-11","Fee Query","P3 - Medium","interchange_fee_query","Merchant with two pharmacies in Lyon and one in Marseille requesting detailed fee breakdown for June showing per-location split of interchange, scheme fees and our margin as they're seeing variance they can't explain."
"CS-000650",2084,"2025-07-15","Fee Query","P4 - Low","interchange_fee_query","Retail chain with stores in Lisbon, Porto and Faro challenging why their blended acquirer margin appears to be 0.18% at the Lisbon flagship but 0.24% at the smaller Faro location based on their calculations from last month's statement."
"CS-000651",1001053,"2025-06-15","Fee Query","P3 - Medium","interchange_fee_query","Operator of five bakeries across Brussels noticed interchange charges on domestic Bancontact transactions are consistent but Maestro cross-border cards show different rates between locations despite using identical Clover Flex 5000 terminals."
"CS-000652",1785518,"2025-08-07","Fee Query","P3 - Medium","interchange_fee_query","Merchant runs three gyms in Madrid, Barcelona and Valencia asking why total scheme fees for Visa transactions in June were €890 in Madrid on 2,340 transactions but €1,120 in Barcelona on only 2,180 transactions."
"CS-000653",31756,"2025-08-05","Fee Query","P4 - Low","interchange_fee_query","Fashion boutique owner with shops in Milan and Rome querying a €180 Mastercard World Elite transaction that incurred €3.42 interchange at the Milan location versus a €175 similar card at Rome location costing only €2.80 the same week."
"CS-000654",6726,"2025-07-16","Fee Query","P4 - Low","interchange_fee_query","Quick service restaurant franchise with seven locations across Ireland requesting explanation why their Dublin city centre site shows higher per-transaction scheme fees than suburban locations despite processing similar average ticket values around €12-15."
"CS-000655",540401,"2025-06-15","Fee Query","P4 - Low","interchange_fee_query","Merchant operating four electronics stores in Vienna and Graz noticed their September statement shows acquirer margin of 0.15% on €284,000 volume in Vienna but 0.21% on €197,000 in Graz and wants justification."
"CS-000656",1461,"2025-08-09","Fee Query","P4 - Low","interchange_fee_query","Pharmacy chain with locations in Athens, Thessaloniki and Patras challenging why interchange on a €67 Visa Debit transaction processed at 14:23 on Saturday at Athens location was significantly higher than €65 Visa Debit at Patras location same day at 16:47."
"CS-000657",6711,"2025-09-26","Fee Query","P4 - Low","interchange_fee_query","Merchant with three hardware stores across Netherlands comparing their Q3 fee breakdown and questioning why scheme fees per transaction average €0.087 at Rotterdam location but €0.104 at Eindhoven location with comparable transaction profiles."
"CS-000658",29047,"2025-07-14","Fee Query","P3 - Medium","interchange_fee_query","Restaurant group operating in Cork and Galway asking for itemized breakdown of all fees for June as they calculate their effective rate is 1.42% in Cork but 1.67% in Galway on similar monthly volumes around €85,000 each."
"CS-000659",25,"2025-06-12","Fee Query","P3 - Medium","interchange_fee_query","Operator of two bookshops in Munich querying why a €89.50 Mastercard Credit purchase last Wednesday incurred €1.97 interchange while a €91.20 Mastercard Credit at their other location on Friday only cost €1.64."
"CS-000660",44882,"2025-09-09","Fee Query","P4 - Low","interchange_fee_query","Clothing retailer with five stores across Belgium requesting detailed explanation of why their Antwerp location processed 1,840 transactions in September with total scheme fees of €412 while Ghent location processed 1,790 transactions but paid €478 in scheme fees."
"CS-000661",1180116,"2025-06-02","Fee Query","P3 - Medium","interchange_fee_query","Merchant runs three pet supply stores in Bordeaux, Toulouse and Nantes noticing their blended interchange rate for September appears 0.12% higher at the Nantes location and wants to understand if card mix or something else is driving this."
"CS-000662",1213656,"2025-08-18","Fee Query","P4 - Low","interchange_fee_query","Café chain with four locations in Lisbon questioning why Multibanco domestic debit transactions show consistent interchange across sites but international Visa Debit cards have varying rates between their Baixa and Belém locations on similar transaction amounts."
"CS-000663",595551,"2025-06-10","Fee Query","P4 - Low","interchange_fee_query","Operator of six convenience stores across Dublin, Limerick and Waterford challenging the €2,340 total acquirer margin charged in September and requesting per-site breakdown as they suspect the smaller Waterford locations are being charged disproportionately."
"CS-000664",13,"2025-08-21","Fee Query","P4 - Low","interchange_fee_query","Merchant with two jewellery shops in Florence and Bologna querying a €450 American Express transaction at Florence that cost €8.55 in interchange versus a €440 American Express at Bologna costing €7.04 processed within same hour on Tuesday morning."
"CS-000665",1389,"2025-09-24","Fee Query","P3 - Medium","interchange_fee_query","Pharmacy group operating eight locations across Spain requesting comprehensive fee analysis for Q3 showing why their Madrid locations average 1.38% effective rate while Seville locations average 1.61% despite similar product mix and ticket sizes."
"CS-000666",100713,"2025-09-07","Fee Query","P3 - Medium","interchange_fee_query","Merchant runs four sporting goods stores in Austria asking why scheme fees on their Innsbruck terminal totalled €267 in September on 980 transactions while Vienna location paid €223 on 1,040 transactions using same Clover Station Duo model."
"CS-000667",995978,"2025-09-04","Fee Query","P4 - Low","interchange_fee_query","Restaurant operator with locations in Amsterdam, Rotterdam and Utrecht noticed a €78.50 Maestro transaction on Sunday evening at Amsterdam incurred different interchange than €76.90 Maestro at Utrecht on Sunday afternoon and wants clarification on rate logic."
"CS-000668",1001708,"2025-08-02","Fee Query","P4 - Low","interchange_fee_query","Retail merchant operating three home goods stores across Greece challenging why their overall acquirer margin for August appears to be 0.19% at Thessaloniki location but 0.28% at Patras location and requesting transparent breakdown."
"CS-000669",405654,"2025-06-27","Fee Query","P4 - Low","interchange_fee_query","Franchise owner with five quick-service locations in Paris questioning why a €23.40 contactless Visa Debit at their Marais location cost €0.19 interchange while €24.10 contactless Visa Debit at Montparnasse location same day cost €0.26."
"CS-000670",921778,"2025-08-09","Fee Query","P4 - Low","interchange_fee_query","Merchant operates two garden centres in Hamburg and Bremen requesting detailed monthly fee statement for June showing separate interchange, scheme fees and margin per location as they're seeing unexplained variance in their total processing costs between the two sites."
"CS-000671",98641,"2025-09-19","Fee Query","P3 - Medium","interchange_fee_query","Merchant contacted regarding interchange fees applied to a Mastercard Debit transaction processed on 15th June, questioning why the rate was higher than their usual Visa Debit transactions. The €2.34 fee on a €156.00 sale is impacting their already narrow profit margins on electronics accessories. Requested detailed breakdown of the interchange category applied."
"CS-000672",2751,"2025-08-07","Fee Query","P4 - Low","interchange_fee_query","Business owner from Lyon submitted a formal query about scheme fees totalling €847.50 for June, stating this represents a 23% increase compared to June and is affecting their ability to maintain competitive pricing. They have requested a line-by-line explanation of all Visa and Mastercard assessment charges for the month."
"CS-000673",5013,"2025-06-15","Fee Query","P4 - Low","interchange_fee_query","Query received regarding acquirer margin applied to transactions processed through their Clover Flex 5000 terminal last Thursday between 14:00 and 18:00. Merchant notes that six transactions during this period show a margin of 0.45% rather than the 0.38% stated in their contract, resulting in an overcharge of approximately €12.80 that impacts their weekly reconciliation."
"CS-000674",408725,"2025-09-04","Fee Query","P4 - Low","interchange_fee_query","Irish retailer challenging the interchange rate applied to a €2,450.00 Visa Business Credit card transaction from 8th July. The merchant states that the €38.15 interchange fee is significantly higher than anticipated and is eroding margins on their B2B sales, requesting clarification on why this card type attracts premium interchange."
"CS-000675",154680,"2025-08-14","Fee Query","P3 - Medium","interchange_fee_query","Merchant operating three locations in Berlin has requested a comprehensive fee breakdown for June, specifically querying why total processing costs increased by €340 despite transaction volume remaining stable at approximately 1,850 transactions per location. Impact on cash flow planning cited as primary concern."
"CS-000676",515,"2025-08-18","Fee Query","P3 - Medium","interchange_fee_query","Portuguese café owner questioning the difference between interchange fees on two similar transactions: a €45.00 Mastercard Consumer Debit showing €0.63 interchange versus a €47.00 Mastercard Consumer Credit showing €1.88 interchange. Both processed on the same terminal on Monday morning, and the merchant requires explanation for pricing strategy purposes."
"CS-000677",630848,"2025-09-17","Fee Query","P4 - Low","interchange_fee_query","Formal complaint received regarding scheme fees applied during the Easter weekend period. Merchant processed 340 transactions totalling €18,900 and notes that Mastercard assessment fees alone reached €94.50, which they consider excessive and detrimental to their seasonal trading profitability."
"CS-000678",32426,"2025-07-18","Fee Query","P4 - Low","interchange_fee_query","Austrian hotel querying why a €680.00 Visa Corporate card payment incurred €15.64 in interchange fees while a €720.00 Visa Consumer Credit payment only incurred €9.36. The finance manager requires this information for their quarterly cost analysis and budget forecasting."
"CS-000679",16630,"2025-07-11","Fee Query","P4 - Low","interchange_fee_query","Merchant in Amsterdam requesting detailed explanation of all fees applied to transactions processed on their Clover Station Duo terminal during the week of 10th-16th June. Total fees of €1,240.00 are significantly impacting their operating budget, and they need to understand the breakdown between interchange, scheme fees, and acquirer margin."
"CS-000680",125,"2025-08-05","Fee Query","P4 - Low","interchange_fee_query","Greek restaurant owner challenging the acquirer margin applied to their account, stating that the 0.52% rate is higher than quotes they have received from competing acquirers. With monthly card turnover of approximately €28,000, they calculate this difference costs them an additional €140 per month, affecting their ability to invest in business improvements."
"CS-000681",7,"2025-06-06","Fee Query","P4 - Low","interchange_fee_query","Query from Belgian retailer regarding interchange fees on contactless transactions processed last Saturday. They note that 47 contactless payments under €50 each attracted varying interchange rates between €0.18 and €0.94, and they require clarification on the factors determining these rates to assess the viability of promoting contactless payments."
"CS-000682",92678,"2025-09-15","Fee Query","P4 - Low","interchange_fee_query","Spanish merchant questioning why their June fee statement shows €2,340.00 in total processing costs when their contract indicated an estimated €1,800-€2,000 monthly range. The €340-€540 variance is creating budgeting difficulties, and they need a detailed reconciliation of all interchange, scheme, and margin components."
"CS-000683",814566,"2025-06-04","Fee Query","P4 - Low","interchange_fee_query","Italian fashion boutique requesting explanation for the interchange differential between domestic and cross-border transactions. They processed a €340.00 Italian Visa card at €4.42 interchange and a €350.00 French Visa card at €7.35 interchange on the same day, and this inconsistency is complicating their financial planning for international customer acquisition."
"CS-000684",970431,"2025-06-17","Fee Query","P4 - Low","interchange_fee_query","Merchant operating in Dublin querying the Mastercard scheme fees applied during September, which totalled €456.80 across 2,100 transactions. They are challenging whether all assessment fees were correctly applied and require a transaction-by-transaction breakdown to verify accuracy, as this expense line is affecting their year-end profitability."
"CS-000685",6431,"2025-06-26","Fee Query","P4 - Low","interchange_fee_query","German pharmacy questioning why a €89.00 Visa Debit transaction processed at 09:15 on Wednesday incurred €1.07 in interchange while a €91.00 Visa Debit transaction at 15:30 the same day incurred €0.98. The merchant needs to understand this variation to accurately forecast their payment acceptance costs for the upcoming quarter."
"CS-000686",22629,"2025-07-16","Fee Query","P4 - Low","interchange_fee_query","Netherlands-based online merchant challenging the interchange category applied to card-not-present transactions processed through their payment gateway in June. With 890 transactions averaging €67.00 each, the total interchange of €1,780.00 represents 2.98% of turnover, which they believe is excessive and threatens their business model viability."
"CS-000687",1,"2025-08-06","Fee Query","P3 - Medium","interchange_fee_query","French merchant requesting a complete fee breakdown for their account covering September through September, specifically separating interchange, Visa assessment fees, Mastercard assessment fees, and acquirer margin. They report that total quarterly fees of €4,670.00 exceeded their budget by €890.00, creating cash flow pressure that requires immediate explanation and resolution."
"CS-000688",405598,"2025-07-12","Fee Query","P3 - Medium","interchange_fee_query","Irish pub owner querying why their effective rate increased from 1.24% in June to 1.47% in June despite similar transaction patterns. With monthly turnover of approximately €32,000, this 0.23% increase costs an additional €73.60 monthly, impacting their ability to maintain staff hours during quieter periods."
"CS-000689",538342,"2025-06-05","Fee Query","P4 - Low","interchange_fee_query","Merchant in Lisbon challenging the acquirer margin of 0.41% applied to their account, stating their contract specified 0.35%. Across their June turnover of €54,300, this 0.06% difference amounts to €32.58 overcharged, and they require immediate correction and refund to maintain their trust in the service."
"CS-000690",29,"2025-09-19","Fee Query","P3 - Medium","interchange_fee_query","Austrian ski equipment retailer questioning the interchange fees applied to 12 high-value transactions processed on their Clover Flex 5000 terminal on 2nd June. The transactions ranged from €450 to €1,240, with interchange fees between €7.65 and €22.32, and the merchant needs clarification on the rate structure to evaluate their premium product pricing strategy."
"CS-000691",561534,"2025-06-10","Fee Query","P4 - Low","interchange_fee_query","Belgian chocolatier requesting explanation for why their blended processing rate increased from 1.18% to 1.34% between June and June despite no changes to their business operations. The increase represents an additional €96.00 in monthly costs on their €30,000 turnover, which is unsustainable for their artisan business model."
"CS-000692",1,"2025-06-15","Fee Query","P3 - Medium","interchange_fee_query","Spanish hotel chain querying scheme fees across their five properties for the month of June. Total Visa and Mastercard assessment fees reached €2,340.00 on combined turnover of €340,000, and the regional finance director requires a detailed breakdown to allocate costs accurately across locations and assess the profitability of card acceptance at each property."
"CS-000693",81471,"2025-08-04","Fee Query","P4 - Low","interchange_fee_query","German bakery challenging an interchange fee of €3.45 applied to a €78.00 Mastercard World Elite transaction processed last Friday at 07:30. The merchant states this 4.42% fee is disproportionate and is questioning whether premium card types should be accepted given their low-margin product mix."
"CS-000694",928431,"2025-08-23","Fee Query","P4 - Low","interchange_fee_query","Irish hardware store requesting a detailed comparison of their fee structure between Q3 2023 and Q3 2024. They report that despite transaction volumes remaining stable at approximately 3,200 per quarter, total fees increased from €3,890.00 to €4,560.00, representing a €670.00 increase that is significantly affecting their operating margin and requires urgent justification."
"CS-000695",6786,"2025-07-13","Fee Query","P4 - Low","interchange_fee_query","Portuguese merchant querying why their July statement shows €1,240.00 in interchange fees, €340.00 in scheme fees, and €280.00 in acquirer margin when their understanding was that all fees were included in a single blended rate. The unexpected itemization reveals higher costs than anticipated and is impacting their financial planning for the remainder of the year."
"CS-000696",663913,"2025-08-20","Fee Query","P3 - Medium","interchange_fee_query","Merchant calling back regarding interchange fees on Mastercard transactions from 15th June - still hasn't received the breakdown promised by previous agent three days ago. Business owner is frustrated as they need this for their accountant by end of week."
"CS-000697",107449,"2025-08-01","Fee Query","P4 - Low","interchange_fee_query","Third contact from this restaurant in Amsterdam about the same issue - they're questioning why their Visa Debit interchange is 0.42% when their neighbour pays 0.30%. Previous tickets #45821 and #46103 were closed without proper resolution."
"CS-000698",3,"2025-07-19","Fee Query","P3 - Medium","interchange_fee_query","Follow-up on case from last Tuesday. Merchant in Dublin still disputing the €247.80 in scheme fees charged in June statement and wants itemised breakdown showing exactly which transactions triggered these costs."
"CS-000699",59742,"2025-09-10","Fee Query","P4 - Low","interchange_fee_query","Merchant calling again about acquirer margin query from 10 days ago - no response yet from pricing team. They're comparing our 0.85% rate to a competitor quote of 0.60% and threatening to switch if we don't justify the difference."
"CS-000700",923752,"2025-07-26","Fee Query","P3 - Medium","interchange_fee_query","Second call this week from Italian café owner about interchange on a single €1,250 transaction that cost €18.75. They insist previous agent said someone would call back Monday but nobody did."
"CS-000701",1616225,"2025-06-27","Fee Query","P4 - Low","interchange_fee_query","Repeat case - merchant in Lisbon still waiting for June fee breakdown requested on 3rd June. They've now escalated to their bank relationship manager who contacted us separately."
"CS-000702",1054950,"2025-07-13","Fee Query","P4 - Low","interchange_fee_query","This is the fourth time this German retailer has contacted us about Maestro domestic vs cross-border interchange differences. Previous three tickets were reassigned but merchant never received explanation about why some €50 transactions cost €0.15 and others €0.65."
"CS-000703",444254,"2025-08-23","Fee Query","P4 - Low","interchange_fee_query","Merchant following up on unanswered query from last week about why their blended rate increased from 1.24% to 1.38% in June. They've calculated the difference is costing them an extra €340 monthly and want immediate clarification."
"CS-000704",315053,"2025-07-19","Fee Query","P3 - Medium","interchange_fee_query","Second contact regarding scheme fees on American Express transactions. Belgian merchant was told five days ago that Amex charges would be broken down separately but still only sees a combined figure of €892.50 on their portal."
"CS-000705",206470,"2025-09-24","Fee Query","P4 - Low","interchange_fee_query","Follow-up from Athens-based merchant who called on Monday about a €45 interchange charge on a single corporate card transaction of €2,100. Still no explanation provided despite promise of 48-hour response."
"CS-000706",72041,"2025-09-28","Fee Query","P4 - Low","interchange_fee_query","Merchant in Cork calling back - previous agent couldn't explain why Saturday transactions have different interchange than weekday ones. They've noticed their weekend sales consistently cost more and want this investigated properly this time."
"CS-000707",163960,"2025-06-21","Fee Query","P4 - Low","interchange_fee_query","Third attempt to get answer about September 2023 fees. Merchant has statement showing €1,247 in total fees but our portal only displays €1,089. Previous two agents said they'd investigate the €158 discrepancy but case keeps getting closed."
"CS-000708",858179,"2025-06-24","Fee Query","P4 - Low","interchange_fee_query","Repeat caller from French bakery chain questioning why Visa Business Debit costs more than Visa Consumer Debit. They were promised a fee schedule comparison last Thursday but received nothing and are now considering legal advice."
"CS-000709",11199,"2025-08-02","Fee Query","P3 - Medium","interchange_fee_query","Following up on case from two weeks ago about interchange on contactless vs chip-and-PIN transactions. Merchant in Rotterdam insists they were told contactless is cheaper but their statement shows the opposite across 847 transactions in June."
"CS-000710",1265724,"2025-07-19","Fee Query","P4 - Low","interchange_fee_query","Second call about acquirer margin breakdown. Spanish merchant wants to understand the 0.15% difference between our rate and what they're seeing advertised online. Previous ticket was closed as ""resolved"" but merchant never actually received an explanation."
"CS-000711",1861230,"2025-09-19","Fee Query","P4 - Low","interchange_fee_query","Merchant calling again about scheme fees charged on their Clover Flex terminal. They were told on 18th June someone would explain the €67.30 monthly charge but deadline passed with no contact."
"CS-000712",8620,"2025-08-20","Fee Query","P4 - Low","interchange_fee_query","This pharmacy in Vienna has now called three times about the same interchange query on prescription transactions over €100. Each time they're told it will be escalated but they never hear back and are threatening regulatory complaint."
"CS-000713",1512,"2025-09-06","Fee Query","P4 - Low","interchange_fee_query","Follow-up on unresolved case about why their effective rate was 1.67% in June when contract states 1.45%. Merchant has done their own calculations across 2,341 transactions and the €890 difference is significant for their small business."
"CS-000714",175390,"2025-09-05","Fee Query","P4 - Low","interchange_fee_query","Repeat contact from Portuguese merchant about Multibanco domestic scheme fees. Previous agent promised detailed breakdown of the €234 charged in September but merchant only received generic fee schedule that doesn't match their statement."
"CS-000715",80879,"2025-09-24","Fee Query","P4 - Low","interchange_fee_query","Second time calling about interchange on a specific €8,750 transaction from 5th June that incurred €131.25 in fees. Merchant was told last week this would be reviewed as the rate seems excessive but heard nothing since."
"CS-000716",551263,"2025-08-26","Fee Query","P4 - Low","interchange_fee_query","Merchant in Brussels following up on case opened nine days ago requesting full fee breakdown for Q3 2023 for tax purposes. Their accountant is waiting and they're frustrated at the delay given this should be straightforward."
"CS-000717",342411,"2025-09-13","Fee Query","P4 - Low","interchange_fee_query","Third contact about the same issue - why are their Mastercard Debit transactions from Germany charged at 0.48% but similar transactions from France only 0.32%? Previous explanations about intra-regional vs cross-border haven't satisfied them."
"CS-000718",8029,"2025-09-16","Fee Query","P4 - Low","interchange_fee_query","Follow-up call about scheme fees on their Clover Station Duo terminal. Merchant disputes the €89 monthly charge, says previous agent would check if they're being charged for services they don't use, but that was 12 days ago with no update."
"CS-000719",2418,"2025-09-21","Fee Query","P4 - Low","interchange_fee_query","Repeat case from Milan merchant who still doesn't understand why consumer credit cards cost them between 0.90% and 1.45% on different transactions. They've called twice before and keep getting told ""it depends on the card type"" without proper detail."
"CS-000720",398907,"2025-09-10","Fee Query","P3 - Medium","interchange_fee_query","Second attempt to get June fee reconciliation. Merchant's internal records show €4,567 in card sales but fees charged seem to be calculated on €4,892. Previous agent said they'd investigate the base amount discrepancy but case was closed without resolution."
"CS-000721",170444,"2025-07-18","Settlement Query","P3 - Medium","settlement_query","Merchant called about missing settlement for Friday batch. Expected €2,847.50 but nothing received in bank account by Monday morning. Checking with finance team."
"CS-000722",103,"2025-08-03","Settlement Query","P3 - Medium","settlement_query","Payout amount short by €156. Merchant claims batch total was €3,200 but only €3,044 arrived. Need to pull transaction report for Wednesday to reconcile."
"CS-000723",1284712,"2025-08-07","Settlement Query","P3 - Medium","settlement_query","Settlement schedule query from new merchant in Portugal. Currently on T+2, wants to know eligibility for T+1 and any fee implications."
"CS-000724",2225,"2025-06-03","Settlement Query","P3 - Medium","settlement_query","Batch from Saturday evening not settled. 47 Visa transactions totaling €1,923.40 stuck in pending status. Terminal ID ending in 4782."
"CS-000725",27437,"2025-08-21","Settlement Query","P2 - High","settlement_query","Merchant received €890 instead of expected €1,200 for Thursday's trading. Likely reserve hold applied but need to verify in system."
"CS-000726",587332,"2025-08-08","Settlement Query","P3 - Medium","settlement_query","Bank details update request. Merchant changing from Deutsche Bank to Commerzbank. Requires new IBAN validation before next settlement cycle."
"CS-000727",359128,"2025-07-15","Settlement Query","P3 - Medium","settlement_query","Missing Mastercard settlement from weekend. €4,567.80 across 89 transactions. All other schemes settled normally on Monday."
"CS-000728",1017089,"2025-08-15","Settlement Query","P2 - High","settlement_query","Merchant questioning why Tuesday payout was split into two separate transfers. €2,100 and €780 instead of single €2,880 payment."
"CS-000729",891471,"2025-08-08","Settlement Query","P3 - Medium","settlement_query","Clover Station Duo batch closure failed at end of day. 23 transactions not included in settlement. Merchant manually closed at 11:47pm."
"CS-000730",9769,"2025-08-19","Settlement Query","P3 - Medium","settlement_query","Expected €5,200 settlement for Monday not received by Wednesday. Merchant in Netherlands, IBAN on file appears correct. Escalating to payments ops."
"CS-000731",3002,"2025-06-22","Settlement Query","P3 - Medium","settlement_query","Merchant asking about reserve percentage. Currently 10% held on rolling basis. Wants review after six months clean processing history."
"CS-000732",14777,"2025-08-21","Settlement Query","P2 - High","settlement_query","Friday batch total €3,456 but merchant only received €3,283.20. Difference matches exactly 5% rolling reserve. Merchant wasn't aware of terms."
"CS-000733",147949,"2025-08-21","Settlement Query","P3 - Medium","settlement_query","Settlement delay reported. Thursday transactions still not paid out by Tuesday morning. Affects three terminals at same merchant location in Belgium."
"CS-000734",1689,"2025-07-07","Settlement Query","P3 - Medium","settlement_query","Incorrect bank account details on file. Merchant has been waiting for €12,400 settlement since last week. Payment bounced back, needs urgent IBAN correction."
"CS-000735",844895,"2025-06-28","Settlement Query","P3 - Medium","settlement_query","Merchant received €780 on Friday but expected closer to €2,000. Checked system - large chargeback of €1,150 deducted from this settlement."
"CS-000736",133387,"2025-08-22","Settlement Query","P3 - Medium","settlement_query","Query about American Express settlement timing. Merchant knows Visa and Mastercard are T+2 but Amex seems slower. Explained T+3 for Amex."
"CS-000737",651041,"2025-08-22","Settlement Query","P3 - Medium","settlement_query","Batch from Sunday didn't settle. Only 8 transactions totaling €234.50 but merchant needs funds. PAX terminal, batch closed at 10:15pm."
"CS-000738",31685,"2025-07-06","Settlement Query","P3 - Medium","settlement_query","Merchant in Greece asking why no settlement received for three days. Account flagged for verification after unusual spike in transaction volume."
"CS-000739",956490,"2025-08-19","Settlement Query","P3 - Medium","settlement_query","Expected payout €6,890 but received €6,200. Difference due to monthly service fees and PCI non-compliance charge totaling €690."
"CS-000740",659765,"2025-06-16","Settlement Query","P2 - High","settlement_query","Settlement schedule change request from Italian merchant. Currently weekly settlements, wants to move to daily. Processing volume supports the change."
"CS-000741",9,"2025-08-22","Settlement Query","P2 - High","settlement_query","Missing Wednesday settlement of €1,567. Merchant's bank confirmed no incoming payment. Checked our side - payment file sent successfully at 6:00am Thursday."
"CS-000742",10586,"2025-08-13","Settlement Query","P2 - High","settlement_query","Merchant received two payouts same day totaling €4,100. Confused as only expected one. One was current settlement, other was correction from previous week."
"CS-000743",14159,"2025-07-23","Settlement Query","P3 - Medium","settlement_query","Batch not settling since Saturday. 156 transactions, mix of Visa and Mastercard, total €8,934. Clover Flex showing communication error during batch transmission."
"CS-000744",9,"2025-06-23","Settlement Query","P3 - Medium","settlement_query","Austrian merchant asking about cross-border settlement fees. Processes mainly in euros but occasional Swiss franc transactions appearing on statements."
"CS-000745",32547,"2025-07-17","Settlement Query","P3 - Medium","settlement_query","Payout €2,340 less than expected. Merchant had refunds processed Monday totaling that exact amount. Didn't realize refunds deducted from next settlement."
"CS-000746",199019,"2025-09-01","Settlement Query","P3 - Medium","settlement_query","Merchant reports missing settlement for batch closed on Friday 17:43 CET containing 47 Mastercard transactions totaling €2,847.32. Terminal PAX A920 (TID 38475621) shows batch successfully transmitted with response code 00, but funds have not appeared in merchant's IBAN ending 4729 after three business days. Investigating potential routing issue with German acquiring bank."
"CS-000747",160213,"2025-09-05","Settlement Query","P3 - Medium","settlement_query","Settlement discrepancy identified: merchant expected €5,240.00 but received €4,978.60 on Tuesday morning payout. Review shows 12 Visa transactions from Saturday processed on Clover Flex 5000 terminals were subject to cross-border interchange differential not disclosed at point of sale. Merchant operates in Belgium but card issuer banks were primarily Portuguese institutions triggering higher MDR tier."
"CS-000748",42333,"2025-08-22","Settlement Query","P2 - High","settlement_query","Batch from Monday evening (closed 22:17 CET) containing 83 transactions across mixed card schemes remains in pending status for 36 hours. Terminal Clover Station Duo (TID 29384756) at Italian merchant location shows communication timeout during settlement transmission. Advising merchant to perform manual batch close and verify GPRS signal strength at installation site."
"CS-000749",1041106,"2025-06-15","Settlement Query","P3 - Medium","settlement_query","Merchant questioning why Wednesday settlement of €12,450.80 split across two separate credit entries to business account. Investigation reveals PAX A77 terminal processed 156 transactions but 23 Maestro debit transactions settled through different clearing cycle than Visa/Mastercard credit transactions due to scheme-specific settlement windows for this Greek merchant account."
"CS-000750",55165,"2025-06-20","Settlement Query","P3 - Medium","settlement_query","Missing payout for €890.45 expected Thursday morning. Merchant closed batch containing 34 transactions on Clover Flex 5000 at 18:32 CET Wednesday. System logs show batch file corrupted during transmission with only partial transaction data received by acquirer host. Terminal requires firmware update to v3.21.08 to resolve known settlement file formatting issue."
"CS-000751",309188,"2025-08-09","Settlement Query","P2 - High","settlement_query","Austrian merchant reports settlement amount €3,200.00 lower than anticipated for Friday payout. Detailed transaction review identifies 41 Mastercard contactless transactions on Clover Station Duo processed Thursday afternoon were flagged for chargeback reserve hold due to merchant category code 5812 (restaurants) risk parameters. Reserve will release after 14-day rolling period per merchant agreement terms."
"CS-000752",7460,"2025-09-11","Settlement Query","P3 - Medium","settlement_query","Batch settlement failure on Spanish merchant account: terminal Clover Flex (TID 44829301) shows error code E-47 during close-of-day procedure at 23:45 CET. Merchant attempted batch close three times with same result. Backend investigation reveals merchant's settlement bank IBAN was flagged for verification by fraud monitoring system, blocking automated clearing until manual compliance review completed."
"CS-000753",42787,"2025-09-25","Settlement Query","P3 - Medium","settlement_query","Merchant in Netherlands reports receiving €8,945.20 on Monday but internal records show €9,180.00 in card sales over weekend. Discrepancy traced to 15 Visa transactions processed Saturday on PAX S920 terminal that were subsequently voided by merchant staff on Sunday, but void confirmations not properly recorded in merchant's POS system. Actual settlement amount correct per acquirer transaction log."
"CS-000754",120975,"2025-07-16","Settlement Query","P3 - Medium","settlement_query","Portuguese merchant questioning settlement schedule change: historically received payouts every business day but last three settlements arrived on T+2 basis. Account review shows merchant processing volume decreased below €15,000 weekly threshold triggering automatic reclassification to standard settlement tier per contract terms. Merchant can request daily settlement reinstatement with updated volume projections and additional reserve requirement."
"CS-000755",384898,"2025-06-13","Settlement Query","P3 - Medium","settlement_query","Missing settlement for Irish merchant: batch of €4,567.89 closed Sunday 20:15 CET on Clover Station Duo terminal has not funded after four business days. Trace investigation reveals merchant recently updated business bank account details through portal but new IBAN failed SEPA validation due to incorrect check digits. Settlement funds held in suspense account pending merchant submission of verified banking documentation."
"CS-000756",1127546,"2025-06-24","Settlement Query","P3 - Medium","settlement_query","German merchant reports €15,240.00 settlement received Wednesday morning but expected €16,890.00 based on terminal reports. Analysis shows 67 transactions processed Tuesday on two PAX A920 terminals included 18 American Express transactions totaling €1,650.00 which settle on separate 5-day cycle per Amex scheme rules. Merchant will receive Amex portion in dedicated settlement file following Monday."
"CS-000757",7090,"2025-06-04","Settlement Query","P3 - Medium","settlement_query","Batch settlement issue on French merchant account: Clover Flex 5000 terminal (TID 55938472) processed 124 transactions Monday totaling €7,832.50 but batch close at 19:30 CET returned response code 96 (system malfunction). Merchant forced terminal reboot and successfully retransmitted batch at 20:05 CET. Confirming single settlement will process Thursday morning with no duplicate transactions posted."
"CS-000758",2701,"2025-06-14","Settlement Query","P3 - Medium","settlement_query","Belgian merchant inquiring about settlement timing: Friday batch of €3,450.00 closed at 23:58 CET but merchant uncertain whether funds will arrive Monday or Tuesday. Explaining that batches closed after 23:00 CET are processed as next business day transactions, so Friday late-night batch counts as Monday processing day with settlement occurring Tuesday per T+1 schedule for this merchant tier."
"CS-000759",23737,"2025-09-22","Settlement Query","P3 - Medium","settlement_query","Settlement discrepancy investigation: Italian merchant received €22,100.00 Thursday but daily terminal reports across three Clover Station Duo units show €23,450.00 in approved transactions. Detailed reconciliation identifies €1,350.00 in partial reversals from Wednesday where EMV chip read failures caused duplicate authorization attempts. Only successful completions settled while failed attempts automatically reversed per scheme requirements."
"CS-000760",287188,"2025-09-07","Settlement Query","P3 - Medium","settlement_query","Greek merchant reports no settlement received for Tuesday batch containing €1,890.45 across 52 transactions. PAX A77 terminal (TID 61847293) shows successful batch transmission with timestamp 18:42 CET. Investigation reveals merchant's settlement bank (Greek institution) experiencing SEPA technical issues affecting inbound credit transfers. Acquirer has confirmation funds released from clearing account; advising merchant to contact bank directly regarding delayed posting."
"CS-000761",160182,"2025-07-27","Settlement Query","P3 - Medium","settlement_query","Austrian merchant questioning €450.00 deduction from Wednesday settlement. Review of transaction data shows merchant processed €6,780.00 on Clover Flex 5000 but received €6,330.00. Deduction represents monthly terminal rental fee (€89.00), PCI compliance assessment fee (€125.00), and chargeback processing fee (€236.00) for three disputed transactions from previous month. Detailed fee breakdown sent via merchant portal."
"CS-000762",1865849,"2025-07-22","Settlement Query","P3 - Medium","settlement_query","Settlement batch from Spanish merchant location not clearing: two PAX S920 terminals processed combined €9,450.00 Saturday with batch close executed 21:30 CET. System logs indicate batch file contained transaction records with mismatched currency codes (EUR vs GBP) due to terminal misconfiguration after recent software update. Batch rejected by clearing system; merchant must void affected transactions and reprocess with correct currency settings."
"CS-000763",697358,"2025-09-06","Settlement Query","P3 - Medium","settlement_query","Dutch merchant reports receiving only €4,200.00 of expected €8,900.00 Monday settlement. Investigation shows merchant operates on split settlement arrangement where 50% of Visa and Mastercard transaction value releases immediately while remaining 50% held in rolling reserve due to merchant's high-risk MCC 5966 (direct marketing). Reserve portion releases on T+7 basis per underwriting requirements established at account opening."
"CS-000764",1164893,"2025-07-28","Settlement Query","P3 - Medium","settlement_query","Irish merchant missing settlement for Thursday: batch totaling €5,670.00 across 89 transactions closed on Clover Station Duo at 17:55 CET shows as transmitted successfully but funds not received Friday morning as expected. Trace reveals merchant recently migrated from T+2 to T+1 settlement schedule but change effective date was following Monday. Thursday batch therefore settling on standard T+2 schedule with funds arriving Monday morning."
"CS-000765",98848,"2025-07-07","Settlement Query","P3 - Medium","settlement_query","Portuguese merchant questioning settlement amount variance: received €11,450.80 Tuesday but expected €12,100.00 based on weekend transaction volume. Reconciliation shows 34 Mastercard transactions processed Sunday on Clover Flex terminal were subject to dynamic currency conversion markup reversal. Merchant's DCC provider withholds forex margin component (average 3.2% on these transactions) which settles separately through DCC service provider, not card acquirer."
"CS-000766",1059395,"2025-06-05","Settlement Query","P2 - High","settlement_query","German merchant reports batch settlement failure: PAX A920 terminal (TID 72948561) displays error code E-52 when attempting close-of-day at 23:00 CET Monday. Merchant processed €14,230.00 across 178 transactions including high volume of Girocard domestic debit. Investigation reveals merchant exceeded daily transaction count limit (150 transactions) for current terminal configuration. Batch manually split and resubmitted; settlement processing Wednesday morning with both batch components combined."
"CS-000767",849579,"2025-08-11","Settlement Query","P3 - Medium","settlement_query","French merchant inquiry regarding settlement bank details update: merchant submitted new IBAN through portal Friday but uncertain when change becomes effective for settlement routing. Confirming bank detail updates require 3 business day processing period for SEPA validation and fraud screening. Current settlements continue to original account ending 8834 through Tuesday; new account ending 2947 becomes active for Wednesday settlement onwards."
"CS-000768",855652,"2025-09-17","Settlement Query","P3 - Medium","settlement_query","Belgian merchant reports €2,340.00 settlement shortfall on Friday payout. Analysis of Thursday transaction data from Clover Station Duo terminal shows merchant processed €18,900.00 but €2,340.00 represents 47 refund transactions issued to customers for returned merchandise. Refunds processed as separate debit entries reducing net settlement amount. Merchant's POS system was displaying gross card sales without accounting for same-day refund offsets."
"CS-000769",55011,"2025-09-21","Settlement Query","P2 - High","settlement_query","Italian merchant missing expected Monday settlement of €7,800.00 from weekend processing across two Clover Flex 5000 terminals. Investigation shows merchant's acquiring account flagged Sunday evening by automated fraud monitoring due to transaction velocity anomaly (weekend volume 340% above merchant's 90-day average). Settlement temporarily held pending manual merchant verification call to confirm legitimate business activity spike related to local festival event."
"CS-000770",242615,"2025-07-09","Settlement Query","P3 - Medium","settlement_query","Spanish merchant questioning why Tuesday settlement of €5,450.00 arrived in three separate credit entries rather than single consolidated payment. Review shows merchant processed transactions across Visa (€3,200.00), Mastercard (€1,890.00), and Maestro (€360.00) schemes on Monday. Merchant's settlement configuration set to scheme-specific funding rather than aggregated settlement due to different reserve requirements per card scheme based on merchant's processing history and risk profile."
"CS-000771",1042,"2025-08-08","Settlement Query","P3 - Medium","settlement_query","Greek merchant reports Clover Flex 5000 terminal (TID 83746529) unable to close batch containing €3,670.00 from Wednesday processing. Terminal displays ""Settlement Pending"" status for 18 hours with 67 transactions stuck in batch. Remote diagnostics show terminal's settlement communication module attempting connection on incorrect port configuration following recent network infrastructure change at merchant location. Terminal parameters updated remotely; batch successfully transmitted and settlement scheduled for Friday morning."
"CS-000772",10595,"2025-07-26","Settlement Query","P3 - Medium","settlement_query","Payout for Friday batch still not in account - expected €2,847.50 by Monday morning but nothing showing. Need this sorted NOW as I have suppliers to pay."
"CS-000773",21114,"2025-08-27","Settlement Query","P3 - Medium","settlement_query","Where's my money? Settlement report shows €1,205 but only €1,089 hit the bank account yesterday. What happened to the other €116?"
"CS-000774",234672,"2025-06-04","Settlement Query","P3 - Medium","settlement_query","Batch from Saturday evening won't close - tried three times on the Clover Flex. 47 transactions just sitting there."
"CS-000775",395952,"2025-08-11","Settlement Query","P2 - High","settlement_query","Expected settlement today for €3,200 worth of Mastercard transactions from the weekend. Bank account empty. What's the delay?"
"CS-000776",402269,"2025-06-23","Settlement Query","P3 - Medium","settlement_query","Your system says I'm on T+2 settlement but I signed up for next day. Check my contract - I need this fixed immediately."
"CS-000777",1040974,"2025-08-18","Settlement Query","P3 - Medium","settlement_query","Missing €450 from Tuesday's payout. Had €1,680 in sales but only €1,230 arrived. No explanation in the portal."
"CS-000778",644707,"2025-08-22","Settlement Query","P3 - Medium","settlement_query","Batch won't settle again - third time this month. Terminal keeps timing out when I try to close at end of day."
"CS-000779",33,"2025-07-10","Settlement Query","P2 - High","settlement_query","Changed bank account details last week through portal but payouts still going to old account. How long does this take?"
"CS-000780",227558,"2025-07-28","Settlement Query","P3 - Medium","settlement_query","Thursday settlement short by exactly €89. Checked all refunds and chargebacks - nothing explains it."
"CS-000781",1526904,"2025-08-18","Settlement Query","P3 - Medium","settlement_query","Need to switch from weekly to daily payouts. Cash flow is killing me and I can't wait until Fridays anymore."
"CS-000782",901878,"2025-07-05","Settlement Query","P3 - Medium","settlement_query","€5,400 batch from Sunday still pending on Wednesday morning. This is unacceptable - what's going on?"
"CS-000783",1077610,"2025-06-09","Settlement Query","P3 - Medium","settlement_query","Visa transactions settling fine but Amex batch from Monday nowhere to be seen. Already 48 hours."
"CS-000784",159074,"2025-06-15","Settlement Query","P3 - Medium","settlement_query","Portal shows settlement of €892 on the 15th but my bank statement has nothing. Checked twice - it's not there."
"CS-000785",1129513,"2025-07-12","Settlement Query","P3 - Medium","settlement_query","Why am I getting two separate payouts now? Used to be one combined amount, now Visa and Mastercard come separately."
"CS-000786",3696,"2025-09-09","Settlement Query","P3 - Medium","settlement_query","Terminal says batch settled but amount doesn't match what's in my bank. €2,100 vs €1,950. Need explanation."
"CS-000787",2044,"2025-08-07","Settlement Query","P3 - Medium","settlement_query","Tried to close batch at 11pm last night - system error. Tried again this morning - same thing. 83 transactions stuck."
"CS-000788",1808109,"2025-06-08","Settlement Query","P3 - Medium","settlement_query","Settlement schedule says daily but I'm only getting paid twice a week. Sort this out or I'm switching providers."
"CS-000789",1279181,"2025-06-22","Settlement Query","P2 - High","settlement_query","€340 missing from yesterday's payout. Had 12 transactions totaling €1,240 but only €900 arrived."
"CS-000790",190396,"2025-07-28","Settlement Query","P3 - Medium","settlement_query","Bank details update still not processed after 10 days. Payouts bouncing back and I'm losing money every day."
"CS-000791",1191214,"2025-08-11","Settlement Query","P3 - Medium","settlement_query","Batch from Saturday night - €4,200 worth - still showing as pending. It's Tuesday afternoon. Unacceptable."
"CS-000792",943574,"2025-06-20","Settlement Query","P2 - High","settlement_query","Why is there a €25 deduction from my settlement? No explanation anywhere in the portal or email."
"CS-000793",70263,"2025-07-13","Settlement Query","P2 - High","settlement_query","Expected €1,850 this morning for yesterday's sales. Got €1,680 instead. What fees weren't disclosed?"
"CS-000794",442140,"2025-06-13","Settlement Query","P3 - Medium","settlement_query","Clover Station Duo won't finalize batch - error code 503. 29 transactions from today stuck in limbo."
"CS-000795",106337,"2025-08-25","Settlement Query","P2 - High","settlement_query","Settlement report shows different amount than what hit my account - €3,100 vs €2,975. Need itemized breakdown immediately."
"CS-000796",294079,"2025-06-24","Settlement Query","P3 - Medium","settlement_query","Changed from weekly to daily settlements two weeks ago but still getting weekly payouts. Fix this today."
"CS-000797",1221211,"2025-08-25","Settlement Query","P2 - High","settlement_query","Merchant reports settlement of €12,847.50 expected on 15th June has not arrived in their nominated account ending 4521. Batch was successfully closed at 23:45 on 14th June containing 187 Visa and Mastercard transactions. Awaiting confirmation from banking partner on transfer status."
"CS-000798",80130,"2025-08-08","Settlement Query","P3 - Medium","settlement_query","Expected payout for Friday 8th July was €8,234.12 but merchant received €7,891.45. Discrepancy of €342.67 requires investigation. Merchant has provided bank statement showing the lower amount credited at 09:23 CET."
"CS-000799",1415797,"2025-08-21","Settlement Query","P2 - High","settlement_query","Batch from terminal ID T-9847 containing €4,567.89 in transactions from 22nd June remains unsettled after five business days. Terminal is a Clover Station Duo processing primarily Mastercard contactless payments."
"CS-000800",1835351,"2025-07-04","Settlement Query","P3 - Medium","settlement_query","Merchant inquiring about changing settlement schedule from T+2 to T+1 for their three active terminals. Current monthly processing volume is approximately €145,000 across all locations in Dublin."
"CS-000801",266,"2025-07-17","Settlement Query","P3 - Medium","settlement_query","Settlement received on 3rd May for €15,678.23 does not reconcile with merchant's records showing €16,234.88 in card sales. Difference of €556.65 cannot be explained by standard merchant service charges of 1.75%."
"CS-000802",236599,"2025-08-12","Settlement Query","P3 - Medium","settlement_query","Merchant requests confirmation of bank account details on file for settlements. They recently changed banking providers and need to update IBAN from NL91ABNA0417164300 to NL89RABO0123456789 effective immediately."
"CS-000803",246819,"2025-08-22","Settlement Query","P3 - Medium","settlement_query","Batch closed on Sunday 12th June at 22:17 containing €3,421.67 has not settled by Wednesday 15th June. All 94 transactions were Visa debit card payments processed through PAX A920 terminal."
"CS-000804",105390,"2025-07-12","Settlement Query","P3 - Medium","settlement_query","Payout scheduled for Monday 27th June missing from merchant account. Expected amount was €21,456.78 covering weekend trading period. Merchant's bank confirms no incoming payment received as of 14:00 CET."
"CS-000805",121891,"2025-06-15","Settlement Query","P2 - High","settlement_query","Merchant disputes settlement amount of €9,876.12 received on 19th July, claiming batch total was €10,234.50. Request to review transaction logs for terminal T-4521 covering 18th July 08:00 to 23:59."
"CS-000806",1860601,"2025-08-11","Settlement Query","P3 - Medium","settlement_query","Query regarding why Saturday and Sunday batches totaling €6,789.45 have not settled by Tuesday morning. Merchant operates T+1 settlement schedule and expected funds by 10:00 on 21st June."
"CS-000807",1,"2025-06-22","Settlement Query","P3 - Medium","settlement_query","Merchant received €18,234.67 on 5th September but cannot identify which trading day this settlement relates to. Requesting breakdown of transaction dates and counts included in this payout."
"CS-000808",6005,"2025-09-28","Settlement Query","P3 - Medium","settlement_query","Terminal batch from 30th September showing €5,432.10 in sales has status ""pending settlement"" for seven business days. Merchant requires urgent resolution as this represents significant cash flow impact."
"CS-000809",293467,"2025-08-25","Settlement Query","P2 - High","settlement_query","Request to change settlement frequency from weekly to daily for merchant account M-78451. Current weekly settlements averaging €34,500 are causing cash flow difficulties for this restaurant business in Lyon."
"CS-000810",21142,"2025-07-06","Settlement Query","P3 - Medium","settlement_query","Payout of €7,654.32 expected Thursday 16th September has not arrived. Merchant's bank account details verified as correct: IBAN DE89370400440532013000. Batch successfully transmitted at 23:52 on 15th September."
"CS-000811",915798,"2025-08-27","Settlement Query","P2 - High","settlement_query","Merchant questions why settlement of €11,234.88 received on 8th June is lower than expected €12,100.00. Batch contained 156 transactions: 98 Visa, 47 Mastercard, 11 Amex processed through Clover Flex 5000."
"CS-000812",12,"2025-08-12","Settlement Query","P2 - High","settlement_query","Settlement schedule clarification needed for merchant operating in Portugal. Currently receiving payouts on Wednesdays for previous week's trading but wishes to understand eligibility for daily settlement given monthly volume of €89,000."
"CS-000813",442164,"2025-06-23","Settlement Query","P3 - Medium","settlement_query","Batch from 4th July totaling €4,123.67 shows as settled in portal but merchant confirms no funds received in account ending 7823 by 7th July. Bank statement provided showing no credit for this amount."
"CS-000814",1913947,"2025-06-18","Settlement Query","P2 - High","settlement_query","Merchant reports receiving duplicate settlement of €6,543.21 on 14th May. Original payout for this amount received on 13th May. Requesting confirmation whether second payment will be reversed."
"CS-000815",1447755,"2025-08-28","Settlement Query","P3 - Medium","settlement_query","Expected payout for Monday 25th July was €14,567.34 but only €13,890.12 received. Merchant service charge should be 1.65% which does not account for shortfall of €677.22. Urgent reconciliation required."
"CS-000816",390624,"2025-07-24","Settlement Query","P3 - Medium","settlement_query","Terminal T-6634 batch closed at 20:15 on 2nd September containing €8,901.45 remains unsettled after three business days. All 203 transactions were chip and PIN, mix of Visa and Mastercard debit cards."
"CS-000817",1,"2025-09-02","Settlement Query","P2 - High","settlement_query","Merchant in Amsterdam requests update of settlement bank details. New IBAN is NL76INGB0123456789, replacing previous account which will close on 31st August. Confirmation required before next settlement cycle."
"CS-000818",165411,"2025-06-13","Settlement Query","P3 - Medium","settlement_query","Friday 17th June settlement of €19,876.54 missing from merchant account. Batch included 287 transactions processed across two terminals between 06:00 and 23:45. Merchant's bank shows no pending credits as of 20th June."
"CS-000819",1839383,"2025-09-07","Settlement Query","P3 - Medium","settlement_query","Query on settlement amount received 9th June showing €7,234.11 when merchant records indicate €7,890.00 in card sales for 8th June. Requesting itemized breakdown including any chargebacks or adjustments applied."
"CS-000820",172498,"2025-08-23","Settlement Query","P3 - Medium","settlement_query","Merchant operating T+2 settlement asks whether public holidays affect payout timing. Specifically concerned about batch closed Thursday 6th July and whether Easter Monday 10th July delays settlement to Tuesday 11th July."
"CS-000821",45799,"2025-07-25","Settlement Query","P3 - Medium","settlement_query","Batch totaling €3,567.89 from terminal PAX A77 processed on 28th September shows settlement status ""on hold"" in merchant portal. Merchant requires explanation and estimated resolution timeframe as rent payment depends on these funds."
"CS-000822",80450,"2025-06-14","Settlement Query","P2 - High","settlement_query","Merchant called asking if we could help them understand why their payout hasn't arrived yet - they were expecting €2,450 yesterday but their bank account still shows nothing today. They mentioned this is only their second month with us and wanted to check if they need to do something to trigger the settlement."
"CS-000823",50687,"2025-06-17","Settlement Query","P3 - Medium","settlement_query","Quick question from a new café owner in Dublin - they processed about €890 in Visa transactions on Friday and €1,200 on Saturday, but only received €890 in their account on Monday. Is the Saturday batch coming separately or did something go wrong with those sales?"
"CS-000824",16530,"2025-07-01","Settlement Query","P2 - High","settlement_query","Merchant is politely asking about settlement timing. They have a Clover Station Duo terminal and aren't sure what time of day they need to close their batch to get paid the next business day. Currently they've been closing around 11pm but payments seem inconsistent."
"CS-000825",2583,"2025-07-16","Settlement Query","P2 - High","settlement_query","New restaurant in Lyon processed their first week of transactions totaling approximately €3,800 but received €3,650. They're not complaining but genuinely want to understand what fees or deductions would account for the €150 difference so they can plan their cash flow better."
"CS-000826",12787,"2025-07-12","Settlement Query","P3 - Medium","settlement_query","Merchant wondering if there's a minimum threshold for payouts - they only did €45 in card sales on Tuesday and haven't seen that money yet, though their larger batches from other days have come through fine. Just want to understand how it works."
"CS-000827",19914,"2025-06-23","Settlement Query","P2 - High","settlement_query","Small retailer in Munich asking whether Mastercard and Visa transactions settle together or separately. They're trying to reconcile their books and want to know if they should expect one combined payout or multiple transfers for different card schemes."
"CS-000828",461047,"2025-07-17","Settlement Query","P3 - Medium","settlement_query","Merchant called to ask about changing their settlement schedule from weekly to daily. They currently receive payouts every Friday but their cash flow would be better with daily settlements. Want to know if this is possible and if there are any fees for switching."
"CS-000829",180350,"2025-07-02","Settlement Query","P2 - High","settlement_query","New merchant in Amsterdam processed €5,200 over the weekend but their bank account only shows €4,940. They're asking if this is the normal fee structure or if they should be concerned. Very polite and just want clarification on what to expect going forward."
"CS-000830",1330,"2025-09-23","Settlement Query","P3 - Medium","settlement_query","Question about a batch from Wednesday that doesn't seem to have settled. Merchant has a PAX A920 terminal and they're pretty sure they closed the batch properly around 8pm, but it's now Friday and they haven't received the €1,680 from those transactions."
"CS-000831",1603018,"2025-06-08","Settlement Query","P3 - Medium","settlement_query","Merchant in Milan asking if bank holidays affect settlement timing. They closed their batch on Thursday evening before a public holiday on Friday and want to know when they should expect their €2,100 payout to arrive."
"CS-000832",240785,"2025-07-12","Settlement Query","P2 - High","settlement_query","Small hotel in Portugal processed about 15 transactions on Sunday totaling €980, but when they check their terminal's batch report it shows the batch is still open. They're asking what they might have done wrong and how to make sure it settles properly."
"CS-000833",1900960,"2025-09-22","Settlement Query","P2 - High","settlement_query","New merchant wondering if they need to update anything after changing their business bank account. They switched banks last week and want to make sure their settlements will go to the new account. Their next payout of around €3,400 is due tomorrow."
"CS-000834",1367210,"2025-09-04","Settlement Query","P2 - High","settlement_query","Merchant in Brussels asking about a €2,890 payout that arrived today but they were expecting closer to €3,100 based on their terminal receipts. They're wondering if some transactions might still be pending or if they miscalculated something."
"CS-000835",620361,"2025-07-19","Settlement Query","P3 - Medium","settlement_query","Question from a bakery owner who processed their first batch yesterday - about €340 in mostly contactless Visa payments. They want to know how many business days it typically takes to receive the money and if weekends count toward that timeframe."
"CS-000836",4,"2025-09-11","Settlement Query","P3 - Medium","settlement_query","Merchant has a Clover Flex 5000 and is asking if they need to do anything special at end of day besides the settlement button. They've been in business three weeks and sometimes their payouts seem to match their expectations and sometimes they don't."
"CS-000837",398309,"2025-06-12","Settlement Query","P2 - High","settlement_query","Small shop in Athens processed €780 on Monday and €650 on Tuesday but only received one payout for €780. They're asking if Tuesday's batch might have failed to close properly and what they should check on their terminal to verify."
"CS-000838",1205,"2025-07-11","Settlement Query","P3 - Medium","settlement_query","New merchant asking about the difference between their gross sales and net settlement. They processed €4,200 in Mastercard transactions last week but received €3,990. Want to understand if the €210 difference is normal and what it covers."
"CS-000839",1,"2025-06-04","Settlement Query","P3 - Medium","settlement_query","Merchant in Vienna wondering if there's a cutoff time for same-day settlement processing. They usually close their batch around 10pm and want to know if closing earlier in the evening would get them paid faster."
"CS-000840",630914,"2025-09-28","Settlement Query","P3 - Medium","settlement_query","Question about a missing payout for €1,450 from last Thursday's batch. Merchant is fairly new and asking if they should wait longer or if there's a way to check the status of a specific settlement in the system."
"CS-000841",443528,"2025-09-15","Settlement Query","P2 - High","settlement_query","Small pharmacy in Spain asking if all card types settle at the same speed. They noticed their Visa Debit transactions seem to arrive quickly but they're unsure about the Mastercard Credit payments from the same day."
"CS-000842",21051,"2025-06-22","Settlement Query","P2 - High","settlement_query","Merchant processed 47 transactions on Saturday totaling €2,340 but their Monday payout was only €2,180. They're politely asking if we can help them understand which transactions might be missing or if the fees are higher than they expected."
"CS-000843",142594,"2025-06-27","Settlement Query","P3 - Medium","settlement_query","New merchant in Ireland asking about settlement schedules - they thought they were on a T+1 schedule but their Friday sales didn't arrive until Wednesday. Want to confirm what their actual settlement terms are and if that timing is correct."
"CS-000844",33232,"2025-07-01","Settlement Query","P3 - Medium","settlement_query","Question from a merchant who just received €890 but was expecting their weekly settlement of around €6,500. They're wondering if this is a partial payment or if there's an issue with their other batches from the week."
"CS-000845",583365,"2025-07-09","Settlement Query","P3 - Medium","settlement_query","Small boutique in France asking if they need to close their terminal batch before midnight to get next-day settlement. They sometimes have late customers and want to understand the exact timing requirements for their payouts."
"CS-000846",193292,"2025-09-02","Settlement Query","P3 - Medium","settlement_query","Merchant with a Clover Station Duo asking about a batch that shows as closed on their terminal from Tuesday but they still haven't received the €1,920 payout. It's now Thursday afternoon and they're wondering if they should be concerned or just wait longer."
"CS-000847",32,"2025-06-15","Settlement Query","P3 - Medium","settlement_query","Merchant operates three coffee shops in Dublin and noticed Friday's settlement for location on Grafton Street was €2,847.50 but the other two locations on Dame Street and Henry Street received nothing despite similar transaction volumes around €2,500 each."
"CS-000848",97184,"2025-09-13","Settlement Query","P3 - Medium","settlement_query","Multi-site restaurant group with venues in Lyon, Marseille and Nice reporting that the Nice location's Tuesday batch containing 187 Mastercard transactions totaling €4,329.00 has not settled while the other two locations settled normally on Wednesday morning."
"CS-000849",1240634,"2025-07-20","Settlement Query","P3 - Medium","settlement_query","Franchise operator with seven locations across Germany states that the Munich and Hamburg terminals received payouts yesterday but the five other sites in Berlin, Frankfurt and Cologne show no settlement since Monday despite processing over €15,000 combined."
"CS-000850",1329224,"2025-09-14","Settlement Query","P3 - Medium","settlement_query","Merchant runs four retail stores in Amsterdam, Rotterdam, Utrecht and The Hague. The Utrecht store's Clover Flex 5000 terminal shows 94 transactions on Thursday but Friday's expected payout of approximately €3,200 never arrived while other locations settled correctly."
"CS-000851",685801,"2025-09-23","Settlement Query","P3 - Medium","settlement_query","Chain of five gyms across Belgium with locations in Brussels, Antwerp, Ghent, Bruges and Liège. Brussels location received €8,945.23 on Wednesday but expected closer to €12,000 based on membership payments processed. Other four sites show correct amounts."
"CS-000852",146134,"2025-06-23","Settlement Query","P3 - Medium","settlement_query","Operator of three pharmacies in Madrid, Barcelona and Valencia noting that Barcelona's settlement schedule appears to be one day behind the other two locations—transactions from Monday arrived Wednesday instead of Tuesday."
"CS-000853",797,"2025-09-25","Settlement Query","P3 - Medium","settlement_query","Six-location bakery chain across Austria with shops in Vienna, Graz, Linz, Salzburg, Innsbruck and Klagenfurt. The Salzburg and Innsbruck locations have not received settlements for the past three days while the other four are settling daily as expected."
"CS-000854",1133790,"2025-07-15","Settlement Query","P2 - High","settlement_query","Merchant with four clothing boutiques in Lisbon, Porto, Braga and Coimbra reports that Porto location received only €1,247.80 yesterday but the terminal batch report shows €5,638.90 in Visa transactions should have settled."
"CS-000855",77842,"2025-09-15","Settlement Query","P3 - Medium","settlement_query","Restaurant group operating eleven locations across Ireland questions why their Galway and Cork sites settle at 9 AM but their Dublin locations don't receive funds until after 2 PM despite all using the same acquiring agreement."
"CS-000856",771963,"2025-08-25","Settlement Query","P3 - Medium","settlement_query","Five-location electronics retailer in Netherlands with stores in Amsterdam, Eindhoven, Groningen, Maastricht and Nijmegen. Maastricht terminal processed 203 transactions on Saturday totaling €18,450 but Monday's payout was only €7,320 with no explanation."
"CS-000857",140137,"2025-08-21","Settlement Query","P3 - Medium","settlement_query","Petrol station operator with nine sites across Germany reports that three locations in Bavaria are settling correctly but six locations in North Rhine-Westphalia show batches stuck in pending status since Thursday evening."
"CS-000858",37883,"2025-09-17","Settlement Query","P2 - High","settlement_query","Merchant runs eight hair salons across France in Paris, Lyon, Toulouse, Bordeaux, Nantes, Strasbourg, Montpellier and Lille. The Toulouse location's Wednesday batch with 67 transactions hasn't settled while all other locations received Friday payouts normally."
"CS-000859",910,"2025-09-14","Settlement Query","P3 - Medium","settlement_query","Four-location supermarket chain in Greece with stores in Athens, Thessaloniki, Patras and Heraklion. Athens store received €34,567.12 but expected around €41,000 based on weekend trading—other three locations show amounts matching expectations."
"CS-000860",2341,"2025-07-23","Settlement Query","P3 - Medium","settlement_query","Operator of twelve mobile phone shops across Spain and Portugal noting that all four Portuguese locations settled correctly on Tuesday but eight Spanish locations are missing settlements for Monday's trading day entirely."
"CS-000861",383580,"2025-07-17","Settlement Query","P3 - Medium","settlement_query","Six pizza restaurants across Belgium and Netherlands—three in each country. All Belgian locations received payouts Wednesday morning around 8 AM but the Dutch locations in Arnhem, Tilburg and Breda are still showing no settlement for Tuesday's batches."
"CS-000862",5272,"2025-06-12","Settlement Query","P3 - Medium","settlement_query","Merchant with seven bookshops in Italy across Rome, Milan, Naples, Turin, Florence, Venice and Bologna. The Venice and Bologna terminals both Clover Station Duo models show batch totals of €2,890 and €3,145 respectively but neither settled on expected day."
"CS-000863",313543,"2025-07-03","Settlement Query","P2 - High","settlement_query","Fitness equipment retailer operating five showrooms in Germany asks why their Frankfurt location settles to a different bank account than the other four locations and wants all five sites consolidated to one settlement account."
"CS-000864",1178277,"2025-09-26","Settlement Query","P3 - Medium","settlement_query","Three-location dental practice group in Ireland with clinics in Dublin, Limerick and Waterford. Limerick clinic processed 45 transactions Thursday including several large Amex payments totaling €6,200 but Friday settlement was only €1,890."
"CS-000865",187545,"2025-08-19","Settlement Query","P3 - Medium","settlement_query","Operator of fifteen convenience stores across France reports that stores in the Paris region receive settlements on a T+1 schedule but stores in southern France appear to be on T+2 schedule—wants to understand why there's a regional difference."
"CS-000866",1780061,"2025-08-27","Settlement Query","P3 - Medium","settlement_query","Four-location car wash chain in Austria with sites in Vienna, Graz, Linz and Salzburg. Saturday was extremely busy with over 300 transactions per location but only Vienna and Graz received Sunday settlements while Linz and Salzburg show nothing."
"CS-000867",749995,"2025-08-22","Settlement Query","P3 - Medium","settlement_query","Merchant operates six jewelry stores across Netherlands and Belgium—four in Netherlands, two in Belgium. The two Belgian stores in Brussels and Antwerp have not settled since last Wednesday despite daily batches closing successfully on the terminals."
"CS-000868",38962,"2025-08-19","Settlement Query","P3 - Medium","settlement_query","Eight-location optician chain across Germany questions why their terminals in former East Germany locations settle approximately four hours later than their West Germany locations despite all batches closing at 11 PM."
"CS-000869",559556,"2025-06-25","Settlement Query","P3 - Medium","settlement_query","Restaurant operator with five locations in Spain across Madrid, Barcelona, Seville, Bilbao and Zaragoza. The Zaragoza location's Clover Flex 5000 shows a batch of €4,567.30 from last Friday that still hasn't appeared in their bank account."
"CS-000870",1773750,"2025-09-24","Settlement Query","P3 - Medium","settlement_query","Three-location garden center group in Ireland with sites in Dublin, Cork and Limerick reports that Cork location received €12,340.50 on Thursday but their internal records show they processed €19,200 in card payments on Tuesday."
"CS-000871",861173,"2025-09-26","Settlement Query","P2 - High","settlement_query","Merchant with ten cafes across Portugal and Spain—seven in Portugal, three in Spain. All Portuguese locations settling normally but the three Spanish locations in Barcelona, Madrid and Valencia have received no payouts for the entire week despite processing transactions daily."
"CS-000872",43852,"2025-09-14","Settlement Query","P3 - Medium","settlement_query","Merchant reports expected settlement of €12,450 from Friday's transactions has not arrived in their account as of Monday morning. Business is unable to meet supplier payment deadline today and requests urgent investigation into the missing funds."
"CS-000873",65951,"2025-08-06","Settlement Query","P3 - Medium","settlement_query","Settlement batch from 18th June containing 247 Mastercard transactions totaling €8,923.45 remains in pending status for 72 hours. Merchant operates a restaurant and requires these funds to process weekly payroll."
"CS-000874",8407,"2025-06-02","Settlement Query","P3 - Medium","settlement_query","Discrepancy identified between merchant's terminal reports showing €15,670 in sales versus settlement amount of €14,890 received yesterday. The €780 difference represents approximately 5% of expected revenue and merchant requests detailed transaction-level reconciliation."
"CS-000875",73359,"2025-07-08","Settlement Query","P3 - Medium","settlement_query","Merchant in Dublin inquired about changing settlement schedule from T+2 to T+1 to improve cash flow management. Current arrangement causes strain on working capital for their retail clothing business during peak season."
"CS-000876",76361,"2025-09-16","Settlement Query","P3 - Medium","settlement_query","Expected payout of €3,240 from weekend trading has not appeared in the designated bank account by Wednesday afternoon. Merchant's rent payment has bounced as a result and they are requesting immediate resolution."
"CS-000877",1703,"2025-08-18","Settlement Query","P2 - High","settlement_query","Batch settlement for Tuesday containing 89 Visa transactions worth €4,567.80 failed to process. Merchant's bakery business depends on daily settlements to purchase fresh ingredients each morning."
"CS-000878",42831,"2025-06-23","Settlement Query","P3 - Medium","settlement_query","Merchant questions why settlement received today shows €22,100 when their terminal batch report indicates €23,450 in card sales. The missing €1,350 represents critical operating funds for their automotive repair shop."
"CS-000879",399870,"2025-06-28","Settlement Query","P3 - Medium","settlement_query","Portuguese merchant reports three days of missing settlements totaling approximately €18,000. Business has insufficient funds to restock inventory and requests emergency investigation into the delayed payouts."
"CS-000880",2634,"2025-09-20","Settlement Query","P2 - High","settlement_query","Settlement for Saturday's transactions processed at €6,789 but merchant's records show €7,234 in card payments accepted. The €445 variance is unexplained and impacting the pharmacy's ability to reconcile accounts accurately."
"CS-000881",7643,"2025-06-04","Settlement Query","P3 - Medium","settlement_query","Merchant using Clover Flex across four locations reports that only two sites' settlements arrived yesterday. Missing funds of €9,450 from the other two locations are preventing wage payments to staff."
"CS-000882",42911,"2025-09-24","Settlement Query","P3 - Medium","settlement_query","Greek merchant inquires whether bank details can be updated to new IBAN as previous business account has been closed. Urgent resolution needed as €34,500 in pending settlements cannot be processed to old account."
"CS-000883",340286,"2025-06-10","Settlement Query","P3 - Medium","settlement_query","Batch containing 156 contactless transactions from Monday totaling €2,890.50 shows as rejected in settlement system. Coffee shop merchant reports this represents their entire day's revenue and creates immediate cash flow crisis."
"CS-000884",370541,"2025-07-14","Settlement Query","P3 - Medium","settlement_query","Expected Thursday settlement of €11,200 has not arrived by Friday evening. German merchant's direct debit payments for utilities are scheduled for Monday and insufficient funds will result in service interruptions."
"CS-000885",280503,"2025-07-12","Settlement Query","P3 - Medium","settlement_query","Merchant reports receiving only €8,900 of expected €10,400 settlement from Wednesday's trading. The €1,500 shortfall is unexplained and represents significant portion of weekly revenue for their hair salon business."
"CS-000886",38593,"2025-08-04","Settlement Query","P2 - High","settlement_query","Settlement batch from 22nd containing mix of Visa, Mastercard and Maestro transactions worth €16,780 remains unprocessed after 96 hours. Merchant cannot meet tax payment deadline without these funds."
"CS-000887",465315,"2025-08-25","Settlement Query","P3 - Medium","settlement_query","Austrian merchant questions why settlements arrive inconsistently between 08:00 and 16:00 each day. Predictable timing required for automated accounting reconciliation and treasury management processes."
"CS-000888",722853,"2025-07-25","Settlement Query","P3 - Medium","settlement_query","Payout of €5,670 expected Monday morning has not materialized by Tuesday afternoon. Belgian merchant's supplier invoices are overdue and business relationship is at risk without immediate access to these card sales proceeds."
"CS-000889",1099045,"2025-09-07","Settlement Query","P3 - Medium","settlement_query","Merchant operating hotel in Spain reports settlement amount of €28,900 is €3,200 less than expected from weekend bookings. Discrepancy is preventing accurate financial reporting to ownership group."
"CS-000890",596258,"2025-07-03","Settlement Query","P3 - Medium","settlement_query","Friday's batch containing 412 transactions across three Clover Station Duo shows total of €19,450 but only €18,100 was settled. Italian merchant requires explanation for the €1,350 difference to complete month-end accounts."
"CS-000891",84279,"2025-06-10","Settlement Query","P3 - Medium","settlement_query","Settlement schedule confirmation requested by Netherlands merchant currently processing €45,000 weekly in card payments. Business is evaluating whether current T+3 arrangement is optimal for their cash flow requirements."
"CS-000892",992022,"2025-07-28","Settlement Query","P3 - Medium","settlement_query","Merchant reports complete absence of settlement for Thursday's €7,800 in transactions. Payroll processing scheduled for today cannot proceed without these funds, affecting 12 employees."
"CS-000893",18576,"2025-06-11","Settlement Query","P3 - Medium","settlement_query","Batch from Sunday containing 67 transactions totaling €3,456.20 rejected due to unspecified technical error. Merchant's small grocery store operates on minimal margins and requires daily settlements to maintain operations."
"CS-000894",9804,"2025-09-10","Settlement Query","P3 - Medium","settlement_query","French merchant questions €2,100 difference between €14,600 settlement received and €16,700 shown in daily sales reports. Variance is material to monthly revenue targets and requires urgent investigation."
"CS-000895",1996085,"2025-06-06","Settlement Query","P3 - Medium","settlement_query","Expected settlement of €9,870 from Tuesday has not reached merchant's account by Thursday morning. Irish merchant's insurance premium payment has failed and coverage may lapse without immediate resolution."
"CS-000896",283797,"2025-06-19","Settlement Query","P3 - Medium","settlement_query","Merchant requests clarification on settlement fees as received amount of €20,450 appears lower than expected after processing €21,200 in card sales. Transparency needed regarding deduction calculations to forecast net revenues accurately."
"CS-000897",48906,"2025-09-25","Settlement Query","P3 - Medium","settlement_query","Merchant calling back regarding missing settlement from last Thursday - still no funds received for €4,287.50 batch. Previous ticket #8821 marked resolved but issue persists. Escalating to settlements team immediately."
"CS-000898",80345,"2025-07-04","Settlement Query","P2 - High","settlement_query","Third contact this month about Mastercard transactions settling separately from Visa. Merchant frustrated that we haven't implemented the combined settlement schedule discussed in previous two calls. Batch from Monday 14th still showing as pending."
"CS-000899",626448,"2025-06-12","Settlement Query","P3 - Medium","settlement_query","Follow-up on discrepancy case opened six days ago - merchant reports another short settlement today of €156.80 when expecting €892.30. Same Clover Flex 5000 terminal involved as last time. Requesting urgent transaction reconciliation report."
"CS-000900",103277,"2025-07-05","Settlement Query","P3 - Medium","settlement_query","Merchant back on line about Friday's missing payout, now also reporting today's settlement hasn't arrived either. Total outstanding €12,450 across both batches. Previous case #9104 still shows ""under investigation"" status from four days ago."
"CS-000901",28205,"2025-07-17","Settlement Query","P3 - Medium","settlement_query","Repeat caller from Belgian merchant - settlement schedule still not updated to weekly as requested in three previous tickets. Currently receiving daily payouts but wants consolidated Friday transfers. Needs confirmation of implementation date."
"CS-000902",24778,"2025-06-21","Settlement Query","P3 - Medium","settlement_query","Another short settlement reported by this merchant - €3,200 expected but only €2,845 received this morning. This is the fourth occurrence in three weeks. All previous cases closed without clear explanation of root cause."
"CS-000903",559,"2025-09-02","Settlement Query","P2 - High","settlement_query","Merchant calling again about batch from Saturday that won't settle - 47 transactions totaling €1,834.60 stuck in pending status. Same issue occurred two weeks ago with different batch. Terminal ID PAX-A920-4471 common to both incidents."
"CS-000904",67534,"2025-06-19","Settlement Query","P2 - High","settlement_query","Follow-up contact regarding SEPA payout delays to Greek bank account. Merchant still waiting on settlements from last Wednesday and Friday, totaling €5,670. Previous ticket escalated but no resolution provided yet."
"CS-000905",1783,"2025-09-21","Settlement Query","P2 - High","settlement_query","This is the merchant's second call this week about mismatched settlement amounts. Today's payout €890 short of the €4,567 expected from weekend trading. Still awaiting breakdown report promised during Monday's call."
"CS-000906",482090,"2025-07-24","Settlement Query","P2 - High","settlement_query","Repeat issue with Amex transactions not included in main settlement file. Merchant received €6,200 today but expecting €7,450 including 18 Amex payments. Same problem occurred on 3rd of this month per case #8756."
"CS-000907",696493,"2025-08-28","Settlement Query","P3 - Medium","settlement_query","Merchant back regarding incorrect bank details update - settlements still going to old account despite form submitted twice. Last payout of €2,340 went to closed account yesterday. Urgent correction needed before tomorrow's settlement run."
"CS-000908",686733,"2025-06-27","Settlement Query","P2 - High","settlement_query","Another call about split settlements causing reconciliation problems. Merchant received three separate payouts today instead of one consolidated amount. This continues despite previous assurances issue was resolved in ticket #9288."
"CS-000909",2350,"2025-06-09","Settlement Query","P3 - Medium","settlement_query","Follow-up on missing Thursday settlement now five business days overdue. Amount €8,920 from 134 transactions still not received. Merchant extremely frustrated as previous case closed prematurely without confirming funds transfer."
"CS-000910",41870,"2025-08-13","Settlement Query","P3 - Medium","settlement_query","Merchant reporting third consecutive week of Sunday batch failing to settle. This week's batch €1,567.80 from 43 transactions still pending. Previous two incidents eventually settled after manual intervention but root cause not addressed."
"CS-000911",1810,"2025-07-19","Settlement Query","P2 - High","settlement_query","Repeat caller about settlement timing - payouts still arriving at 4pm instead of morning as supposedly changed after last month's request. Merchant needs earlier settlement for cash flow purposes. Case #8934 marked complete but change never implemented."
"CS-000912",115461,"2025-07-22","Settlement Query","P3 - Medium","settlement_query","Another discrepancy on this account - €445.60 difference between expected and received settlement today. Merchant provided transaction logs during previous call last Tuesday but still no explanation received. Requesting immediate reconciliation."
"CS-000913",47007,"2025-07-11","Settlement Query","P3 - Medium","settlement_query","Third time merchant has contacted about refunds not deducting correctly from settlements. Today's payout €234 higher than expected after processing €789 in refunds yesterday. Same calculation error as reported in previous two cases."
"CS-000914",36749,"2025-09-28","Settlement Query","P2 - High","settlement_query","Follow-up regarding batch settlement failure from last Monday - merchant confirms funds never arrived and new batch from yesterday also hasn't settled. Total outstanding now €6,780 across both batches. Previous ticket #9156 shows no progress updates."
"CS-000915",25327,"2025-06-03","Settlement Query","P2 - High","settlement_query","Merchant calling back about Portuguese bank account validation still pending after two weeks. Cannot receive settlements until account verified. Submitted documentation three times now. Urgent resolution needed as €14,500 in settlements held."
"CS-000916",190950,"2025-07-26","Settlement Query","P3 - Medium","settlement_query","Repeat contact about Clover Station Duo terminal transactions not appearing in settlement reports. Merchant received €3,100 today but terminal shows €4,650 processed. Same terminal had identical issue reported nine days ago in case #9201."
"CS-000917",28545,"2025-06-02","Settlement Query","P3 - Medium","settlement_query","Another call regarding weekend settlements missing from Monday's payout. Merchant received only €2,340 for Friday transactions but Saturday and Sunday batches totaling €5,890 not included. This is third weekend in row with same problem."
"CS-000918",109393,"2025-08-10","Settlement Query","P2 - High","settlement_query","Follow-up on reserve account deduction query from last week - merchant still doesn't understand why €1,200 withheld from yesterday's settlement of €8,450. Previous explanation unclear and merchant requesting detailed breakdown of reserve calculation methodology."
"CS-000919",12835,"2025-08-22","Settlement Query","P3 - Medium","settlement_query","Merchant back about contactless transaction batch that won't close. 89 contactless payments from Tuesday totaling €1,267.50 still showing pending. Same issue occurred with contactless batch two weeks ago requiring manual settlement team intervention."
"CS-000920",106178,"2025-08-14","Settlement Query","P3 - Medium","settlement_query","Third contact about settlement schedule change request not actioned. Merchant still receiving Tuesday and Friday payouts but requested switch to weekly Monday settlements four weeks ago. Cases #8845 and #9067 both closed without implementing change."
"CS-000921",1227470,"2025-08-25","Settlement Query","P3 - Medium","settlement_query","Repeat issue with card scheme fees deducted incorrectly from settlement. Merchant received €7,650 today but calculations show €7,890 expected after fees. This is fifth time in two months fees haven't matched agreed rate schedule. Requesting urgent fee audit."
"CS-000922",170444,"2025-07-18","Settlement Query","P3 - Medium","settlement_query","Merchant called about missing settlement for Friday batch. Expected €2,847.50 but nothing received in bank account by Monday morning. Checking with finance team."
"CS-000923",103,"2025-08-03","Settlement Query","P3 - Medium","settlement_query","Payout amount short by €156. Merchant claims batch total was €3,200 but only €3,044 arrived. Need to pull transaction report for Wednesday to reconcile."
"CS-000924",1284712,"2025-08-07","Settlement Query","P3 - Medium","settlement_query","Settlement schedule query from new merchant in Portugal. Currently on T+2, wants to know eligibility for T+1 and any fee implications."
"CS-000925",2225,"2025-06-03","Settlement Query","P3 - Medium","settlement_query","Batch from Saturday evening not settled. 47 Visa transactions totaling €1,923.40 stuck in pending status. Terminal ID ending in 4782."
"CS-000926",1861,"2025-09-24","Settlement Query","P2 - High","settlement_query","Merchant received €890 instead of expected €1,200 for Thursday's trading. Likely chargebacks or refunds deducted but need to confirm breakdown."
"CS-000927",587332,"2025-08-08","Settlement Query","P3 - Medium","settlement_query","Bank details update request. Merchant changing from Deutsche Bank to Commerzbank. Requires new IBAN validation before next settlement cycle."
"CS-000928",288,"2025-09-04","Settlement Query","P2 - High","settlement_query","Missing payout for €4,567.89 from Tuesday batch. Merchant's bank confirmed no incoming payment. Escalating to settlements operations."
"CS-000929",44246,"2025-09-03","Settlement Query","P3 - Medium","settlement_query","Mastercard transactions from weekend not included in Monday settlement. 23 transactions worth approximately €780. Investigating batch closure issue."
"CS-000930",1575224,"2025-06-18","Settlement Query","P3 - Medium","settlement_query","Merchant in Athens asking why settlement is €340 less than terminal Z report shows. Need to check if reserve holdback applies to this account."
"CS-000931",128736,"2025-07-10","Settlement Query","P3 - Medium","settlement_query","Friday payout delayed. Merchant expecting €5,200 by Monday but still not received Tuesday afternoon. Bank holiday in Netherlands may be factor."
"CS-000932",905747,"2025-06-23","Settlement Query","P3 - Medium","settlement_query","Batch totaling €12,450 from Wednesday closed but not settled. 156 transactions across three terminals. Checking for technical issues with acquirer processor."
"CS-000933",169474,"2025-08-09","Settlement Query","P3 - Medium","settlement_query","Incorrect bank account details on file causing settlement rejections. Merchant provided updated IBAN for Austrian bank. Reprocessing last three payouts."
"CS-000934",1376838,"2025-06-13","Settlement Query","P3 - Medium","settlement_query","Merchant disputes settlement amount of €2,100 received Thursday. Claims daily takings were €2,450. Reviewing transaction logs and refund activity."
"CS-000935",430581,"2025-08-14","Settlement Query","P3 - Medium","settlement_query","Settlement schedule confusion. Merchant thought they were on daily payouts but appears to be weekly. Clarifying terms and checking contract."
"CS-000936",105140,"2025-08-23","Settlement Query","P3 - Medium","settlement_query","€680 payout missing from Saturday batch. 34 contactless Visa transactions. Terminal model V400m. Merchant called twice already."
"CS-000937",1403636,"2025-09-15","Settlement Query","P3 - Medium","settlement_query","Payout received but €200 short. Identified €150 chargeback from previous week and €50 in monthly fees. Sending detailed statement to merchant."
"CS-000938",17377,"2025-09-08","Settlement Query","P3 - Medium","settlement_query","Batch from Monday night failed to settle. €3,890 across 89 transactions. Terminal didn't transmit properly. Manually forcing settlement."
"CS-000939",194317,"2025-09-14","Settlement Query","P3 - Medium","settlement_query","Merchant in Belgium asking about split settlement options. Wants Visa payments to one account and Mastercard to another. Checking if system supports this."
"CS-000940",1787182,"2025-06-23","Settlement Query","P3 - Medium","settlement_query","Expected €1,567 on Friday, received €1,420. Difference appears to be scheme fees and interchange adjustments. Merchant wants itemized breakdown."
"CS-000941",34869,"2025-09-25","Terminal Fault","P2 - High","terminal_fault","Merchant reports Clover Flex terminal displaying ""Connection Failed - Error 0x4A2B"" when attempting to initialize morning batch at 08:15 CET. Device shows full 4G signal strength but cannot establish TLS handshake with acquiring host. Advised merchant to verify APN settings and confirmed last successful transaction was previous evening at 22:47 for €87.30 Mastercard contactless."
"CS-000942",5,"2025-08-22","Terminal Fault","P1 - Critical","terminal_fault","PAX A920 unit at café location in Lyon repeatedly rejecting chip insertions on Wednesday morning rush between 07:30-09:15, affecting approximately 23 transactions. Contactless payments under €50 processing normally but EMV chip reader returns ""Card Read Error"" after 8-10 second delay. Merchant cleaned chip contacts per initial troubleshooting; issue persists across multiple Visa and Maestro cards."
"CS-000943",203047,"2025-06-03","Terminal Fault","P2 - High","terminal_fault","Clover Station Duo thermal printer producing blank receipts since Tuesday afternoon despite display showing ""Print Successful"" message. Tested print function through terminal diagnostics menu - self-test prints correctly with all characters visible, but customer transaction receipts at 14:23 (€156.80), 14:45 (€23.50), and 15:02 (€299.00) all printed completely blank. Paper roll confirmed as correct 57mm thermal specification."
"CS-000944",35573,"2025-08-21","Terminal Fault","P2 - High","terminal_fault","Terminal firmware version 8.12.004 on Clover Flex causing application timeout during Amex authorizations specifically. Visa and Mastercard transactions complete in 3-4 seconds, but American Express attempts hang at ""Authorizing..."" for 45+ seconds before returning ""Transaction Timeout - Code 91"". Merchant processing approximately 15-20 Amex transactions daily; issue began immediately following automatic firmware push on Sunday night."
"CS-000945",150805,"2025-09-09","Terminal Fault","P2 - High","terminal_fault","Merchant in Dublin reports intermittent Ethernet connectivity on Clover Station Duo - device drops connection mid-transaction approximately every 90 minutes. Transaction at 11:34 for €445.67 failed during authorization phase; customer re-presented card at 11:38 successfully. Network cable and router port tested with laptop showing stable connection. Terminal event log shows ""ETH_LINK_DOWN"" entries correlating with transaction failures."
"CS-000946",6,"2025-07-18","Terminal Fault","P2 - High","terminal_fault","PAX S920 battery draining completely within 2 hours despite full overnight charge, down from normal 8-hour operational window. Device shows battery health at 47% in diagnostics menu. Merchant operates mobile food truck in Amsterdam requiring untethered operation; current battery performance making device unusable for lunch service 12:00-15:00. Unit is 14 months old, outside standard warranty period."
"CS-000947",418002,"2025-06-15","Terminal Fault","P1 - Critical","terminal_fault","Clover Flex integrated with Lightspeed POS returning ""Invalid Response Format"" error when processing refunds over €100. Tested refund of €45.30 - processed successfully. Attempted refund of €156.00 - terminal displays error code E-REF-003 and transaction aborts. Sale transactions of all amounts processing normally. Issue isolated to refund function only, began after POS software update to version 3.8.2 on Thursday."
"CS-000948",1153,"2025-06-09","Terminal Fault","P2 - High","terminal_fault","Contactless reader on Clover Station Duo not responding to tap attempts - no beep, no LED indication, no screen response. Merchant in Porto reports chip and PIN functionality working normally for all transaction types. Tested with multiple contactless cards (Visa, Mastercard) and mobile wallets - zero response from NFC antenna. Last successful contactless transaction logged at 16:23 yesterday for €34.20."
"CS-000949",1203065,"2025-06-28","Terminal Fault","P1 - Critical","terminal_fault","Terminal displaying ""Tamper Detected - Device Locked"" message on PAX A77 after merchant relocated device from front counter to back office temporarily during renovation work. Device was powered down properly before moving, powered up in new location at 09:00 Monday. All transaction attempts blocked with tamper error. Merchant confirms device was not opened, dropped, or physically damaged during relocation."
"CS-000950",290080,"2025-08-25","Terminal Fault","P2 - High","terminal_fault","Clover Flex stuck in continuous reboot loop - device powers on, displays boot logo, reaches ""Loading Application..."" screen, then restarts. Cycle repeats every 35-40 seconds. Merchant unable to access any menus or functions. Issue began mid-transaction at 13:47 during €89.50 Visa Debit authorization. Customer's card was not charged per bank confirmation. Device was functioning normally all morning with 34 successful transactions processed."
"CS-000951",83647,"2025-06-10","Terminal Fault","P2 - High","terminal_fault","Receipt printer on Clover Station Duo producing heavily faded output - text barely legible on merchant and customer copies. Installed fresh thermal paper roll (confirmed correct specification), cleaned print head with IPA wipe per procedure. Test print shows same fading issue. Printer darkness setting already at maximum (level 5). Merchant in Brussels requires legible receipts for VAT compliance; currently handwriting transaction details as workaround."
"CS-000952",2669,"2025-08-21","Terminal Fault","P1 - Critical","terminal_fault","PAX IM30 showing ""Encryption Key Error - Contact Support"" on startup. Device completed end-of-day settlement normally at 23:15 Saturday night (batch total €4,567.80 across 127 transactions). Sunday morning power-on at 10:00 displays key error and prevents any transaction processing. Terminal status shows ""Key Injection Required"" in diagnostics. Device is 8 months old, no recent configuration changes reported by merchant."
"CS-000953",1360572,"2025-09-26","Terminal Fault","P2 - High","terminal_fault","Merchant reports Clover Flex processing transactions successfully but terminal not communicating transaction data to POS system. Payment amounts not automatically populating in integrated till software since Wednesday morning. Manual verification shows all 67 transactions Thursday actually authorized and settled correctly with acquirer, but POS shows zero payment records. Serial connection between devices tested and confirmed active."
"CS-000954",520625,"2025-08-04","Terminal Fault","P2 - High","terminal_fault","Clover Station Duo displaying ""Memory Full - Cannot Process"" error despite merchant performing daily settlement. Device storage shows 94% capacity utilized in diagnostics menu. Merchant in Athens processes high transaction volume (300-400 daily) but performs settlement every evening. Attempted manual deletion of old batch data through terminal menu - option greyed out and inaccessible. Last successful transaction Wednesday 18:34 for €67.90 before error began appearing."
"CS-000955",83933,"2025-06-20","Terminal Fault","P2 - High","terminal_fault","PAX S300 PIN pad not registering button presses reliably - customers must press keys multiple times for input to register. Issue affects numeric keys 3, 6, and 9 specifically. Merchant reports approximately 40% of chip and PIN transactions requiring multiple attempts since Monday. Contactless and chip-no-PIN transactions unaffected. Tested PIN entry in diagnostic mode - keys 3, 6, 9 require firm pressure and sometimes double-press to register."
"CS-000956",22139,"2025-08-05","Terminal Fault","P1 - Critical","terminal_fault","Terminal running application version 2.4.1 incompatible with newly issued Maestro cards featuring updated chip specification. Older Maestro cards processing normally, but cards issued after June 2024 returning ""Card Not Supported"" error. Affected approximately 8 transactions Friday between 14:00-17:30. Visa, Mastercard, and Amex cards all processing without issue. Merchant in Vienna requires urgent application update to support new card specification."
"CS-000957",1148343,"2025-06-17","Terminal Fault","P1 - Critical","terminal_fault","Clover Flex Bluetooth connection to kitchen printer dropping every 15-20 minutes requiring manual re-pairing. Wired receipt printer on terminal functioning correctly. Kitchen printer located approximately 8 meters from terminal with clear line of sight. Connection stable for first 3 weeks of operation, intermittent drops began Tuesday. Merchant operates restaurant in Milan requiring kitchen order printing for 80-100 covers per service."
"CS-000958",54935,"2025-08-10","Terminal Fault","P2 - High","terminal_fault","Clover Station Duo displaying incorrect merchant details on receipt header - showing previous business name and old address. Merchant acquired terminal from acquirer in June following business acquisition. All transactions processing and settling correctly to current merchant account, but receipt branding shows previous operator details. Merchant in Rotterdam requires correct VAT details on receipts for compliance. Terminal configuration shows correct merchant ID in settings menu."
"CS-000959",561,"2025-09-15","Terminal Fault","P2 - High","terminal_fault","PAX A920 screen unresponsive to touch input in top-right quadrant (approximately 20% of display area). Affects ability to select certain menu options and transaction types. Tested screen calibration through diagnostics - calibration completes but issue persists. Merchant reports device was not dropped or impacted. Problem began gradually over past week, now making some functions completely inaccessible. Device is 11 months old, processes average 150 transactions daily."
"CS-000960",1288705,"2025-08-22","Terminal Fault","P2 - High","terminal_fault","Terminal failing to connect via WiFi after merchant changed router on Saturday. Clover Flex shows network SSID in available networks list, accepts WPA2 password, displays ""Connected"" status briefly, then reverts to ""Connection Failed - Authentication Error"". Merchant confirmed password entered correctly (tested on laptop successfully). Previous router configuration worked without issue for 6 months. 4G SIM backup connecting successfully but merchant prefers WiFi for cost reasons."
"CS-000961",219405,"2025-08-07","Terminal Fault","P1 - Critical","terminal_fault","Clover Station Duo producing double-prints of every receipt - merchant copy prints correctly, then device automatically prints duplicate customer copy without prompt. Paper consumption doubled since issue began Thursday morning. Tested transaction at 10:23 for €12.50 - four receipts printed total (two merchant, two customer). Receipt settings in terminal configuration show ""Copies: 1"" for both receipt types. Merchant in Lisbon requesting urgent fix due to paper costs."
"CS-000962",1068569,"2025-07-13","Terminal Fault","P1 - Critical","terminal_fault","PAX S920 displaying ""SIM Card Error"" despite 4G SIM properly inserted and previously functional. Removed and reinserted SIM - no change. Tested SIM in backup terminal - works correctly with full signal. Original terminal shows ""No SIM Detected"" in network settings. Visual inspection shows no damage to SIM tray or contacts. Merchant operates market stall in Berlin requiring mobile connectivity; currently unable to process transactions at outdoor location."
"CS-000963",157498,"2025-08-03","Terminal Fault","P1 - Critical","terminal_fault","Clover Flex freezing during signature capture screen on transactions over €100 requiring signature verification. Device becomes completely unresponsive - touchscreen, buttons, and power button all non-functional. Requires power cable removal to force restart. Issue occurred on three transactions Monday: €134.50 at 11:15, €289.00 at 13:42, and €167.80 at 16:20. Transactions under signature threshold (€100) processing normally. Firmware version 7.09.112, last updated three weeks ago."
"CS-000964",114,"2025-08-25","Terminal Fault","P1 - Critical","terminal_fault","Terminal speaker producing no audio - no beep on successful contactless tap, no error tones, no keypress feedback sounds. Merchant in Galway reports issue noticed Tuesday when customers not receiving audio confirmation of contactless payments. All transactions processing correctly, only audio feedback missing. Volume setting in terminal menu shows level 4 (maximum 5). Tested diagnostic audio function - no sound output. Visual LED indicators functioning normally as alternative feedback."
"CS-000965",528386,"2025-08-15","Terminal Fault","P2 - High","terminal_fault","Clover Station Duo rejecting all Visa transactions with ""Declined - Call Issuer"" message since 08:00 this morning, but Mastercard, Maestro, and Amex processing successfully. Tested with multiple Visa cards from different issuers - all declined. Merchant processed 23 Visa transactions yesterday without issue. Terminal configuration shows Visa enabled in card scheme settings. Last successful Visa transaction logged at 19:34 last night for €78.40. No configuration changes made by merchant overnight."
"CS-000966",130145,"2025-07-06","Terminal Fault","P1 - Critical","terminal_fault","Terminal won't connect to network since this morning. Tried rebooting three times already, still nothing. Need this fixed NOW, Saturday is our busiest day."
"CS-000967",19948,"2025-06-22","Terminal Fault","P2 - High","terminal_fault","Card reader completely dead, won't read chip or contactless. Lost €340 in sales in the last hour because customers don't have cash. What's the point of having this thing?"
"CS-000968",1128509,"2025-06-28","Terminal Fault","P2 - High","terminal_fault","Receipt printer jammed again, third time this week. Customers getting annoyed asking for receipts and I'm writing them by hand like it's 1995."
"CS-000969",2061,"2025-08-17","Terminal Fault","P1 - Critical","terminal_fault","Device keeps saying ""software update required"" but won't actually update. Been stuck on this screen for 45 minutes and I've got a lunch rush starting."
"CS-000970",1052790,"2025-08-06","Terminal Fault","P2 - High","terminal_fault","Terminal worked fine yesterday, now it just shows a black screen. Unplugged it, plugged it back in, nothing. Can't take any payments."
"CS-000971",486472,"2025-06-01","Terminal Fault","P2 - High","terminal_fault","Contactless stopped working completely. Chip transactions still go through but everyone wants to tap nowadays. Losing customers over this."
"CS-000972",130264,"2025-07-07","Terminal Fault","P2 - High","terminal_fault","Printer prints blank receipts. Ink is fine, paper is fine, but nothing prints. Tried new paper roll, same problem."
"CS-000973",1,"2025-06-18","Terminal Fault","P2 - High","terminal_fault","Network connection drops every 10 minutes. Transaction goes through, then terminal disconnects, customer has to wait. Very unprofessional."
"CS-000974",202544,"2025-08-07","Terminal Fault","P1 - Critical","terminal_fault","Card reader won't accept Mastercard for some reason. Visa works fine, but Mastercard just says ""read error"" every single time."
"CS-000975",313985,"2025-08-04","Terminal Fault","P1 - Critical","terminal_fault","Firmware update failed halfway through and now the terminal is bricked. Just sits there with a loading bar that doesn't move. Been two hours."
"CS-000976",631370,"2025-08-25","Terminal Fault","P2 - High","terminal_fault","Terminal reboots itself randomly during transactions. Happened four times today already, customers think their payment didn't go through. Total mess."
"CS-000977",65448,"2025-08-03","Terminal Fault","P1 - Critical","terminal_fault","Screen is frozen on a €47.50 transaction from this morning. Can't cancel it, can't process new payments. Just stuck."
"CS-000978",48723,"2025-07-25","Terminal Fault","P2 - High","terminal_fault","Receipt printer makes horrible grinding noise and prints crooked. Paper keeps getting stuck on one side. Need replacement ASAP."
"CS-000979",24384,"2025-06-21","Terminal Fault","P1 - Critical","terminal_fault","Device won't connect via WiFi or ethernet cable. Tried both, nothing works. Internet is fine, other devices connect no problem."
"CS-000980",81996,"2025-07-16","Terminal Fault","P2 - High","terminal_fault","Card reader responds but takes 30-40 seconds to process each transaction. Customers getting impatient. Used to be instant."
"CS-000981",25529,"2025-09-24","Terminal Fault","P1 - Critical","terminal_fault","Terminal keeps asking for admin password that I never set up. Can't access settings, can't process refunds. Completely locked out."
"CS-000982",63492,"2025-08-23","Terminal Fault","P1 - Critical","terminal_fault","Printer ran out of paper mid-receipt, now it won't print anything even with new roll installed. Just flashes red light."
"CS-000983",4048,"2025-08-14","Terminal Fault","P1 - Critical","terminal_fault","Software version shows as outdated but automatic update keeps failing with error code. Can't find manual update option anywhere."
"CS-000984",992142,"2025-06-19","Terminal Fault","P1 - Critical","terminal_fault","Terminal worked Monday through Wednesday, then just stopped connecting Thursday morning. Nothing changed on our end. Still down."
"CS-000985",131219,"2025-08-06","Terminal Fault","P1 - Critical","terminal_fault","Card reader scratched somehow, now chip cards won't read properly. Contactless still works but half my customers use chip. Need new reader."
"CS-000986",1002370,"2025-09-07","Terminal Fault","P2 - High","terminal_fault","Device powers on but screen stays dim, can barely read anything. Brightness setting doesn't change it. Unusable in daylight."
"CS-000987",116592,"2025-09-28","Terminal Fault","P1 - Critical","terminal_fault","Receipt printer prints first transaction fine, then every receipt after that is blank until I reboot. Rebooting 20 times a day isn't sustainable."
"CS-000988",300855,"2025-07-01","Terminal Fault","P1 - Critical","terminal_fault","Terminal connects to network but every transaction times out. Tried 15 transactions this morning, all failed. Lost €890 in sales so far."
"CS-000989",386412,"2025-08-24","Terminal Fault","P2 - High","terminal_fault","Firmware update installed overnight without warning, now half the menu options are in German instead of English. Can't find language settings."
"CS-000990",95048,"2025-07-18","Terminal Fault","P2 - High","terminal_fault","Card reader responds to contactless but won't read chip cards at all. Tried cleaning it, still nothing. Saturday afternoon and I'm turning away customers."
"CS-000991",318273,"2025-07-18","Terminal Fault","P1 - Critical","terminal_fault","Merchant reports terminal PAX A920 failed to connect to network on Tuesday morning at 08:15, resulting in inability to process €2,847.50 in card transactions during peak breakfast service period. Device shows continuous error code E-NET-001 and requires immediate technical intervention."
"CS-000992",14933,"2025-08-04","Terminal Fault","P1 - Critical","terminal_fault","Clover Station Duo card reader unresponsive since Wednesday 14:30, causing merchant to lose approximately €5,200 in potential sales across 47 attempted transactions. Firmware version shows as 2.14.8 which may be outdated according to our records from last compliance check in June."
"CS-000993",1304489,"2025-06-21","Terminal Fault","P2 - High","terminal_fault","Receipt printer on Clover Flex 5000 has been jamming since Friday afternoon, affecting customer experience for 23 completed transactions totaling €1,456.80. Merchant requests replacement unit as this is the third printer malfunction in two months."
"CS-000994",17364,"2025-08-10","Terminal Fault","P2 - High","terminal_fault","Terminal connectivity issue reported on Monday at 11:45 with Clover Flex 5000, preventing processing of €890.25 in Mastercard transactions during lunch rush. Merchant states WiFi signal is strong but device displays ""Connection Timeout"" repeatedly."
"CS-000995",204576,"2025-08-15","Terminal Fault","P2 - High","terminal_fault","PAX S920 shows firmware version 1.02.15 but requires upgrade to 1.03.22 for PSD2 compliance, blocking all contactless payments since Thursday morning. Estimated revenue impact of €3,100 across 68 declined transactions."
"CS-000996",403265,"2025-08-14","Terminal Fault","P2 - High","terminal_fault","Merchant in Dublin reports Clover Station Duo completely unresponsive since Saturday 09:20, with black screen and no power indicator despite being connected to mains. Device was processing normally until sudden failure during a €67.40 Visa transaction."
"CS-000997",1792832,"2025-09-02","Terminal Fault","P2 - High","terminal_fault","Card reader on Clover Flex intermittently fails to read chip cards, affecting 15 out of 62 transactions on Sunday totaling €2,340.50 in failed sales. Magnetic our previous provider functionality remains operational but merchant requires chip reader repair urgently."
"CS-000998",1782,"2025-08-03","Terminal Fault","P1 - Critical","terminal_fault","Terminal PAX A77 displays ""Software Error 0x4F"" since Tuesday 16:00, preventing all transaction processing including €4,567.90 in attempted purchases. Device was functioning correctly until automatic update appeared to install incompletely."
"CS-000999",702653,"2025-09-16","Terminal Fault","P2 - High","terminal_fault","Receipt printer produces blank receipts on Clover Station Duo despite successful transaction processing, affecting customer records for €1,890.30 across 34 transactions on Wednesday. Merchant requests immediate resolution as customers are disputing charges without proof of purchase."
"CS-001000",320451,"2025-07-09","Terminal Fault","P1 - Critical","terminal_fault","Clover Flex 3500 loses network connection every 15-20 minutes since Monday, causing 12 failed transactions worth €876.45 during afternoon trading period. Merchant has restarted device six times but issue persists with error code NET-TIMEOUT-003."
"CS-001001",589166,"2025-09-24","Terminal Fault","P2 - High","terminal_fault","Terminal replacement requested for PAX S300 which has failed to power on since Thursday morning at 07:30, blocking €6,234.80 in expected daily revenue. Device is 14 months old and shows no physical damage or water ingress."
"CS-001002",207954,"2025-08-05","Terminal Fault","P2 - High","terminal_fault","Contactless reader on Clover Flex 3500 stopped accepting tap payments on Friday, forcing customers to insert cards for all 89 transactions totaling €3,456.70. Firmware version 4.2.1 appears current but NFC functionality completely non-responsive."
"CS-001003",161765,"2025-08-23","Terminal Fault","P2 - High","terminal_fault","Merchant reports Clover Station Duo displays ""Configuration Error"" since Saturday 12:15, preventing processing of €1,234.60 in American Express transactions specifically. Visa and Mastercard transactions process normally, suggesting acquirer parameter issue."
"CS-001004",340957,"2025-08-12","Terminal Fault","P2 - High","terminal_fault","PAX A920 receipt printer prints illegible faded text since Wednesday, affecting customer receipts for €2,109.40 across 56 transactions. Merchant replaced paper roll twice but issue continues, indicating potential print head failure."
"CS-001005",439933,"2025-08-08","Terminal Fault","P2 - High","terminal_fault","Terminal connectivity failure on Clover Flex since Monday 10:30 has prevented €4,890.25 in card payments across 73 attempted transactions. Device shows full 4G signal strength but returns ""Host Unavailable"" error for all payment attempts."
"CS-001006",1625921,"2025-08-22","Terminal Fault","P2 - High","terminal_fault","Clover Station Duo requires reconfiguration after displaying ""Invalid Merchant ID"" error since Tuesday, blocking €3,567.80 in transactions during peak hours between 12:00 and 15:00. Merchant states no settings were changed manually."
"CS-001007",16498,"2025-06-10","Terminal Fault","P2 - High","terminal_fault","Card reader on PAX S920 fails to recognize inserted cards on first attempt, requiring customers to reinsert 2-3 times for successful reads. Issue has affected 41 transactions worth €1,678.90 since Thursday and is worsening progressively."
"CS-001008",1392130,"2025-08-17","Terminal Fault","P2 - High","terminal_fault","Clover Flex 5000 shows firmware version 8.1.2 but requires emergency update to 8.1.5 to resolve security vulnerability, currently preventing all transactions since Friday morning. Merchant unable to process estimated €5,600 in weekend sales."
"CS-001009",175313,"2025-08-21","Terminal Fault","P1 - Critical","terminal_fault","Terminal PAX A77 receipt printer motor makes grinding noise and fails to advance paper since Saturday 14:45, affecting 28 completed transactions totaling €987.65. Device requires replacement as mechanical failure appears imminent."
"CS-001010",1625791,"2025-08-08","Terminal Fault","P2 - High","terminal_fault","Clover Station Duo loses Ethernet connection randomly throughout day since Monday, causing 19 failed transactions worth €2,345.70 between 09:00 and 18:00. Merchant has tested cable and router with no issues identified on network side."
"CS-001011",1281,"2025-08-20","Terminal Fault","P2 - High","terminal_fault","Clover Flex 5000 displays ""Memory Full"" error since Wednesday 11:20, preventing new transactions despite only processing €1,456.30 across 34 sales that day. Device may require factory reset or replacement to resolve storage issue."
"CS-001012",170766,"2025-08-20","Terminal Fault","P2 - High","terminal_fault","Card reader on PAX S300 produces ""Card Read Error"" for all contactless attempts since Tuesday, forcing chip insertion for 67 transactions totaling €2,890.45. Contact chip reader functions normally but tap functionality completely failed."
"CS-001013",1091403,"2025-08-01","Terminal Fault","P2 - High","terminal_fault","Terminal Clover Station Duo requires immediate replacement after screen cracked internally during normal operation on Thursday, making display unreadable for €4,123.80 in transactions. Merchant confirms no physical impact or mishandling occurred."
"CS-001014",142131,"2025-06-04","Terminal Fault","P2 - High","terminal_fault","Clover Flex shows incorrect date as 01/01/2020 since Friday morning, causing transaction declines worth €1,567.90 across 29 attempted payments. Device appears to have lost internal battery backup and requires reconfiguration with correct timestamp."
"CS-001015",130202,"2025-09-17","Terminal Fault","P2 - High","terminal_fault","PAX A920 intermittently reboots during transaction processing since Sunday, causing 8 incomplete sales totaling €756.40 and significant customer frustration. Device completes restart cycle in 90 seconds but issue recurs every 30-45 minutes without pattern."
"CS-001016",809181,"2025-06-12","Terminal Fault","P1 - Critical","terminal_fault","Merchant called in this morning saying their terminal won't connect to the network at all. They've tried restarting it twice but still getting a connection error message. Is there something specific I should walk them through or does this need escalating?"
"CS-001017",1025,"2025-08-09","Terminal Fault","P2 - High","terminal_fault","The card reader on this device seems to have stopped working - when customers insert their chip cards nothing happens. Merchant mentioned it was working fine yesterday afternoon but started having issues around 9am today. Should I arrange a replacement or is there a fix we can try first?"
"CS-001018",520694,"2025-06-17","Terminal Fault","P2 - High","terminal_fault","Receipt printer isn't printing anything even though the transactions are going through successfully. The merchant processed about €450 in sales this morning but customers aren't getting receipts. Is this something that can be fixed remotely or do they need a new terminal?"
"CS-001019",32139,"2025-08-09","Terminal Fault","P2 - High","terminal_fault","Terminal at a café in Dublin keeps showing ""firmware update required"" but the merchant doesn't know how to do that. They're worried about losing business during lunch rush. Can someone help me understand how to guide them through the update process?"
"CS-001020",21986,"2025-06-04","Terminal Fault","P2 - High","terminal_fault","Device won't turn on at all this morning. Merchant in Lyon says they've checked the power cable and it's plugged in properly. They have about 30-40 transactions per day normally. What should be my next troubleshooting step?"
"CS-001021",1036636,"2025-06-07","Terminal Fault","P2 - High","terminal_fault","The screen is frozen on a Mastercard transaction from yesterday evening for €87.50. Merchant tried holding down the power button but nothing changes. Is there a hard reset procedure I should know about for this situation?"
"CS-001022",294574,"2025-09-24","Terminal Fault","P2 - High","terminal_fault","Merchant in Berlin reports their terminal keeps disconnecting from WiFi every few minutes. They've processed only 3 transactions today because of constant reconnection issues. Should I suggest switching to ethernet or is there another solution?"
"CS-001023",1220719,"2025-06-07","Terminal Fault","P2 - High","terminal_fault","Card reader makes a strange beeping noise when cards are inserted but doesn't read them. Started happening on Tuesday morning. Merchant is asking if this is covered under warranty. How do I check that and what's the next step?"
"CS-001024",46281,"2025-08-10","Terminal Fault","P1 - Critical","terminal_fault","The contactless function stopped working on a terminal in Amsterdam. Chip and PIN still work fine but customers can't tap their cards anymore. Merchant processes a lot of small transactions under €50 so this is quite urgent for them. Any ideas what might cause this?"
"CS-001025",2313,"2025-08-06","Terminal Fault","P1 - Critical","terminal_fault","Terminal is showing a software version error message that the merchant doesn't understand. They sent me a photo and it says something about incompatible software. Is this something that happens after updates? How do I help them resolve it?"
"CS-001026",1692902,"2025-08-22","Terminal Fault","P1 - Critical","terminal_fault","Receipt printer is printing but everything comes out completely faded and unreadable. Merchant in Porto changed the paper roll but it's still the same. Could this be a printer head issue or something else?"
"CS-001027",2,"2025-09-11","Terminal Fault","P2 - High","terminal_fault","Device keeps rebooting itself randomly throughout the day. Happened four times yesterday and twice already this morning. Merchant is getting frustrated because it interrupts transactions. Should I log this for a replacement?"
"CS-001028",1152775,"2025-07-26","Terminal Fault","P2 - High","terminal_fault","Terminal won't accept Visa cards but Mastercard works perfectly fine. This seems really odd to me. Merchant in Brussels noticed it started on Friday. Is this a configuration problem or a hardware fault?"
"CS-001029",3,"2025-06-22","Terminal Fault","P2 - High","terminal_fault","The keypad buttons are not responding properly - merchant has to press really hard for numbers to register. Makes entering amounts difficult especially during busy periods. They do around €2000 in daily sales. Is this a common issue with older terminals?"
"CS-001030",217541,"2025-08-10","Terminal Fault","P2 - High","terminal_fault","Merchant called saying their terminal worked fine all week but won't connect this Monday morning. They're in a small town in Austria and wondering if there's a network outage. How do I check if there are any known issues in their area?"
"CS-001031",99,"2025-08-23","Terminal Fault","P1 - Critical","terminal_fault","The display screen has gone very dim and is hard to read even in normal lighting. Terminal still processes payments but customers struggle to see the amount. Merchant is asking if brightness can be adjusted or if this means the device is failing."
"CS-001032",1486100,"2025-06-17","Terminal Fault","P2 - High","terminal_fault","Card reader keeps saying ""card error"" for multiple different cards that work fine in other shops. Merchant in Milan tested with their own personal cards and got the same message. Does this sound like the reader needs replacing?"
"CS-001033",2,"2025-07-20","Terminal Fault","P2 - High","terminal_fault","Terminal printed a receipt showing €45.00 but the transaction actually processed for €54.00. Merchant is worried about the discrepancy and whether other amounts might be wrong. Is this a printer issue or something more serious with the transaction processing?"
"CS-001034",1648076,"2025-08-24","Terminal Fault","P2 - High","terminal_fault","Device is showing ""connection timeout"" errors for about half of the transactions attempted today. The other half go through normally. Merchant in Athens is confused why it's so inconsistent. What could cause intermittent connection problems like this?"
"CS-001035",1705162,"2025-06-04","Terminal Fault","P1 - Critical","terminal_fault","The terminal won't complete the initialization process when turned on. It gets stuck on a loading screen and just stays there. Merchant needs to open their shop in Rotterdam in an hour. Is there a quick fix or should I arrange emergency replacement?"
"CS-001036",1653197,"2025-08-11","Terminal Fault","P2 - High","terminal_fault","Receipt printer keeps jamming even with new paper rolls installed correctly. Merchant has cleared it three times today already. They're asking if there's a technique to loading the paper that might help or if the mechanism is broken."
"CS-001037",1987033,"2025-08-05","Terminal Fault","P1 - Critical","terminal_fault","Terminal is displaying all the menus in the wrong language after a restart. Merchant in Spain says it's showing German text and they can't navigate to change it back. How do I help them access language settings when they can't read the options?"
"CS-001038",307896,"2025-08-28","Terminal Fault","P2 - High","terminal_fault","Card reader responds very slowly - takes about 30 seconds after card insertion before prompting for PIN. Merchant says this is frustrating customers and slowing down their queue. Started happening yesterday afternoon. Is this a performance issue that can be fixed?"
"CS-001039",3525,"2025-08-19","Terminal Fault","P1 - Critical","terminal_fault","The terminal processed a €120 transaction this morning but then showed a communication error and the merchant isn't sure if it went through or not. They're nervous about charging the customer twice. How do I help them verify the transaction status?"
"CS-001040",1600,"2025-09-05","Terminal Fault","P1 - Critical","terminal_fault","Device keeps showing ""update available"" notifications but when merchant tries to install it, the update fails halfway through. They're in Ireland and have tried this about five times now. Should they keep trying or is something blocking the update from completing?"
"CS-001041",20027,"2025-08-04","Terminal Fault","P2 - High","terminal_fault","Our Dublin city centre location has three terminals processing normally, but the fourth terminal at our Grafton Street site keeps losing network connection every 2-3 hours while our Cork branch with identical setup has no issues whatsoever. The Dublin device is running firmware v3.2.1 and we're wondering if there's a regional connectivity problem or if this specific unit needs replacement."
"CS-001042",903414,"2025-08-15","Terminal Fault","P2 - High","terminal_fault","Comparing our two Amsterdam locations, the terminal at the Jordaan café prints receipts perfectly but the one at our Centrum shop produces faded, barely readable receipts despite using the same paper roll supplier. Both are Clover Flex 5000 models purchased in the same batch last June."
"CS-001043",276304,"2025-08-12","Terminal Fault","P2 - High","terminal_fault","Strange pattern across our German sites: the Munich terminal processes contactless Mastercard without any problems, but our Berlin and Frankfurt locations are experiencing 3-4 second delays on the same transaction type. All three are on software version 8.4.2 and were installed within the same week."
"CS-001044",703652,"2025-08-18","Terminal Fault","P2 - High","terminal_fault","Our Lisbon restaurant's terminal has completely stopped reading chip cards as of Tuesday morning, forcing staff to manually key in card numbers which is slowing service considerably. Meanwhile, our Porto location with an identical device model has zero issues and processed 247 transactions yesterday without a single failure."
"CS-001045",112461,"2025-06-03","Terminal Fault","P2 - High","terminal_fault","The card reader at our Brussels North station kiosk became unresponsive around 14:30 on Thursday, but our Brussels South location continued operating normally throughout the afternoon rush. We've power cycled the North unit twice with no improvement, and it's now been down for over six hours costing us approximately €890 in lost sales."
"CS-001046",8647,"2025-07-12","Terminal Fault","P1 - Critical","terminal_fault","Both Barcelona terminals are Clover Station Duo units, but only the Ramblas location is having the firmware update failure issue. The Gràcia site updated to version 12.1.5 smoothly on Monday, while Ramblas has failed three update attempts and remains stuck on the older 11.9.2 version."
"CS-001047",22105,"2025-09-18","Terminal Fault","P1 - Critical","terminal_fault","Our Athens terminal at the Plaka location prints receipts at normal speed, but the Monastiraki device takes nearly 45 seconds to print each receipt, creating queues during busy periods. Both devices are less than eight months old and have processed similar transaction volumes of around 1,200 per week."
"CS-001048",122141,"2025-08-10","Terminal Fault","P1 - Critical","terminal_fault","Network connectivity is stable at our Vienna Innere Stadt shop, but our Leopoldstadt location drops connection approximately every 90 minutes, requiring a restart each time. This has been happening since last Wednesday and is particularly problematic during weekend trading when we process 60-70 transactions per day at that site."
"CS-001049",184304,"2025-09-09","Terminal Fault","P2 - High","terminal_fault","The terminal at our Rotterdam harbour location has been rejecting Visa contactless payments since Friday evening, showing ""card read error"" messages, while our Rotterdam Central site processes the same card type without issues. We've tested with multiple Visa cards at the harbour terminal and the failure rate is 100%."
"CS-001050",656,"2025-08-12","Terminal Fault","P2 - High","terminal_fault","Our Milan terminal updated its software automatically overnight on Sunday, but since then the receipt printer cuts the paper incorrectly, leaving 10cm of blank paper after each transaction. Our Rome location received the same update but prints normally, suggesting a configuration issue specific to the Milan device."
"CS-001051",102121,"2025-08-13","Terminal Fault","P2 - High","terminal_fault","Comparing transaction speeds across our Irish sites: Dublin processes an average Mastercard Debit transaction in 4 seconds, Galway takes 6 seconds, and our Limerick terminal is taking 12-15 seconds for identical transaction types. All three locations have the same internet service provider and terminal model."
"CS-001052",359682,"2025-08-27","Terminal Fault","P1 - Critical","terminal_fault","The card reader on our Paris Marais terminal stopped responding to contactless taps yesterday at approximately 11:20, though chip insertions still work. Our Paris Bastille location has no such issues and both terminals are PAX A920 devices running identical firmware version 7.8.3."
"CS-001053",1828985,"2025-08-01","Terminal Fault","P2 - High","terminal_fault","Our Antwerp location's terminal has been displaying ""connection timeout"" errors for Bancontact transactions specifically since Tuesday, while our Ghent site processes Bancontact without any delays. Both sites average 45-50 Bancontact transactions daily, making this particularly disruptive for the Antwerp customers."
"CS-001054",165,"2025-08-22","Terminal Fault","P2 - High","terminal_fault","The receipt printer at our Hamburg Altstadt shop jams every 8-10 transactions requiring staff to open and reseat the paper roll, but our Hamburg Hafen terminal with identical paper stock prints flawlessly through 200+ daily transactions. The Altstadt device is only five months old."
"CS-001055",201869,"2025-08-18","Terminal Fault","P2 - High","terminal_fault","Our Lyon terminal successfully connects to the network and authorizes transactions, but fails to print receipts 40% of the time, displaying ""printer error 0x4F"". Meanwhile, our Marseille location with the same Clover Flex 5000 model has had zero printer errors across 1,890 transactions this month."
"CS-001056",205248,"2025-08-09","Terminal Fault","P1 - Critical","terminal_fault","Both Cologne terminals are experiencing the same firmware issue where the device freezes for 20-30 seconds after processing contactless payments over €50, but our Düsseldorf and Dortmund locations handle high-value contactless without any freezing. All four sites are running firmware v9.1.8."
"CS-001057",223873,"2025-08-07","Terminal Fault","P2 - High","terminal_fault","The terminal at our Porto downtown location has been unable to connect to the network since 08:00 this morning, showing ""network unavailable"" despite confirmed internet connectivity, while our Porto airport site is processing normally. We've lost an estimated €340 in morning trade at the downtown location."
"CS-001058",1104710,"2025-08-28","Terminal Fault","P1 - Critical","terminal_fault","Our Nice terminal prints receipts that fade completely within 24 hours, making them useless for customer records, but our Cannes location using the same thermal paper brand produces receipts that remain legible for weeks. Both devices are Clover Station Duo models purchased in June."
"CS-001059",274213,"2025-09-20","Terminal Fault","P2 - High","terminal_fault","Comparing our Spanish sites: the Madrid terminal requires 2-3 card taps for contactless to register, while Valencia and Seville locations read contactless on the first attempt consistently. Madrid has processed only 67 successful contactless transactions this week versus the usual 180-200."
"CS-001060",30211,"2025-08-28","Terminal Fault","P1 - Critical","terminal_fault","The card reader at our Naples location has become extremely sensitive, often reading cards before customers intend to pay, causing accidental transaction initiations. Our Florence terminal with identical hardware configuration doesn't exhibit this behaviour and customers report normal operation."
"CS-001061",431267,"2025-07-14","Terminal Fault","P2 - High","terminal_fault","Our Amsterdam Zuid terminal updated to software version 10.2.4 on Saturday and now reboots randomly 4-5 times per day, while our Amsterdam Oost location on the same software version operates stably. The Zuid reboots have caused 3 abandoned transactions totaling €127 just today."
"CS-001062",1097560,"2025-06-22","Terminal Fault","P1 - Critical","terminal_fault","The terminal at our Dublin airport location processes chip and PIN transactions normally but the contactless reader has completely stopped working as of Monday morning. Our Dublin docklands site, which is the same Clover Flex, processes 85% of transactions via contactless without any reader issues."
"CS-001063",563788,"2025-09-25","Terminal Fault","P2 - High","terminal_fault","Both Zurich terminals were reconfigured last Thursday to accept Diners Club, but only the Hauptbahnhof location successfully processes these cards while the Oerlikon terminal displays ""card type not supported"". We've verified both received identical configuration updates from the backend system."
"CS-001064",616700,"2025-09-26","Terminal Fault","P2 - High","terminal_fault","Our Berlin Mitte terminal's receipt printer produces garbled characters and random symbols instead of proper transaction details, though the printer at our Berlin Kreuzberg location prints perfectly readable receipts. Both are PAX devices running software v6.7.1 and were installed by the same technician."
"CS-001065",428537,"2025-08-18","Terminal Fault","P2 - High","terminal_fault","The terminal at our Bordeaux location loses its configuration settings every time it's powered off, requiring a full reconfiguration each morning before opening, while our Toulouse terminal retains all settings permanently. This Bordeaux issue started after a failed firmware update attempt on Wednesday and is adding 15 minutes to the morning setup routine."
"CS-001066",1,"2025-08-03","Terminal Fault","P2 - High","terminal_fault","Merchant reports terminal PAX A920 unable to establish network connection since 08:30 this morning, resulting in approximately €2,400 in declined transactions during peak breakfast service at their café in Dublin city centre. Customer is requesting urgent replacement as this is their only payment acceptance device."
"CS-001067",509261,"2025-08-25","Terminal Fault","P1 - Critical","terminal_fault","The card reader on terminal Clover Flex 5000 at a boutique in Lyon has become completely unresponsive to card insertions and contactless attempts. Merchant estimates loss of 15-20 transactions per hour since the fault began yesterday afternoon, with customers abandoning purchases due to inability to process payments."
"CS-001068",3688,"2025-08-17","Terminal Fault","P2 - High","terminal_fault","Receipt printer mechanism on Clover Station Duo has failed at a pharmacy in Munich, causing significant queue delays as customers require printed receipts for insurance reimbursement purposes. The merchant has processed €8,900 in transactions today but cannot provide documentation, creating compliance concerns."
"CS-001069",17159,"2025-06-23","Terminal Fault","P2 - High","terminal_fault","Terminal at restaurant in Porto displaying firmware version 2.3.1 is rejecting all Mastercard transactions with error code 907, while Visa transactions process normally. This began following an automatic update on Sunday evening and has resulted in approximately 40% transaction failure rate during Monday lunch service."
"CS-001070",222406,"2025-08-15","Terminal Fault","P2 - High","terminal_fault","Bakery in Amsterdam reports their Clover Flex 5000 loses connection every 15-20 minutes, requiring full reboot each time. The merchant has experienced this issue for three consecutive days, with estimated revenue impact of €600 daily due to customers leaving during device restart periods."
"CS-001071",241175,"2025-08-23","Terminal Fault","P1 - Critical","terminal_fault","Terminal PAX S920 at petrol station in Brussels shows persistent ""communication error"" message when attempting to connect to acquiring host. Merchant reports this affects approximately 200 transactions daily, with particular impact during morning and evening rush hours when customers require quick payment processing."
"CS-001072",313224,"2025-09-26","Terminal Fault","P1 - Critical","terminal_fault","The contactless reader on terminal Clover Station Duo at a newsagent in Athens has stopped functioning entirely, forcing customers to insert cards for all transactions. This has doubled average transaction time and created significant queuing issues during morning commute hours when speed is essential."
"CS-001073",44856,"2025-08-12","Terminal Fault","P2 - High","terminal_fault","Merchant operating small hotel in Vienna reports terminal Clover Flex 3500 displays incorrect software version and refuses to process any transactions above €100, returning decline code 61. This has prevented processing of three room bookings this morning totaling €890."
"CS-001074",59407,"2025-09-13","Terminal Fault","P2 - High","terminal_fault","Receipt printer on PAX A77 at grocery store in Galway produces completely blank receipts despite showing successful print commands. The merchant requires printed transaction records for daily reconciliation and has accumulated 340 unverified transactions since Saturday morning."
"CS-001075",1672859,"2025-07-03","Terminal Fault","P1 - Critical","terminal_fault","Terminal at clothing retailer in Berlin experiences complete system freeze when processing refunds, requiring hard reset and loss of transaction data. This has occurred on four separate occasions today, affecting customer service and creating reconciliation discrepancies totaling €267."
"CS-001076",1493,"2025-06-05","Terminal Fault","P1 - Critical","terminal_fault","Pharmacy in Marseille reports their Clover Station Duo terminal has been displaying ""update required"" message since Wednesday but fails to complete firmware installation process. Device remains functional but merchant is concerned about security compliance and potential service interruption."
"CS-001077",1160956,"2025-07-10","Terminal Fault","P2 - High","terminal_fault","The magnetic our previous provider reader on Clover Flex 3500 at a hardware store in Lisbon has failed completely, rejecting all swiped cards. While chip and contactless function normally, this affects approximately 8-10 elderly customers daily who exclusively use older card types, representing €150-200 in potential lost revenue."
"CS-001078",690827,"2025-07-14","Terminal Fault","P2 - High","terminal_fault","Restaurant in Rotterdam reports terminal PAX S300 intermittently loses WiFi connectivity during dinner service, with connection dropping 6-8 times per evening. Last night this resulted in 12 failed transaction attempts and three customers leaving without paying their bills totaling €178."
"CS-001079",1392771,"2025-08-09","Terminal Fault","P2 - High","terminal_fault","Terminal Clover Station Duo at convenience store in Cork displays critical battery warning despite being connected to mains power continuously. Device shuts down unexpectedly 3-4 times daily, most recently during processing of a €340 transaction that required reversal and customer callback."
"CS-001080",1815507,"2025-09-23","Terminal Fault","P2 - High","terminal_fault","Merchant operating market stall in Barcelona reports their mobile terminal Clover Flex 5000 shows full signal strength but returns ""connection timeout"" for all transaction attempts. This has prevented any card payments since Thursday morning, forcing cash-only operation and reducing daily revenue by estimated 60%."
"CS-001081",1255619,"2025-08-14","Terminal Fault","P2 - High","terminal_fault","The thermal printer on terminal PAX A920 at dental practice in Antwerp produces receipts with completely faded text that becomes illegible within minutes. Merchant requires clear printed records for patient billing purposes and has 23 transactions from this week requiring manual documentation."
"CS-001082",328705,"2025-09-26","Terminal Fault","P2 - High","terminal_fault","Terminal at bookshop in Milan displays firmware version 1.8.4 which is incompatible with new 3DS2 authentication requirements, causing all online-initiated transactions to fail. Merchant reports this affects their click-and-collect service, with 8 failed pickups yesterday totaling €445."
"CS-001083",166863,"2025-08-13","Terminal Fault","P2 - High","terminal_fault","Café in Limerick reports their Clover Station Duo terminal produces high-pitched noise from card reader mechanism and fails to read chip on approximately 30% of insertion attempts. This has extended average transaction time from 8 seconds to over 45 seconds, creating significant queue delays during morning rush."
"CS-001084",31,"2025-09-24","Terminal Fault","P2 - High","terminal_fault","Terminal Clover Flex 5000 at pharmacy in Toulouse experiences complete system crash when attempting to process split payments or partial refunds. This functionality is essential for insurance co-payment processing, and the fault has affected 15 customers today requiring alternative payment arrangements."
"CS-001085",19138,"2025-06-15","Terminal Fault","P1 - Critical","terminal_fault","Merchant operating taxi service in Hamburg reports their mobile terminal PAX S300 displays ""SIM card error"" despite SIM being properly installed and account active. This has prevented any in-vehicle card payments since Monday, forcing drivers to direct customers to cash machines and losing an estimated €890 in fares."
"CS-001086",1097943,"2025-08-10","Terminal Fault","P2 - High","terminal_fault","The screen on terminal Clover Station Duo at florist in Dublin has developed dead pixel cluster obscuring transaction amount display. Customer complaints have increased as they cannot verify payment amounts, and merchant reports three disputed transactions this week totaling €167 due to visibility issues."
"CS-001087",56,"2025-09-17","Terminal Fault","P1 - Critical","terminal_fault","Restaurant in Athens reports their terminal Clover Flex 3500 successfully authorizes transactions but fails to print merchant copy receipts, only producing customer copies. This creates end-of-day reconciliation difficulties and has resulted in 4-day backlog of unverified transactions totaling approximately €12,400."
"CS-001088",67505,"2025-09-28","Terminal Fault","P2 - High","terminal_fault","Terminal PAX A77 at newsagent in Brussels shows persistent ""memory full"" error and refuses to process new transactions until batch settlement completes. However, settlement process fails repeatedly, leaving 89 transactions in terminal memory and preventing any new payments since yesterday afternoon."
"CS-001089",320955,"2025-08-06","Terminal Fault","P1 - Critical","terminal_fault","Merchant operating gift shop in Valencia reports their Clover Station Duo terminal accepts card insertions but displays ""card read error"" for all chip transactions regardless of card scheme or issuer. Contactless payments function normally but transaction limit of €50 prevents processing of higher-value purchases, affecting 12 transactions today totaling €780."
"CS-001090",9941,"2025-07-13","Terminal Fault","P2 - High","terminal_fault","Terminal Clover Flex 3500 at medical clinic in Amsterdam displays incorrect date as 01/01/2020 and refuses to process transactions, returning ""invalid date"" error. Merchant reports this began after power outage last night and has prevented processing of 6 patient payments this morning totaling €540."
"CS-001091",125652,"2025-06-23","Terminal Fault","P1 - Critical","terminal_fault","Merchant calling back regarding Clover Flex 5000 that continues to freeze during chip card reads. Original ticket from last Tuesday remains open but issue persists - they've now lost approximately €340 in abandoned transactions since Monday morning."
"CS-001092",433438,"2025-08-20","Terminal Fault","P2 - High","terminal_fault","Second contact this week about PAX A920 receipt printer jamming after every third transaction. Engineer visit scheduled for yesterday was cancelled without notice and merchant is manually writing receipts for customers, which is unsustainable during their Friday evening rush."
"CS-001093",1121974,"2025-06-02","Terminal Fault","P2 - High","terminal_fault","Follow-up on case opened 18th June - Clover Station Duo still displaying ""connection timeout"" error when attempting to settle batch at end of day. Merchant reports they're now three days behind on settlements totaling over €12,000 and is threatening to switch providers."
"CS-001094",1629242,"2025-08-19","Terminal Fault","P2 - High","terminal_fault","Merchant from Galway calling again about terminal not connecting to network via WiFi or ethernet. This is the fourth call since last Wednesday and the replacement device promised in previous case has not arrived. They've processed only cash transactions for 72 hours."
"CS-001095",143146,"2025-06-14","Terminal Fault","P2 - High","terminal_fault","Repeat issue with Clover Flex 5000 card reader - contactless function completely unresponsive as reported in case from 5 days ago. Remote troubleshooting attempted previously was unsuccessful and merchant now insists on immediate replacement before weekend trading begins."
"CS-001096",98,"2025-06-03","Terminal Fault","P2 - High","terminal_fault","Restaurant in Lyon calling back about PAX terminal that reboots randomly during payment processing. This has happened 6 times since our last conversation on Monday, including one incident where a €187 transaction was duplicated, causing customer complaint."
"CS-001097",1194866,"2025-06-09","Terminal Fault","P2 - High","terminal_fault","Second report this month regarding firmware update failure on Clover Station Duo. Terminal stuck on update screen for 48 hours despite following all reset procedures from previous case. Merchant unable to trade and requesting urgent on-site support."
"CS-001098",1079061,"2025-08-03","Terminal Fault","P1 - Critical","terminal_fault","Café owner in Berlin following up on unresolved printer issue from last Thursday - receipts printing completely blank despite new paper roll installation. They've had to provide handwritten receipts to approximately 200 customers and need resolution before Monday morning opening."
"CS-001099",98,"2025-07-05","Terminal Fault","P2 - High","terminal_fault","Merchant calling about same Clover Flex that was ""fixed"" remotely three days ago - device still shows ""communication error"" when processing Mastercard transactions specifically. Visa and Amex cards work fine but 40% of their customer base uses Mastercard."
"CS-001100",237588,"2025-06-07","Terminal Fault","P2 - High","terminal_fault","Follow-up contact regarding PAX A77 that continues to reject all chip card insertions after cleaning procedure recommended in previous case. Merchant reports contactless still works but many elderly customers prefer chip and PIN, affecting approximately €500 daily revenue."
"CS-001101",1260252,"2025-08-04","Terminal Fault","P2 - High","terminal_fault","Pharmacy in Amsterdam calling back - their Clover Station Duo is still displaying incorrect merchant ID on receipts as reported last week. Compliance concern remains unresolved and they've received two customer complaints about receipts not matching business name."
"CS-001102",575683,"2025-08-20","Terminal Fault","P2 - High","terminal_fault","Second call today from merchant whose Clover Flex 3500 battery drains completely within 90 minutes despite overnight charging. Previous case suggested replacement charging dock but this hasn't been dispatched yet and they need mobile terminal for market stall tomorrow."
"CS-001103",122231,"2025-08-14","Terminal Fault","P2 - High","terminal_fault","Retailer in Dublin following up on case from 6 days ago - terminal keypad still unresponsive for PIN entry on approximately every fifth transaction. They're having to cancel and retry repeatedly, causing queues and customer frustration during peak hours."
"CS-001104",551050,"2025-09-18","Terminal Fault","P2 - High","terminal_fault","Repeat contact about PAX terminal displaying ""invalid response code"" for all transactions over €50. Lower value payments process normally as noted in original case from Tuesday but this is a wine merchant whose average transaction is €75."
"CS-001105",2226,"2025-09-23","Terminal Fault","P2 - High","terminal_fault","Merchant calling again regarding Clover Station Duo that was supposedly reconfigured remotely last Friday - still cannot process refunds, only sales. They have three customers waiting for refunds totaling €340 and situation is becoming urgent."
"CS-001106",6994,"2025-08-06","Terminal Fault","P1 - Critical","terminal_fault","Follow-up on unresolved case about Clover Flex printing receipts in unreadable corrupted characters. Merchant tried firmware rollback as suggested in previous call but issue persists and they're now considering legal requirements around receipt provision."
"CS-001107",1745034,"2025-08-23","Terminal Fault","P2 - High","terminal_fault","Bakery in Brussels calling back about same network connectivity problem from last Wednesday - terminal connects for 10-15 minutes then drops connection requiring full reboot. This happened 8 times yesterday alone during morning rush between 7am and 9am."
"CS-001108",49684,"2025-06-20","Terminal Fault","P2 - High","terminal_fault","Second contact regarding PAX terminal that freezes completely when processing contactless payments over €25. Chip and PIN works fine as reported previously but contactless is preferred by most customers and merchant losing sales during lunch period."
"CS-001109",198478,"2025-06-13","Terminal Fault","P2 - High","terminal_fault","Restaurant owner in Porto following up on printer issue from 4 days ago - device now making grinding noise and producing torn receipts. Previous troubleshooting steps unsuccessful and they need working printer before Saturday dinner service when they expect 80+ covers."
"CS-001110",1354593,"2025-08-22","Terminal Fault","P2 - High","terminal_fault","Merchant calling about Clover Station Duo still showing ""software version mismatch"" error after attempted update in previous case. Device has been non-functional for 36 hours and they've calculated lost revenue at approximately €2,800 based on typical Thursday-Friday trading."
"CS-001111",1656418,"2025-08-18","Terminal Fault","P2 - High","terminal_fault","Repeat issue with Clover Flex randomly switching to demo mode mid-transaction. This has occurred 12 times since original report on Monday and requires supervisor password reset each time, which merchant doesn't have and we provided in last call but didn't work."
"CS-001112",1660410,"2025-08-04","Terminal Fault","P2 - High","terminal_fault","Grocery store in Athens calling back - their PAX device still cannot read any magnetic our previous provider cards as reported last week. While most transactions are chip or contactless, they serve tourists who sometimes have older cards and turned away 5 customers yesterday."
"CS-001113",172876,"2025-08-03","Terminal Fault","P1 - Critical","terminal_fault","Follow-up on case opened Tuesday regarding terminal that prints duplicate receipts for every transaction. Merchant now has angry customers claiming they've been charged twice, though backend shows single transactions. This is damaging their reputation and needs immediate resolution."
"CS-001114",1224,"2025-08-13","Terminal Fault","P1 - Critical","terminal_fault","Merchant in Milan calling again about Clover Station Duo that disconnects from power randomly despite secure cable connection checked in previous case. Device has shut down mid-transaction 4 times today including one €230 payment that's now in uncertain status."
"CS-001115",1240350,"2025-06-18","Terminal Fault","P1 - Critical","terminal_fault","Second call this week about Clover Flex displaying ""encryption key error"" and refusing all card types. Previous case escalated to technical team but merchant has heard nothing and cannot process any payments for third consecutive day, threatening business viability."
"CS-001116",9529,"2025-07-27","Terminal Fault","P2 - High","terminal_fault","Merchant in Dublin reports terminal model V400c not connecting to network since 09:30 this morning. Tried power cycle twice, no change. Escalating to tech team."
"CS-001117",1,"2025-06-04","Terminal Fault","P1 - Critical","terminal_fault","Receipt printer on PAX A920 cutting off last 3 lines of customer receipts. Merchant says issue started yesterday afternoon, affecting approximately 40 transactions so far."
"CS-001118",1801089,"2025-07-13","Terminal Fault","P2 - High","terminal_fault","Terminal at café in Lyon won't read chip cards as of Wednesday morning. Contactless still works fine. Merchant processed €847 in contactless-only sales today."
"CS-001119",129009,"2025-09-24","Terminal Fault","P2 - High","terminal_fault","Device showing firmware version 2.3.1 but should be on 2.4.5 according to fleet management system. Auto-update failed three times overnight."
"CS-001120",438640,"2025-09-10","Terminal Fault","P2 - High","terminal_fault","Berlin restaurant reports their terminal completely unresponsive since Saturday evening service. Screen black, no lights, won't power on even after charging overnight."
"CS-001121",122555,"2025-08-07","Terminal Fault","P2 - High","terminal_fault","Intermittent connection drops on Clover Flex 5000 in Amsterdam. Merchant says it disconnects mid-transaction roughly every 10th payment, been happening for two days."
"CS-001122",137,"2025-07-19","Terminal Fault","P2 - High","terminal_fault","Card reader module appears physically damaged on inspection. Merchant in Porto admits device was dropped yesterday. Arranging replacement unit."
"CS-001123",430010,"2025-07-11","Terminal Fault","P2 - High","terminal_fault","Terminal printing blank receipts since this morning. Tested paper roll, it's loaded correctly. Software issue suspected, pushing config update."
"CS-001124",1060526,"2025-08-19","Terminal Fault","P2 - High","terminal_fault","Merchant called about Mastercard transactions declining with error code 907 since 11:00. Visa and Amex working normally. Network routing issue identified."
"CS-001125",400691,"2025-07-21","Terminal Fault","P2 - High","terminal_fault","Device in Athens showing incorrect merchant ID on receipts after yesterday's batch settlement. Needs reconfiguration with correct parameters."
"CS-001126",6039,"2025-08-09","Terminal Fault","P2 - High","terminal_fault","PAX terminal stuck on boot screen displaying logo only. Merchant in Brussels reports it's been like this since opening at 08:00. Hard reset attempted, no improvement."
"CS-001127",48665,"2025-08-12","Terminal Fault","P2 - High","terminal_fault","Contactless reader not responding on Clover Station Duo. Chip and PIN works fine. Merchant processed €1,240 in chip transactions today but losing contactless customers."
"CS-001128",96891,"2025-06-05","Terminal Fault","P2 - High","terminal_fault","Printer mechanism jammed on terminal at Vienna bakery. Merchant can hear motor running but paper won't feed. Likely needs hardware replacement."
"CS-001129",1152921,"2025-08-01","Terminal Fault","P2 - High","terminal_fault","Software version mismatch causing settlement batch to fail. Terminal shows v3.2 but gateway expects v3.4 or higher. Scheduling overnight update."
"CS-001130",1324149,"2025-08-19","Terminal Fault","P2 - High","terminal_fault","Terminal in Galway displaying ""Tamper Detected"" error and locked itself. Device needs to be decommissioned and replaced immediately per security protocol."
"CS-001131",432478,"2025-08-20","Terminal Fault","P2 - High","terminal_fault","Merchant reports terminal randomly rebooting 4-5 times per day since Monday. Happens during idle periods, not mid-transaction. Checking for overheating or power supply fault."
"CS-001132",535847,"2025-08-02","Terminal Fault","P1 - Critical","terminal_fault","Card reader slot physically blocked, merchant in Barcelona found debris inside. Advised not to use until replacement arrives tomorrow."
"CS-001133",636131,"2025-08-16","Terminal Fault","P2 - High","terminal_fault","Network settings corrupted after power outage in Lisbon area. Terminal can't obtain IP address. Walking merchant through manual network configuration now."
"CS-001134",477732,"2025-08-18","Terminal Fault","P1 - Critical","terminal_fault","Receipt printer working but printing extremely faint text. Merchant changed paper roll, no improvement. Thermal print head likely failing after 18 months heavy use."
"CS-001135",45284,"2025-09-12","Terminal Fault","P2 - High","terminal_fault","Terminal at German petrol station showing wrong currency symbol on screen. Displaying £ instead of €. Configuration error after recent software push."
"CS-001136",626634,"2025-07-23","Terminal Fault","P2 - High","terminal_fault","Clover Flex 5000 in Cork not accepting any cards since 14:30. Screen responsive, network connected, but reader completely dead. Replacement authorized."
"CS-001137",202662,"2025-07-25","Terminal Fault","P1 - Critical","terminal_fault","Firmware update failed halfway through, terminal now in recovery mode. Merchant in Antwerp unable to process any payments. Remote recovery being attempted."
"CS-001138",501630,"2025-08-04","Terminal Fault","P2 - High","terminal_fault","Printer cuts receipt paper at wrong position, leaving transaction details on the roll. Started after merchant loaded new paper brand. Sensor calibration needed."
"CS-001139",654340,"2025-07-05","Terminal Fault","P1 - Critical","terminal_fault","Terminal in Milan processing transactions successfully but not storing them for end-of-day batch. 23 transactions from today missing from settlement queue."
"CS-001140",720384,"2025-08-09","Terminal Fault","P1 - Critical","terminal_fault","Device keeps prompting for supervisor password after routine restart. Merchant in Nice never set one. Factory reset required, will lose custom settings."
"CS-001141",165621,"2025-08-22","Terminal Fault","P2 - High","terminal_fault","Merchant reports Clover Flex terminal at checkout position 2 intermittently loses WiFi connection during peak hours (12:00-14:00 CET), causing approximately 15-20 transaction timeouts per day. Device shows error code E155 on display before disconnecting, requiring full power cycle to restore connectivity. Firmware version currently running is v10.45.2 and merchant confirms router signal strength is adequate at -45dBm."
"CS-001142",1444420,"2025-08-03","Terminal Fault","P1 - Critical","terminal_fault","PAX A920 terminal failing to print receipts since Tuesday morning; merchant states paper roll is correctly loaded and not jammed, but printer motor makes grinding noise for 3 seconds then stops. Tested transaction of €47.50 completed successfully with Mastercard but no receipt output. Device logs show printer hardware fault code PRT_ERR_08 recurring across last 73 transactions."
"CS-001143",457533,"2025-07-24","Terminal Fault","P2 - High","terminal_fault","Clover Station Duo contactless reader completely unresponsive to card taps since 08:30 this morning; chip insert transactions processing normally with average response time of 4.2 seconds. Merchant attempted factory reset via service menu but contactless antenna still not detecting any NFC cards within 5cm range. Terminal running software version VHQ3.08.15 deployed three weeks ago."
"CS-001144",1763116,"2025-08-03","Terminal Fault","P2 - High","terminal_fault","Merchant in Dublin reports Clover Flex displaying ""Connection Timeout"" message when attempting to initialize at store opening (06:45 GMT). Ethernet cable tested and confirmed functional, static IP configuration matches documentation (192.168.1.47), but terminal cannot reach payment gateway. Device has been operational for 14 months without prior connectivity issues; last successful transaction was €156.80 Visa Debit yesterday at 19:23."
"CS-001145",502568,"2025-08-05","Terminal Fault","P2 - High","terminal_fault","Receipt printer on Clover Flex producing blank receipts for all transaction types since Wednesday afternoon; thermal paper is OEM-approved 57mm width and merchant confirms print head is clean. Test print from diagnostic menu also outputs blank paper. Device processed €3,847.20 across 64 transactions today but customers receiving no printed confirmation. Printer ribbon cable may require reseating or print head replacement needed."
"CS-001146",135392,"2025-07-09","Terminal Fault","P1 - Critical","terminal_fault","PAX S920 terminal at café location shows ""Card Read Error"" for approximately 60% of chip card insertions; contactless transactions under €50 working without issue. Merchant reports problem began after power outage on Sunday evening. Chip reader slot inspected remotely via photos—no visible debris or damage. Error occurs with all card schemes including Visa, Mastercard, and Maestro. Device may require chip reader module replacement."
"CS-001147",36735,"2025-09-16","Terminal Fault","P2 - High","terminal_fault","Clover Station Duo stuck in continuous reboot loop since 11:20 CET; device displays boot logo, progresses to ""Loading..."" screen, then restarts after approximately 45 seconds. Merchant unable to access any menus or process transactions. Terminal was functioning normally during morning rush (07:00-09:30) processing 38 transactions totaling €412.60. Suspected corrupted firmware requiring emergency reflash or device swap."
"CS-001148",33,"2025-08-07","Terminal Fault","P2 - High","terminal_fault","Merchant reports Clover Flex basestation loses connection to portable terminal when cashier moves beyond 8 meters, despite manufacturer specification of 15-meter range. Bluetooth pairing appears stable but transaction data fails to transmit, resulting in ""Communication Error"" on portable unit. Issue affecting approximately 25% of transactions during lunch service. Base station firmware v2.14.6, portable unit v2.14.8—version mismatch may be contributing factor."
"CS-001149",44817,"2025-09-06","Terminal Fault","P1 - Critical","terminal_fault","PAX A77 terminal displays ""Tamper Detected"" error message and refuses to process any transactions since opening this morning at 09:00. Device physically inspected by merchant—no signs of damage or unauthorized access. Last transaction was €23.45 Mastercard contactless yesterday at 17:42 without issues. Security seal intact on rear panel. Terminal locked in secure mode and requires authorized technician reset or full replacement."
"CS-001150",1085420,"2025-06-14","Terminal Fault","P1 - Critical","terminal_fault","Clover Station Duo receipt printer cutting paper incorrectly, leaving 15-20cm of blank paper after each transaction receipt. Merchant reports paper waste becoming significant cost issue with approximately 180 transactions daily. Auto-cutter mechanism activating at wrong position. Printer settings checked via terminal menu—cut position parameter shows default value of 12 lines. Software version VX_APP_v6.3.22 installed two months ago; issue started one week ago."
"CS-001151",178738,"2025-06-20","Terminal Fault","P2 - High","terminal_fault","Clover Flex terminal at checkout 1 intermittently displays ""Pinpad Error"" when customers attempt to enter PIN for transactions over €50. Error occurs randomly—approximately 1 in 8 transactions affected. Merchant must void transaction and retry, with second attempt usually successful. Keypad physically responsive and all buttons register when tested in diagnostic mode. Issue logged across 11 failed transaction attempts today totaling €847.30 in delayed sales."
"CS-001152",318310,"2025-07-05","Terminal Fault","P2 - High","terminal_fault","Merchant in Amsterdam reports PAX S300 integrated terminal not communicating with POS system since software update deployed Monday night. POS sends transaction request (visible in logs) but terminal displays ""Idle"" status and does not prompt for card. Serial connection verified at 9600 baud, COM port settings correct. Standalone terminal test mode processes €1.00 test transaction successfully, indicating issue with POS-terminal integration layer."
"CS-001153",99200,"2025-06-26","Terminal Fault","P2 - High","terminal_fault","Clover Station Duo contactless reader accepting transactions but failing to complete handshake approximately 40% of the time, requiring customer to tap card 2-3 times. Merchant reports customer complaints increasing, particularly during Saturday peak hours (10:00-16:00). Transactions under €25 affected more frequently than higher amounts. Contactless antenna sensitivity may have degraded. Device processed 247 transactions last week with 94 requiring multiple tap attempts."
"CS-001154",907025,"2025-09-18","Terminal Fault","P2 - High","terminal_fault","Clover Flex portable terminal battery draining completely within 90 minutes of full charge, down from normal 8-hour operational window. Merchant confirms battery is original equipment (device 11 months old) and charging cradle LED indicates full charge achieved. Terminal unusable for mobile payment collection at customer tables. Device logs show battery health at 34% capacity. Battery replacement required urgently for restaurant operation."
"CS-001155",526053,"2025-09-07","Terminal Fault","P1 - Critical","terminal_fault","PAX A920 terminal screen unresponsive to touch input in bottom-right quadrant (approximately 3cm x 4cm area) affecting ability to select certain menu options and confirm transactions. Merchant reports issue began gradually over past two weeks, now impacting approximately 15% of transactions requiring that screen area. Touchscreen calibration attempted via service menu without improvement. Device processed €12,450.80 last week across 312 transactions with workaround delays."
"CS-001156",26,"2025-08-15","Terminal Fault","P2 - High","terminal_fault","Merchant reports Clover Station Duo displaying ""Invalid Response Code 909"" for all Maestro card transactions since Thursday morning; Visa and Mastercard processing normally. Tested with multiple Maestro cards—all declined with same error code. Terminal configuration parameters checked—Maestro enabled in card scheme settings. Last successful Maestro transaction was €67.20 on Wednesday at 15:34. Gateway communication logs show malformed response packets for Maestro BIN ranges only."
"CS-001157",74868,"2025-08-27","Terminal Fault","P1 - Critical","terminal_fault","Clover Flex terminal firmware update initiated yesterday evening failed at 73% completion, leaving device in non-operational state displaying ""Update Error - Contact Support."" Merchant unable to process any transactions since 18:45 last night. Device was running stable firmware v10.42.1 before attempted upgrade to v10.48.0. Recovery mode accessible but merchant lacks credentials to perform emergency firmware rollback. Immediate device replacement or on-site technical intervention required."
"CS-001158",161601,"2025-07-24","Terminal Fault","P2 - High","terminal_fault","PAX S920 terminal receipt printer producing faded, barely legible receipts despite new thermal paper roll installed this morning. Print density setting checked and set to maximum level 5. Merchant estimates printer has processed approximately 45,000 receipts over 16-month operational period. Test print shows uneven fading across receipt width, darker on left edge. Thermal print head likely worn and requires replacement. Device otherwise processing transactions normally—€2,340.50 across 67 transactions today."
"CS-001159",1381652,"2025-06-07","Terminal Fault","P2 - High","terminal_fault","Clover Station Duo terminal keypad button ""5"" requires excessive pressure to register input, causing customer PIN entry failures and transaction abandonment. Merchant reports 8 failed transactions this morning alone, totaling €394.60 in lost sales. Button physically intact but tactile response noticeably different from other keys. Device 22 months in service. Keypad membrane degradation suspected. Terminal requires replacement as keypad not field-serviceable component."
"CS-001160",52967,"2025-09-21","Terminal Fault","P1 - Critical","terminal_fault","Merchant in Berlin reports Clover Flex displaying German language interface despite configuration set to English in terminal settings. Language reverts to German after each reboot. Merchant staff not fluent in German, causing operational delays and confusion during transaction processing. Configuration file appears to reset to default locale settings. Device running firmware v11.02.4. Parameter injection from central management system may be overriding local settings. Requires configuration lock or firmware patch."
"CS-001161",18956,"2025-06-03","Terminal Fault","P2 - High","terminal_fault","PAX A77 terminal experiencing 8-12 second delay between card removal and transaction approval message, significantly longer than normal 2-3 second response time. Merchant reports customer complaints about wait times, particularly impacting queue flow during morning rush (07:30-09:00) with 40-50 transactions per hour. Network latency tests show 45ms ping to gateway—within acceptable range. Terminal processing logs indicate delay occurring during local transaction validation phase before gateway submission. Software optimization or device replacement recommended."
"CS-001162",1323963,"2025-09-13","Terminal Fault","P2 - High","terminal_fault","Clover Station Duo terminal randomly powers off during transaction processing, occurring 3-4 times daily without pattern. Merchant reports power supply firmly connected, outlet tested with multimeter showing stable 230V AC. Device restarts automatically after 10-15 seconds but transaction data lost, requiring void and retry. Issue logged across transactions ranging from €8.50 to €178.00, affecting all card types. Internal power supply component failure suspected. Device requires immediate replacement to prevent transaction data corruption."
"CS-001163",35,"2025-09-06","Terminal Fault","P2 - High","terminal_fault","Clover Flex terminal displaying ""Memory Full"" error message and refusing to process new transactions since 14:30 today. Merchant reports device has not been cleared or settled for 6 days due to staff oversight. Transaction log shows 1,847 stored transactions totaling €43,256.90 awaiting batch settlement. End-of-day settlement process initiated remotely but failing with timeout error after 4 minutes. Terminal memory capacity exceeded. Manual transaction purge required or forced settlement in smaller batches."
"CS-001164",3760,"2025-07-13","Terminal Fault","P2 - High","terminal_fault","Merchant reports PAX S300 terminal Ethernet port physically damaged—cable no longer clicks into place and connection drops when cable moved. Device currently operational only when cable held at specific angle and taped in position. Merchant suspects cleaning staff accidentally kicked cable connection during weekend cleaning. WiFi adapter not available for this terminal model. Temporary solution unstable—device disconnected 6 times today during transaction processing. Hardware replacement required; Ethernet port not field-repairable."
"CS-001165",20121,"2025-07-14","Terminal Fault","P1 - Critical","terminal_fault","Clover Station Duo terminal contactless reader intermittently reading cards as chip-insert transactions, prompting customers to insert card despite successful contactless tap. Occurs approximately 20% of contactless attempts, causing customer confusion and transaction delays. Merchant reports issue began after firmware update v4.12.09 deployed last Tuesday. Contactless transactions under €30 affected more frequently. Card detection logic may be misidentifying NFC communication as chip presence. Firmware rollback to v4.11.15 or patch deployment recommended."
"CS-001166",130145,"2025-07-06","Terminal Fault","P1 - Critical","terminal_fault","Terminal won't connect to network since this morning. Tried rebooting three times already, still nothing. Need this fixed NOW, Saturday is our busiest day."
"CS-001167",845953,"2025-08-21","Terminal Fault","P2 - High","terminal_fault","Card reader completely dead on the Clover Flex. Won't read chip, won't read contactless, nothing. Lost €340 in sales already this afternoon because customers don't have cash."
"CS-001168",406392,"2025-09-14","Terminal Fault","P2 - High","terminal_fault","Receipt printer jammed again, third time this week. Keeps spitting out blank paper then stops completely. Can't give customers receipts and they're getting annoyed."
"CS-001169",321111,"2025-09-18","Terminal Fault","P2 - High","terminal_fault","Device keeps saying ""software update required"" but when I try to update it just freezes at 47%. Been like this since Tuesday morning."
"CS-001170",111841,"2025-09-27","Terminal Fault","P1 - Critical","terminal_fault","Mastercard transactions failing all day but Visa works fine. Makes no sense. Already had to turn away four customers."
"CS-001171",681922,"2025-08-10","Terminal Fault","P2 - High","terminal_fault","Terminal screen is frozen on the startup logo. Won't respond to any buttons. Unplugged it for 10 minutes, still the same problem when I plug it back in."
"CS-001172",114303,"2025-08-27","Terminal Fault","P2 - High","terminal_fault","Contactless stopped working yesterday evening around 6pm. Chip and PIN still works but everyone wants to tap nowadays. Losing business over this."
"CS-001173",475359,"2025-08-05","Terminal Fault","P1 - Critical","terminal_fault","Printer cutting off the last two lines of every receipt. Customer can't see the full amount or signature line. This is unacceptable."
"CS-001174",62056,"2025-07-02","Terminal Fault","P2 - High","terminal_fault","Network connection drops every 15-20 minutes. Have to reboot the terminal each time. Can't run a business like this during lunch rush."
"CS-001175",637,"2025-08-24","Terminal Fault","P2 - High","terminal_fault","Firmware version showing as 2.3.1 but your tech support said we need 2.4.5 minimum for the new security requirements. How do I update this thing?"
"CS-001176",28067,"2025-08-11","Terminal Fault","P1 - Critical","terminal_fault","Terminal making weird beeping noise and screen says ""tamper detected"" but nobody has touched it. Now it won't process any transactions at all."
"CS-001177",220346,"2025-09-09","Terminal Fault","P1 - Critical","terminal_fault","Card reader slot has something stuck in it, won't accept cards properly. Tried to clear it but can't see anything. Need replacement unit urgently."
"CS-001178",965959,"2025-08-10","Terminal Fault","P1 - Critical","terminal_fault","Been getting ""connection timeout"" errors since Wednesday. WiFi is working fine, other devices connect no problem. Just this terminal acting up."
"CS-001179",1292675,"2025-08-20","Terminal Fault","P1 - Critical","terminal_fault","Clover Station Duo won't turn on at all. Charged it overnight, still completely dead. Green light shows when plugged in but screen stays black."
"CS-001180",1009116,"2025-06-04","Terminal Fault","P2 - High","terminal_fault","Printer out of paper error even though I just loaded a new roll. Checked everything, paper is loaded correctly. Software issue maybe?"
"CS-001181",185014,"2025-09-13","Terminal Fault","P2 - High","terminal_fault","Transaction went through but terminal froze before printing receipt. Customer's bank charged them €67.50 but I have no record of it. What do I do?"
"CS-001182",267325,"2025-08-19","Terminal Fault","P2 - High","terminal_fault","Contactless limit still showing €25 but should be €50 now. Customers getting declined when they try to pay €40-45 without PIN."
"CS-001183",1315077,"2025-08-03","Terminal Fault","P2 - High","terminal_fault","Terminal keeps rebooting itself randomly, sometimes in the middle of a transaction. Happened five times today already. This is costing me money."
"CS-001184",59935,"2025-09-22","Terminal Fault","P2 - High","terminal_fault","Can't connect to the network after we changed our router last weekend. WiFi password is entered correctly, just won't connect."
"CS-001185",46482,"2025-08-15","Terminal Fault","P1 - Critical","terminal_fault","Screen cracked somehow, still works but customers are worried about using it. Looks unprofessional. Need replacement before health inspector comes Friday."
"CS-001186",30929,"2025-07-21","Terminal Fault","P2 - High","terminal_fault","Getting ""invalid merchant ID"" error since this morning. Nothing has changed on our end. Worked perfectly fine yesterday, processed 43 transactions."
"CS-001187",1214848,"2025-07-20","Terminal Fault","P2 - High","terminal_fault","Printer roller not feeding paper through properly. Receipt comes out all crumpled and unreadable. Started happening after yesterday's software update."
"CS-001188",3083,"2025-08-23","Terminal Fault","P2 - High","terminal_fault","Terminal worked fine all morning then suddenly started declining all cards after 2pm. Error message says ""contact acquirer"" but I'm calling you and nobody answers."
"CS-001189",867349,"2025-08-21","Terminal Fault","P1 - Critical","terminal_fault","Clover Flex battery dies after 20 minutes even though it's fully charged. Used to last all day. Only had this unit for eight months."
"CS-001190",1724168,"2025-08-26","Terminal Fault","P2 - High","terminal_fault","Card reader light stays red, won't go green when I insert a card. Tried cleaning it with the card you sent us, no improvement. Need this sorted today."
"CS-001191",1038910,"2025-08-18","Terminal Fault","P2 - High","terminal_fault","Merchant reports terminal PAX A920 failed to connect to network on Tuesday morning at 09:15, resulting in inability to process €847.50 in attempted Mastercard transactions during peak business hours. Finance team requires immediate resolution as daily reconciliation cannot be completed without these transactions."
"CS-001192",923762,"2025-08-11","Terminal Fault","P1 - Critical","terminal_fault","Card reader on Clover Flex 5000 unit became unresponsive Wednesday afternoon at 14:30, causing merchant to lose €1,240.00 in potential Visa sales over three-hour period. Device requires replacement or firmware update to restore functionality before weekend trading."
"CS-001193",53392,"2025-09-17","Terminal Fault","P1 - Critical","terminal_fault","Receipt printer malfunction on Clover Station Duo terminal has prevented merchant from providing customer receipts since Monday 08:00, affecting approximately 67 transactions totaling €3,456.78. Merchant's accountant insists on printed receipts for audit trail purposes."
"CS-001194",5106,"2025-09-15","Terminal Fault","P1 - Critical","terminal_fault","Terminal connectivity issue on PAX A77 device resulted in failed authorization attempts for four transactions on Thursday between 11:20 and 11:45, including one Amex payment of €892.30. Merchant requires technical support to restore connection before month-end reconciliation deadline."
"CS-001195",557100,"2025-06-12","Terminal Fault","P2 - High","terminal_fault","Clover Flex 5000 terminal displays firmware version 8.2.1 but requires upgrade to version 9.1.3 to process contactless transactions above €50.00. Merchant reports losing €2,100.00 in sales on Friday due to customers unable to complete high-value tap payments."
"CS-001196",141,"2025-06-25","Terminal Fault","P1 - Critical","terminal_fault","Receipt printer on Clover Station Duo has been jamming since Tuesday morning, with merchant manually recording 34 transactions worth €1,678.45 for accounting purposes. Finance department requires functioning printer restored by end of business day for VAT documentation."
"CS-001197",93484,"2025-08-15","Terminal Fault","P2 - High","terminal_fault","PAX S920 terminal lost network connectivity on Saturday at 16:40 during busiest trading period, preventing processing of estimated €4,200.00 in weekend sales. Device shows error code E503 and requires immediate reconfiguration to restore service."
"CS-001198",59054,"2025-08-06","Terminal Fault","P2 - High","terminal_fault","Card reader on Clover Flex 3500 stopped accepting chip insertions on Wednesday at 10:15, forcing merchant to process €956.20 in manual card-not-present transactions with higher fees. Terminal needs replacement before quarterly financial review next week."
"CS-001199",1474171,"2025-08-09","Terminal Fault","P1 - Critical","terminal_fault","Clover Station Duo terminal firmware version 12.4.2 incompatible with new payment gateway update deployed Monday, resulting in 23 declined transactions totaling €1,834.67. Merchant's bookkeeper requires urgent software patch to reconcile daily accounts."
"CS-001200",52652,"2025-08-27","Terminal Fault","P2 - High","terminal_fault","Receipt printer failure on PAX A920 since Thursday morning has affected 89 transactions worth €5,234.90, creating significant administrative burden for finance team processing expense claims. Merchant requests replacement device shipped overnight."
